-- phpMyAdmin SQL Dump
-- version 5.2.3
-- https://www.phpmyadmin.net/
--
-- Host: mysql:3306
-- Generation Time: Jun 03, 2026 at 01:49 PM
-- Server version: 8.0.46
-- PHP Version: 8.3.26

SET SQL_MODE = "NO_AUTO_VALUE_ON_ZERO";
START TRANSACTION;
SET time_zone = "+00:00";


/*!40101 SET @OLD_CHARACTER_SET_CLIENT=@@CHARACTER_SET_CLIENT */;
/*!40101 SET @OLD_CHARACTER_SET_RESULTS=@@CHARACTER_SET_RESULTS */;
/*!40101 SET @OLD_COLLATION_CONNECTION=@@COLLATION_CONNECTION */;
/*!40101 SET NAMES utf8mb4 */;

--
-- Database: `petanque_db`
--

-- --------------------------------------------------------

--
-- Table structure for table `audit_logs`
--

CREATE TABLE IF NOT EXISTS `audit_logs` (
  `id` bigint UNSIGNED NOT NULL,
  `user_id` varchar(36) DEFAULT NULL,
  `action` varchar(100) NOT NULL COMMENT 'CREATE, UPDATE, DELETE, LOGIN, etc.',
  `entity_type` varchar(100) NOT NULL COMMENT 'booking, ball, field, user, post',
  `entity_id` varchar(36) DEFAULT NULL,
  `old_values` json DEFAULT NULL,
  `new_values` json DEFAULT NULL,
  `ip_address` varchar(45) DEFAULT NULL,
  `user_agent` text,
  `created_at` datetime NOT NULL DEFAULT CURRENT_TIMESTAMP
) ENGINE=InnoDB DEFAULT CHARSET=utf8mb4 COLLATE=utf8mb4_0900_ai_ci;

--
-- Dumping data for table `audit_logs`
--

INSERT IGNORE INTO `audit_logs` (`id`, `user_id`, `action`, `entity_type`, `entity_id`, `old_values`, `new_values`, `ip_address`, `user_agent`, `created_at`) VALUES
(1, '00000000-0000-0000-0000-000000000001', 'LOGIN', 'user', '00000000-0000-0000-0000-000000000001', NULL, NULL, '::1', 'Mozilla/5.0 (Windows NT 10.0; Win64; x64) AppleWebKit/537.36 (KHTML, like Gecko) Chrome/147.0.0.0 Safari/537.36', '2026-04-23 10:43:29'),
(2, '00000000-0000-0000-0000-000000000001', 'LOGIN', 'user', '00000000-0000-0000-0000-000000000001', NULL, NULL, '::1', 'Mozilla/5.0 (Windows NT 10.0; Win64; x64) AppleWebKit/537.36 (KHTML, like Gecko) Chrome/147.0.0.0 Safari/537.36', '2026-04-23 11:26:34'),
(3, '00000000-0000-0000-0000-000000000001', 'CREATE', 'field', 'ffcadcd5-62ac-4afc-b299-900985bd8f77', NULL, '{\"name\": \"สนามที่ 1\"}', '::1', NULL, '2026-04-23 11:27:34'),
(4, '00000000-0000-0000-0000-000000000001', 'CREATE', 'ball', 'bfcab15a-3a74-49f9-b179-1c78fe1e8bf6', NULL, NULL, NULL, NULL, '2026-04-23 11:29:01'),
(5, '00000000-0000-0000-0000-000000000001', 'LOGIN', 'user', '00000000-0000-0000-0000-000000000001', NULL, NULL, '::1', 'Mozilla/5.0 (Windows NT 10.0; Win64; x64) AppleWebKit/537.36 (KHTML, like Gecko) Chrome/147.0.0.0 Safari/537.36', '2026-04-23 12:14:26'),
(6, '00000000-0000-0000-0000-000000000001', 'LOGIN', 'user', '00000000-0000-0000-0000-000000000001', NULL, NULL, '::1', 'Mozilla/5.0 (Windows NT 10.0; Win64; x64) AppleWebKit/537.36 (KHTML, like Gecko) Chrome/147.0.0.0 Safari/537.36', '2026-04-23 12:16:08'),
(7, '00000000-0000-0000-0000-000000000001', 'UPDATE_ROLE', 'user', 'f8a4e430-da62-411f-9bc3-8079e29f33d5', '{\"role\": \"pending\"}', '{\"role\": \"user\"}', '::1', NULL, '2026-04-23 12:16:13'),
(8, 'f8a4e430-da62-411f-9bc3-8079e29f33d5', 'LOAN', 'ball', 'bfcab15a-3a74-49f9-b179-1c78fe1e8bf6', NULL, NULL, NULL, NULL, '2026-04-23 13:04:15'),
(9, 'f8a4e430-da62-411f-9bc3-8079e29f33d5', 'RETURN', 'ball', 'bfcab15a-3a74-49f9-b179-1c78fe1e8bf6', NULL, NULL, NULL, NULL, '2026-04-23 13:07:10'),
(10, '00000000-0000-0000-0000-000000000001', 'UPDATE', 'ball', 'bfcab15a-3a74-49f9-b179-1c78fe1e8bf6', NULL, NULL, NULL, NULL, '2026-04-23 13:14:48'),
(11, '00000000-0000-0000-0000-000000000001', 'UPDATE', 'ball', 'bfcab15a-3a74-49f9-b179-1c78fe1e8bf6', NULL, NULL, NULL, NULL, '2026-04-23 13:18:00'),
(12, 'f8a4e430-da62-411f-9bc3-8079e29f33d5', 'LOAN_REQUEST', 'ball', 'bfcab15a-3a74-49f9-b179-1c78fe1e8bf6', NULL, NULL, NULL, NULL, '2026-04-23 13:22:18'),
(13, '00000000-0000-0000-0000-000000000001', 'APPROVE_LOAN', 'ball_loan', 'a3d473fb-1ff1-4a25-bad3-dda1d255823c', NULL, NULL, NULL, NULL, '2026-04-23 13:25:13'),
(14, 'f8a4e430-da62-411f-9bc3-8079e29f33d5', 'RETURN', 'ball', 'bfcab15a-3a74-49f9-b179-1c78fe1e8bf6', NULL, NULL, NULL, NULL, '2026-04-23 13:25:50'),
(15, '00000000-0000-0000-0000-000000000001', 'CREATE', 'ball', '5fe80a68-7f65-48dc-af59-31aea27457be', NULL, NULL, NULL, NULL, '2026-04-23 13:30:00'),
(16, '00000000-0000-0000-0000-000000000001', 'CREATE', 'field', 'c2a6f40a-5813-4134-9f9b-7bd6e3cd1c22', NULL, '{\"name\": \"สนามที่ 2\"}', '::1', NULL, '2026-04-23 13:30:30'),
(17, '00000000-0000-0000-0000-000000000001', 'LOGIN', 'user', '00000000-0000-0000-0000-000000000001', NULL, NULL, '::1', 'Mozilla/5.0 (Windows NT 10.0; Win64; x64) AppleWebKit/537.36 (KHTML, like Gecko) Chrome/147.0.0.0 Safari/537.36', '2026-04-23 14:24:08'),
(18, '00000000-0000-0000-0000-000000000001', 'LOGIN', 'user', '00000000-0000-0000-0000-000000000001', NULL, NULL, '::1', 'Mozilla/5.0 (Macintosh; Intel Mac OS X 10_15_7) AppleWebKit/605.1.15 (KHTML, like Gecko) Version/26.3 Safari/605.1.15', '2026-04-23 14:24:44'),
(19, '00000000-0000-0000-0000-000000000001', 'CREATE', 'ball', '89558ba6-ec1e-456e-875e-c6655ecc63cd', NULL, NULL, NULL, NULL, '2026-04-23 14:27:02'),
(20, '00000000-0000-0000-0000-000000000001', 'UPDATE', 'ball', '89558ba6-ec1e-456e-875e-c6655ecc63cd', NULL, NULL, NULL, NULL, '2026-04-23 14:27:24'),
(21, '00000000-0000-0000-0000-000000000001', 'LOGIN', 'user', '00000000-0000-0000-0000-000000000001', NULL, NULL, '::1', 'Mozilla/5.0 (Windows NT 10.0; Win64; x64) AppleWebKit/537.36 (KHTML, like Gecko) Chrome/147.0.0.0 Safari/537.36', '2026-04-23 16:03:02'),
(22, '02dc9a27-937d-4939-beae-cddec32ab76c', 'REGISTER', 'user', '02dc9a27-937d-4939-beae-cddec32ab76c', NULL, '{\"email\": \"khlifa@ubu.ac.th\", \"username\": \"fkhalifa\", \"last_name\": \"ไพดี\", \"first_name\": \"ศุภโชค\"}', '::1', NULL, '2026-04-24 08:25:01'),
(23, '02dc9a27-937d-4939-beae-cddec32ab76c', 'LOGIN', 'user', '02dc9a27-937d-4939-beae-cddec32ab76c', NULL, NULL, '::1', 'Mozilla/5.0 (Windows NT 10.0; Win64; x64) AppleWebKit/537.36 (KHTML, like Gecko) Chrome/147.0.0.0 Safari/537.36', '2026-04-24 08:25:13'),
(24, '00000000-0000-0000-0000-000000000001', 'LOGIN', 'user', '00000000-0000-0000-0000-000000000001', NULL, NULL, '::1', 'Mozilla/5.0 (Windows NT 10.0; Win64; x64) AppleWebKit/537.36 (KHTML, like Gecko) Chrome/147.0.0.0 Safari/537.36', '2026-04-24 08:26:05'),
(25, '00000000-0000-0000-0000-000000000001', 'LOGIN', 'user', '00000000-0000-0000-0000-000000000001', NULL, NULL, '::1', 'Mozilla/5.0 (Windows NT 10.0; Win64; x64) AppleWebKit/537.36 (KHTML, like Gecko) Chrome/147.0.0.0 Safari/537.36', '2026-04-24 08:45:22'),
(26, '02dc9a27-937d-4939-beae-cddec32ab76c', 'LOGIN', 'user', '02dc9a27-937d-4939-beae-cddec32ab76c', NULL, NULL, '::1', 'Mozilla/5.0 (Windows NT 10.0; Win64; x64) AppleWebKit/537.36 (KHTML, like Gecko) Chrome/147.0.0.0 Safari/537.36', '2026-04-24 08:46:02'),
(27, '02dc9a27-937d-4939-beae-cddec32ab76c', 'LOGIN', 'user', '02dc9a27-937d-4939-beae-cddec32ab76c', NULL, NULL, '::1', 'Mozilla/5.0 (Windows NT 10.0; Win64; x64) AppleWebKit/537.36 (KHTML, like Gecko) Chrome/147.0.0.0 Safari/537.36', '2026-04-24 08:47:47'),
(28, '02dc9a27-937d-4939-beae-cddec32ab76c', 'LOGIN', 'user', '02dc9a27-937d-4939-beae-cddec32ab76c', NULL, NULL, '::1', 'Mozilla/5.0 (Windows NT 10.0; Win64; x64) AppleWebKit/537.36 (KHTML, like Gecko) Chrome/147.0.0.0 Safari/537.36', '2026-04-24 08:49:48'),
(29, '02dc9a27-937d-4939-beae-cddec32ab76c', 'LOGIN', 'user', '02dc9a27-937d-4939-beae-cddec32ab76c', NULL, NULL, '::1', 'Mozilla/5.0 (Windows NT 10.0; Win64; x64) AppleWebKit/537.36 (KHTML, like Gecko) Chrome/147.0.0.0 Safari/537.36', '2026-04-24 08:53:23'),
(30, '00000000-0000-0000-0000-000000000001', 'CREATE', 'post', 'fe8f8709-4412-4669-8fcf-c8b8760c16dd', NULL, '{\"title\": \"สนามเปิดละเด้อ\"}', '::1', NULL, '2026-04-24 08:57:31'),
(31, '02dc9a27-937d-4939-beae-cddec32ab76c', 'UPDATE_PROFILE', 'user', '02dc9a27-937d-4939-beae-cddec32ab76c', NULL, '{\"phone\": \"0920402852\", \"last_name\": \"ไพดี\", \"avatar_url\": \"https://depositphotos.com/th/vectors/user-icon.html\", \"first_name\": \"ศุภโชค\", \"student_id\": \"6511454000\"}', '::1', NULL, '2026-04-24 09:19:15'),
(32, '02dc9a27-937d-4939-beae-cddec32ab76c', 'UPDATE_PROFILE', 'user', '02dc9a27-937d-4939-beae-cddec32ab76c', NULL, '{\"phone\": \"0920402852\", \"last_name\": \"ไพดี\", \"avatar_url\": \"https://depositphotos.com/th/vectors/user-icon.html\", \"first_name\": \"ศุภโชค\", \"student_id\": \"6511454000\"}', '::1', NULL, '2026-04-24 09:19:18'),
(33, '02dc9a27-937d-4939-beae-cddec32ab76c', 'UPDATE_PROFILE', 'user', '02dc9a27-937d-4939-beae-cddec32ab76c', NULL, '{\"phone\": \"0920402852\", \"last_name\": \"ไพดี\", \"avatar_url\": \"https://depositphotos.com/th/vectors/user-icon.html\", \"first_name\": \"ศุภโชค\", \"student_id\": \"6511454000\"}', '::1', NULL, '2026-04-24 09:19:18'),
(34, '02dc9a27-937d-4939-beae-cddec32ab76c', 'UPDATE_PROFILE', 'user', '02dc9a27-937d-4939-beae-cddec32ab76c', NULL, '{\"phone\": \"0920402852\", \"last_name\": \"ไพดี\", \"avatar_url\": \"http://localhost:5050/uploads/avatars/avatar-1777022484145-620574637.jpg\", \"first_name\": \"ศุภโชค\", \"student_id\": \"6511454000\"}', '::1', NULL, '2026-04-24 09:21:25'),
(35, '02dc9a27-937d-4939-beae-cddec32ab76c', 'UPDATE_PROFILE', 'user', '02dc9a27-937d-4939-beae-cddec32ab76c', NULL, '{\"phone\": \"0920402852\", \"last_name\": \"ไพดี\", \"avatar_url\": \"http://localhost:5050/uploads/avatars/avatar-1777022484145-620574637.jpg\", \"first_name\": \"ศุภโชค\", \"student_id\": \"6511454000\"}', '::1', NULL, '2026-04-24 09:21:27'),
(36, '02dc9a27-937d-4939-beae-cddec32ab76c', 'UPDATE_PROFILE', 'user', '02dc9a27-937d-4939-beae-cddec32ab76c', NULL, '{\"phone\": \"0920402852\", \"last_name\": \"ไพดี\", \"avatar_url\": \"http://localhost:5050/uploads/avatars/avatar-1777022484145-620574637.jpg\", \"first_name\": \"ศุภโชค\", \"student_id\": \"6511454000\"}', '::1', NULL, '2026-04-24 09:21:30'),
(37, '02dc9a27-937d-4939-beae-cddec32ab76c', 'UPDATE_PROFILE', 'user', '02dc9a27-937d-4939-beae-cddec32ab76c', NULL, '{\"phone\": \"0920402852\", \"last_name\": \"ไพดี\", \"avatar_url\": \"http://localhost:5050/uploads/avatars/avatar-1777022484145-620574637.jpg\", \"first_name\": \"ศุภโชค\", \"student_id\": \"6511454000\"}', '::1', NULL, '2026-04-24 09:21:35'),
(38, '02dc9a27-937d-4939-beae-cddec32ab76c', 'UPDATE_PROFILE', 'user', '02dc9a27-937d-4939-beae-cddec32ab76c', NULL, '{\"phone\": \"0920402852\", \"last_name\": \"ไพดี\", \"avatar_url\": \"http://localhost:5050/uploads/avatars/avatar-1777022484145-620574637.jpg\", \"first_name\": \"ศุภโชค\", \"student_id\": \"6511454000\"}', '::1', NULL, '2026-04-24 09:21:42'),
(39, '02dc9a27-937d-4939-beae-cddec32ab76c', 'UPDATE_PROFILE', 'user', '02dc9a27-937d-4939-beae-cddec32ab76c', NULL, '{\"phone\": \"0920402852\", \"last_name\": \"ไพดี\", \"avatar_url\": \"http://localhost:5050/uploads/avatars/avatar-1777022484145-620574637.jpg\", \"first_name\": \"ศุภโชค\", \"student_id\": \"6511454000\"}', '::1', NULL, '2026-04-24 09:22:01'),
(40, '02dc9a27-937d-4939-beae-cddec32ab76c', 'UPDATE_PROFILE', 'user', '02dc9a27-937d-4939-beae-cddec32ab76c', NULL, '{\"phone\": \"0920402852\", \"last_name\": \"ไพดี\", \"avatar_url\": \"http://localhost:5050/uploads/avatars/avatar-1777022484145-620574637.jpg\", \"first_name\": \"ศุภโชค\", \"student_id\": \"6511454000\"}', '::1', NULL, '2026-04-24 09:29:14'),
(41, '02dc9a27-937d-4939-beae-cddec32ab76c', 'UPDATE_PROFILE', 'user', '02dc9a27-937d-4939-beae-cddec32ab76c', NULL, '{\"phone\": \"0920402852\", \"last_name\": \"ไพดี\", \"avatar_url\": \"http://localhost:5050/uploads/avatars/avatar-1777022484145-620574637.jpg\", \"first_name\": \"ศุภโชค\", \"student_id\": \"6511454000\"}', '::1', NULL, '2026-04-24 09:29:22'),
(42, '02dc9a27-937d-4939-beae-cddec32ab76c', 'UPDATE_PROFILE', 'user', '02dc9a27-937d-4939-beae-cddec32ab76c', NULL, '{\"phone\": \"0920402852\", \"last_name\": \"ไพดี\", \"avatar_url\": \"http://localhost:5050/uploads/avatars/avatar-1777022976634-947176109.jpg\", \"first_name\": \"ศุภโชค\", \"student_id\": \"6511454000\"}', '::1', NULL, '2026-04-24 09:29:37'),
(43, '02dc9a27-937d-4939-beae-cddec32ab76c', 'UPDATE_PROFILE', 'user', '02dc9a27-937d-4939-beae-cddec32ab76c', NULL, '{\"phone\": \"0920402852\", \"last_name\": \"ไพดี\", \"avatar_url\": \"http://localhost:5050/uploads/avatars/avatar-1777022976634-947176109.jpg\", \"first_name\": \"ศุภโชค\", \"student_id\": \"6511454000\"}', '::1', NULL, '2026-04-24 09:29:43'),
(44, '02dc9a27-937d-4939-beae-cddec32ab76c', 'UPDATE_PROFILE', 'user', '02dc9a27-937d-4939-beae-cddec32ab76c', NULL, '{\"phone\": \"0920402852\", \"last_name\": \"ไพดี\", \"avatar_url\": \"http://localhost:5050/uploads/avatars/avatar-1777023001928-651424429.jpg\", \"first_name\": \"ศุภโชค\", \"student_id\": \"6511454000\"}', '::1', NULL, '2026-04-24 09:30:05'),
(45, '02dc9a27-937d-4939-beae-cddec32ab76c', 'UPDATE_PROFILE', 'user', '02dc9a27-937d-4939-beae-cddec32ab76c', NULL, '{\"phone\": \"0920402852\", \"last_name\": \"ไพดี\", \"avatar_url\": \"http://localhost:5050/uploads/avatars/avatar-1777023001928-651424429.jpg\", \"first_name\": \"ศุภโชค\", \"student_id\": \"6511454000\"}', '::1', NULL, '2026-04-24 09:30:47'),
(46, '02dc9a27-937d-4939-beae-cddec32ab76c', 'UPDATE_PROFILE', 'user', '02dc9a27-937d-4939-beae-cddec32ab76c', NULL, '{\"phone\": \"0920402852\", \"last_name\": \"ไพดี\", \"avatar_url\": \"http://localhost:5050/uploads/avatars/avatar-1777023245868-526786664.jpg\", \"first_name\": \"ศุภโชค\", \"student_id\": \"6511454000\"}', '::1', NULL, '2026-04-24 09:34:06'),
(47, '02dc9a27-937d-4939-beae-cddec32ab76c', 'UPDATE_PROFILE', 'user', '02dc9a27-937d-4939-beae-cddec32ab76c', NULL, '{\"phone\": \"0920402852\", \"last_name\": \"ไพดี\", \"avatar_url\": \"http://localhost:5050/uploads/avatars/avatar-1777023245868-526786664.jpg\", \"first_name\": \"ศุภโชค\", \"student_id\": \"6511454000\"}', '::1', NULL, '2026-04-24 09:34:11'),
(48, '02dc9a27-937d-4939-beae-cddec32ab76c', 'UPDATE_PROFILE', 'user', '02dc9a27-937d-4939-beae-cddec32ab76c', NULL, '{\"phone\": \"0920402852\", \"last_name\": \"ไพดี\", \"avatar_url\": \"http://localhost:5050/uploads/avatars/avatar-1777023245868-526786664.jpg\", \"first_name\": \"ศุภโชค\", \"student_id\": \"6511454000\"}', '::1', NULL, '2026-04-24 09:34:12'),
(49, '02dc9a27-937d-4939-beae-cddec32ab76c', 'UPDATE_PROFILE', 'user', '02dc9a27-937d-4939-beae-cddec32ab76c', NULL, '{\"phone\": \"0920402852\", \"last_name\": \"ไพดี\", \"avatar_url\": \"http://localhost:5050/uploads/avatars/avatar-1777023245868-526786664.jpg\", \"first_name\": \"ศุภโชค\", \"student_id\": \"6511454000\"}', '::1', NULL, '2026-04-24 09:34:12'),
(50, '02dc9a27-937d-4939-beae-cddec32ab76c', 'UPDATE_PROFILE', 'user', '02dc9a27-937d-4939-beae-cddec32ab76c', NULL, '{\"phone\": \"0920402852\", \"last_name\": \"ไพดี\", \"avatar_url\": \"http://localhost:5050/uploads/avatars/avatar-1777023245868-526786664.jpg\", \"first_name\": \"ศุภโชค\", \"student_id\": \"6511454000\"}', '::1', NULL, '2026-04-24 09:34:12'),
(51, '02dc9a27-937d-4939-beae-cddec32ab76c', 'UPDATE_PROFILE', 'user', '02dc9a27-937d-4939-beae-cddec32ab76c', NULL, '{\"phone\": \"0920402852\", \"last_name\": \"ไพดี\", \"avatar_url\": \"http://localhost:5050/uploads/avatars/avatar-1777023245868-526786664.jpg\", \"first_name\": \"ศุภโชค\", \"student_id\": \"6511454000\"}', '::1', NULL, '2026-04-24 09:34:12'),
(52, '02dc9a27-937d-4939-beae-cddec32ab76c', 'UPDATE_PROFILE', 'user', '02dc9a27-937d-4939-beae-cddec32ab76c', NULL, '{\"phone\": \"0920402852\", \"last_name\": \"ไพดี\", \"avatar_url\": \"http://localhost:5050/uploads/avatars/avatar-1777023245868-526786664.jpg\", \"first_name\": \"ศุภโชค\", \"student_id\": \"6511454000\"}', '::1', NULL, '2026-04-24 09:34:12'),
(53, '02dc9a27-937d-4939-beae-cddec32ab76c', 'UPDATE_PROFILE', 'user', '02dc9a27-937d-4939-beae-cddec32ab76c', NULL, '{\"phone\": \"0920402852\", \"last_name\": \"ไพดี\", \"avatar_url\": \"http://localhost:5050/uploads/avatars/avatar-1777023264623-195984253.jpg\", \"first_name\": \"ศุภโชค\", \"student_id\": \"6511454000\"}', '::1', NULL, '2026-04-24 09:34:35'),
(54, '02dc9a27-937d-4939-beae-cddec32ab76c', 'UPDATE_PROFILE', 'user', '02dc9a27-937d-4939-beae-cddec32ab76c', NULL, '{\"phone\": \"0920402852\", \"last_name\": \"ไพดี\", \"avatar_url\": \"http://localhost:5050/uploads/avatars/avatar-1777023264623-195984253.jpg\", \"first_name\": \"ศุภโชค\", \"student_id\": \"6511454000\"}', '::1', NULL, '2026-04-24 09:34:35'),
(55, '02dc9a27-937d-4939-beae-cddec32ab76c', 'UPDATE_PROFILE', 'user', '02dc9a27-937d-4939-beae-cddec32ab76c', NULL, '{\"phone\": \"0920402852\", \"last_name\": \"ไพดี\", \"avatar_url\": \"http://localhost:5050/uploads/avatars/avatar-1777023264623-195984253.jpg\", \"first_name\": \"ศุภโชค\", \"student_id\": \"6511454000\"}', '::1', NULL, '2026-04-24 09:34:35'),
(56, '02dc9a27-937d-4939-beae-cddec32ab76c', 'UPDATE_PROFILE', 'user', '02dc9a27-937d-4939-beae-cddec32ab76c', NULL, '{\"phone\": \"0920402852\", \"last_name\": \"ไพดี\", \"avatar_url\": \"http://localhost:5050/uploads/avatars/avatar-1777023264623-195984253.jpg\", \"first_name\": \"ศุภโชค\", \"student_id\": \"6511454000\"}', '::1', NULL, '2026-04-24 09:34:35'),
(57, '02dc9a27-937d-4939-beae-cddec32ab76c', 'UPDATE_PROFILE', 'user', '02dc9a27-937d-4939-beae-cddec32ab76c', NULL, '{\"phone\": \"0920402852\", \"last_name\": \"ไพดี\", \"avatar_url\": \"http://localhost:5050/uploads/avatars/avatar-1777023264623-195984253.jpg\", \"first_name\": \"ศุภโชค\", \"student_id\": \"6511454000\"}', '::1', NULL, '2026-04-24 09:34:36'),
(58, '02dc9a27-937d-4939-beae-cddec32ab76c', 'UPDATE_PROFILE', 'user', '02dc9a27-937d-4939-beae-cddec32ab76c', NULL, '{\"phone\": \"0920402852\", \"last_name\": \"ไพดี\", \"avatar_url\": \"http://localhost:5050/uploads/avatars/avatar-1777023264623-195984253.jpg\", \"first_name\": \"ศุภโชค\", \"student_id\": \"6511454000\"}', '::1', NULL, '2026-04-24 09:34:45'),
(59, '02dc9a27-937d-4939-beae-cddec32ab76c', 'UPDATE_PROFILE', 'user', '02dc9a27-937d-4939-beae-cddec32ab76c', NULL, '{\"phone\": \"0920402852\", \"last_name\": \"ไพดี\", \"avatar_url\": \"http://localhost:5050/uploads/avatars/avatar-1777023264623-195984253.jpg\", \"first_name\": \"ศุภโชค\", \"student_id\": \"6511454000\"}', '::1', NULL, '2026-04-24 09:34:46'),
(60, '02dc9a27-937d-4939-beae-cddec32ab76c', 'UPDATE_PROFILE', 'user', '02dc9a27-937d-4939-beae-cddec32ab76c', NULL, '{\"phone\": \"0920402852\", \"last_name\": \"ไพดี\", \"avatar_url\": \"http://localhost:5050/uploads/avatars/avatar-1777023264623-195984253.jpg\", \"first_name\": \"ศุภโชค\", \"student_id\": \"6511454000\"}', '::1', NULL, '2026-04-24 09:34:46'),
(61, '02dc9a27-937d-4939-beae-cddec32ab76c', 'UPDATE_PROFILE', 'user', '02dc9a27-937d-4939-beae-cddec32ab76c', NULL, '{\"phone\": \"0920402852\", \"last_name\": \"ไพดี\", \"avatar_url\": \"http://localhost:5050/uploads/avatars/avatar-1777023264623-195984253.jpg\", \"first_name\": \"ศุภโชค\", \"student_id\": \"6511454000\"}', '::1', NULL, '2026-04-24 09:34:46'),
(62, '02dc9a27-937d-4939-beae-cddec32ab76c', 'UPDATE_PROFILE', 'user', '02dc9a27-937d-4939-beae-cddec32ab76c', NULL, '{\"phone\": \"0920402852\", \"last_name\": \"ไพดี\", \"avatar_url\": \"http://localhost:5050/uploads/avatars/avatar-1777023264623-195984253.jpg\", \"first_name\": \"ศุภโชค\", \"student_id\": \"6511454000\"}', '::1', NULL, '2026-04-24 09:34:55'),
(63, '02dc9a27-937d-4939-beae-cddec32ab76c', 'UPDATE_PROFILE', 'user', '02dc9a27-937d-4939-beae-cddec32ab76c', NULL, '{\"phone\": \"0920402852\", \"last_name\": \"ไพดี\", \"avatar_url\": \"http://localhost:5050/uploads/avatars/avatar-1777023264623-195984253.jpg\", \"first_name\": \"ศุภโชค\", \"student_id\": \"6511454000\"}', '::1', NULL, '2026-04-24 09:34:56'),
(64, '02dc9a27-937d-4939-beae-cddec32ab76c', 'UPDATE_PROFILE', 'user', '02dc9a27-937d-4939-beae-cddec32ab76c', NULL, '{\"phone\": \"0920402852\", \"last_name\": \"ไพดี\", \"avatar_url\": \"http://localhost:5050/uploads/avatars/avatar-1777023264623-195984253.jpg\", \"first_name\": \"ศุภโชค\", \"student_id\": \"6511454000\"}', '::1', NULL, '2026-04-24 09:34:56'),
(65, '02dc9a27-937d-4939-beae-cddec32ab76c', 'UPDATE_PROFILE', 'user', '02dc9a27-937d-4939-beae-cddec32ab76c', NULL, '{\"phone\": \"0920402852\", \"last_name\": \"ไพดี\", \"avatar_url\": \"http://localhost:5050/uploads/avatars/avatar-1777023264623-195984253.jpg\", \"first_name\": \"ศุภโชค\", \"student_id\": \"6511454000\"}', '::1', NULL, '2026-04-24 09:35:13'),
(66, '02dc9a27-937d-4939-beae-cddec32ab76c', 'UPDATE_PROFILE', 'user', '02dc9a27-937d-4939-beae-cddec32ab76c', NULL, '{\"phone\": \"0920402852\", \"last_name\": \"ไพดี\", \"avatar_url\": \"http://localhost:5050/uploads/avatars/avatar-1777023440719-408902090.jpg\", \"first_name\": \"ศุภโชค\", \"student_id\": \"6511454000\"}', '::1', NULL, '2026-04-24 09:37:21'),
(67, '02dc9a27-937d-4939-beae-cddec32ab76c', 'UPDATE_PROFILE', 'user', '02dc9a27-937d-4939-beae-cddec32ab76c', NULL, '{\"phone\": \"0920402852\", \"last_name\": \"ไพดี\", \"avatar_url\": \"http://localhost:5050/uploads/avatars/avatar-1777023440719-408902090.jpg\", \"first_name\": \"ศุภโชค\", \"student_id\": \"6511454000\"}', '::1', NULL, '2026-04-24 09:37:23'),
(68, '02dc9a27-937d-4939-beae-cddec32ab76c', 'UPDATE_PROFILE', 'user', '02dc9a27-937d-4939-beae-cddec32ab76c', NULL, '{\"phone\": \"0920402852\", \"last_name\": \"ไพดี\", \"avatar_url\": \"http://localhost:5050/uploads/avatars/avatar-1777023440719-408902090.jpg\", \"first_name\": \"ศุภโชค\", \"student_id\": \"6511454000\"}', '::1', NULL, '2026-04-24 09:37:24'),
(69, '02dc9a27-937d-4939-beae-cddec32ab76c', 'CREATE', 'booking', '91fed798-d771-4777-b4b7-f684894417cf', NULL, '{\"end_time\": \"2026-04-24T13:00:00.000Z\", \"field_id\": \"field-18\", \"start_time\": \"2026-04-24T12:00:00.000Z\"}', '::1', NULL, '2026-04-24 10:30:22'),
(70, '00000000-0000-0000-0000-000000000001', 'BOOKING_APPROVED', 'booking', '91fed798-d771-4777-b4b7-f684894417cf', NULL, NULL, '::1', NULL, '2026-04-24 10:30:51'),
(71, '02dc9a27-937d-4939-beae-cddec32ab76c', 'CREATE', 'booking', '0c896a1f-5f3e-4740-84fb-c65c2a99a4e0', NULL, '{\"end_time\": \"2026-04-24T14:00:00.000Z\", \"field_id\": \"field-13\", \"start_time\": \"2026-04-24T13:00:00.000Z\"}', '::1', NULL, '2026-04-24 10:50:40'),
(72, 'e3f1e673-571a-4405-aba7-c75cdfc32730', 'REGISTER', 'user', 'e3f1e673-571a-4405-aba7-c75cdfc32730', NULL, '{\"email\": \"santipab.wo.65@ubu.ac.th\", \"username\": \"Santipab Wongjom\", \"last_name\": \"วงศ์จอม\", \"first_name\": \"สันติภาพ\"}', '::1', NULL, '2026-04-24 11:21:37'),
(73, 'e3f1e673-571a-4405-aba7-c75cdfc32730', 'LOGIN', 'user', 'e3f1e673-571a-4405-aba7-c75cdfc32730', NULL, NULL, '::1', 'Mozilla/5.0 (iPhone; CPU iPhone OS 18_3_1 like Mac OS X) AppleWebKit/605.1.15 (KHTML, like Gecko) Version/18.3 Mobile/15E148 Safari/604.1', '2026-04-24 11:21:56'),
(74, 'e3f1e673-571a-4405-aba7-c75cdfc32730', 'CREATE', 'booking', 'aa31be34-44ff-4bcf-abcb-6bdf51eb2454', NULL, '{\"end_time\": \"2026-04-24T13:00:00.000Z\", \"field_id\": \"field-16\", \"start_time\": \"2026-04-24T12:00:00.000Z\"}', '::1', NULL, '2026-04-24 11:23:12'),
(75, 'e3f1e673-571a-4405-aba7-c75cdfc32730', 'LOAN_REQUEST', 'ball', 'f37874ec-59b0-467b-9299-09ace52ea8c2', NULL, NULL, NULL, NULL, '2026-04-24 11:24:37'),
(76, 'cd28ab23-7c58-4691-ba1f-96c42104775e', 'REGISTER', 'user', 'cd28ab23-7c58-4691-ba1f-96c42104775e', NULL, '{\"email\": \"thiraphat.ng.66@ubu.ac.th\", \"username\": \"khalen0805\", \"last_name\": \"งามเเสง\", \"first_name\": \"ธีระภัทร\"}', '::1', NULL, '2026-04-24 12:02:50'),
(77, 'cd28ab23-7c58-4691-ba1f-96c42104775e', 'LOGIN', 'user', 'cd28ab23-7c58-4691-ba1f-96c42104775e', NULL, NULL, '::1', 'Mozilla/5.0 (iPhone; CPU iPhone OS 18_6_2 like Mac OS X) AppleWebKit/605.1.15 (KHTML, like Gecko) Mobile/15E148 [FBAN/FBIOS;FBAV/558.1.0.34.110;FBBV/949486719;FBDV/iPhone14,5;FBMD/iPhone;FBSN/iOS;FBSV/18.6.2;FBSS/3;FBCR/;FBID/phone;FBLC/th_TH;FBOP/80]', '2026-04-24 12:03:05'),
(78, '323cb8c6-c0d5-4372-8a34-a83a0237bd5e', 'REGISTER', 'user', '323cb8c6-c0d5-4372-8a34-a83a0237bd5e', NULL, '{\"email\": \"tharatchapoom.ru.67@ubu.ac.th\", \"username\": \"Tharatchapoom1510\", \"last_name\": \"รวมธรรม\", \"first_name\": \"ถรัชภูมิ\"}', '::1', NULL, '2026-04-24 12:03:06'),
(79, '323cb8c6-c0d5-4372-8a34-a83a0237bd5e', 'LOGIN', 'user', '323cb8c6-c0d5-4372-8a34-a83a0237bd5e', NULL, NULL, '::1', 'Mozilla/5.0 (iPhone; CPU iPhone OS 17_5_1 like Mac OS X) AppleWebKit/605.1.15 (KHTML, like Gecko) Version/17.5 Mobile/15E148 Safari/604.1', '2026-04-24 12:03:43'),
(80, 'cd28ab23-7c58-4691-ba1f-96c42104775e', 'LOAN_REQUEST', 'ball', 'beb83999-d823-40b4-a0f6-824f6fda3b3b', NULL, NULL, NULL, NULL, '2026-04-24 12:04:33'),
(81, 'cd28ab23-7c58-4691-ba1f-96c42104775e', 'CREATE', 'booking', '7385831a-43b9-47ef-acae-5b54b9f0d4a2', NULL, '{\"end_time\": \"2026-04-24T14:00:00.000Z\", \"field_id\": \"field-16\", \"start_time\": \"2026-04-24T13:00:00.000Z\"}', '::1', NULL, '2026-04-24 12:05:12'),
(82, '02dc9a27-937d-4939-beae-cddec32ab76c', 'LOGIN', 'user', '02dc9a27-937d-4939-beae-cddec32ab76c', NULL, NULL, '::1', 'Mozilla/5.0 (Windows NT 10.0; Win64; x64) AppleWebKit/537.36 (KHTML, like Gecko) Chrome/147.0.0.0 Safari/537.36', '2026-04-25 05:47:55'),
(83, '00000000-0000-0000-0000-000000000001', 'LOGIN', 'user', '00000000-0000-0000-0000-000000000001', NULL, NULL, '::1', 'Mozilla/5.0 (Windows NT 10.0; Win64; x64) AppleWebKit/537.36 (KHTML, like Gecko) Chrome/147.0.0.0 Safari/537.36', '2026-04-25 05:54:24'),
(84, '00000000-0000-0000-0000-000000000001', 'UPDATE_PROFILE', 'user', '00000000-0000-0000-0000-000000000001', NULL, '{\"phone\": \"\", \"last_name\": \"Admin\", \"avatar_url\": \"\", \"first_name\": \"System\", \"student_id\": \"\"}', '::1', NULL, '2026-04-25 06:40:52'),
(85, '00000000-0000-0000-0000-000000000001', 'UPDATE_PROFILE', 'user', '00000000-0000-0000-0000-000000000001', NULL, '{\"phone\": \"\", \"last_name\": \"Admin\", \"avatar_url\": \"\", \"first_name\": \"System\", \"student_id\": \"\"}', '::1', NULL, '2026-04-25 06:41:04'),
(86, '00000000-0000-0000-0000-000000000001', 'UPDATE_PROFILE', 'user', '00000000-0000-0000-0000-000000000001', NULL, '{\"phone\": \"\", \"last_name\": \"Admin\", \"avatar_url\": \"\", \"first_name\": \"System\", \"student_id\": \"\", \"signature_url\": \"http://localhost:5050/uploads/signatures/sig-1777099531662-534750380.png\"}', '::1', NULL, '2026-04-25 06:45:32'),
(87, '00000000-0000-0000-0000-000000000001', 'UPDATE_PROFILE', 'user', '00000000-0000-0000-0000-000000000001', NULL, '{\"phone\": \"\", \"last_name\": \"Admin\", \"avatar_url\": \"\", \"first_name\": \"System\", \"student_id\": \"\", \"signature_url\": \"http://localhost:5050/uploads/signatures/sig-1777099531662-534750380.png\"}', '::1', NULL, '2026-04-25 06:45:45'),
(88, '00000000-0000-0000-0000-000000000001', 'UPDATE_PROFILE', 'user', '00000000-0000-0000-0000-000000000001', NULL, '{\"phone\": \"\", \"last_name\": \"Admin\", \"avatar_url\": \"\", \"first_name\": \"System\", \"student_id\": \"\", \"signature_url\": \"http://localhost:5050/uploads/signatures/sig-1777099531662-534750380.png\"}', '::1', NULL, '2026-04-25 06:45:52'),
(89, '00000000-0000-0000-0000-000000000001', 'UPDATE_PROFILE', 'user', '00000000-0000-0000-0000-000000000001', NULL, '{\"phone\": \"\", \"last_name\": \"Admin\", \"avatar_url\": \"\", \"first_name\": \"System\", \"student_id\": \"\", \"signature_url\": \"http://localhost:5050/uploads/signatures/sig-1777099803939-915645068.png\"}', '::1', NULL, '2026-04-25 06:50:04'),
(90, '00000000-0000-0000-0000-000000000001', 'UPDATE_PROFILE', 'user', '00000000-0000-0000-0000-000000000001', NULL, '{\"phone\": \"\", \"last_name\": \"Admin\", \"avatar_url\": \"\", \"first_name\": \"System\", \"student_id\": \"\", \"signature_url\": \"http://localhost:5050/uploads/signatures/sig-1777099803939-915645068.png\"}', '::1', NULL, '2026-04-25 06:50:10'),
(91, '00000000-0000-0000-0000-000000000001', 'UPDATE_PROFILE', 'user', '00000000-0000-0000-0000-000000000001', NULL, '{\"phone\": \"\", \"last_name\": \"Admin\", \"avatar_url\": \"\", \"first_name\": \"System\", \"student_id\": \"\", \"signature_url\": \"http://localhost:5050/uploads/signatures/sig-1777099803939-915645068.png\"}', '::1', NULL, '2026-04-25 06:50:11'),
(92, '00000000-0000-0000-0000-000000000001', 'UPDATE_PROFILE', 'user', '00000000-0000-0000-0000-000000000001', NULL, '{\"phone\": \"\", \"last_name\": \"Admin\", \"avatar_url\": \"\", \"first_name\": \"System\", \"student_id\": \"\", \"signature_url\": \"http://localhost:5050/uploads/signatures/sig-1777099803939-915645068.png\"}', '::1', NULL, '2026-04-25 06:50:11'),
(93, '00000000-0000-0000-0000-000000000001', 'UPDATE_PROFILE', 'user', '00000000-0000-0000-0000-000000000001', NULL, '{\"phone\": \"\", \"last_name\": \"Admin\", \"avatar_url\": \"\", \"first_name\": \"System\", \"student_id\": \"\", \"signature_url\": \"http://localhost:5050/uploads/signatures/sig-1777099836528-438194284.png\"}', '::1', NULL, '2026-04-25 06:50:41'),
(94, '00000000-0000-0000-0000-000000000001', 'UPDATE_PROFILE', 'user', '00000000-0000-0000-0000-000000000001', NULL, '{\"phone\": \"\", \"last_name\": \"Admin\", \"avatar_url\": \"\", \"first_name\": \"System\", \"student_id\": \"\", \"signature_url\": \"http://localhost:5050/uploads/signatures/sig-1777099836528-438194284.png\"}', '::1', NULL, '2026-04-25 06:50:43'),
(95, '00000000-0000-0000-0000-000000000001', 'UPDATE_PROFILE', 'user', '00000000-0000-0000-0000-000000000001', NULL, '{\"phone\": \"\", \"last_name\": \"Admin\", \"avatar_url\": \"\", \"first_name\": \"System\", \"student_id\": \"\", \"signature_url\": \"http://localhost:5050/uploads/signatures/sig-1777099836528-438194284.png\"}', '::1', NULL, '2026-04-25 06:52:15'),
(96, '00000000-0000-0000-0000-000000000001', 'UPDATE_PROFILE', 'user', '00000000-0000-0000-0000-000000000001', NULL, '{\"phone\": \"\", \"last_name\": \"Admin\", \"avatar_url\": \"http://localhost:5050/uploads/avatars/avatar-1777099960891-239292198.png\", \"first_name\": \"System\", \"student_id\": \"\", \"signature_url\": \"http://localhost:5050/uploads/signatures/sig-1777099836528-438194284.png\"}', '::1', NULL, '2026-04-25 06:52:43'),
(97, '00000000-0000-0000-0000-000000000001', 'UPDATE_PROFILE', 'user', '00000000-0000-0000-0000-000000000001', NULL, '{\"phone\": \"\", \"last_name\": \"Admin\", \"avatar_url\": \"http://localhost:5050/uploads/avatars/avatar-1777099960891-239292198.png\", \"first_name\": \"System\", \"student_id\": \"\", \"signature_url\": \"http://localhost:5050/uploads/signatures/sig-1777099836528-438194284.png\"}', '::1', NULL, '2026-04-25 06:52:45'),
(98, '02dc9a27-937d-4939-beae-cddec32ab76c', 'UPDATE_PROFILE', 'user', '02dc9a27-937d-4939-beae-cddec32ab76c', NULL, '{\"phone\": \"0920402852\", \"last_name\": \"ไพดี\", \"avatar_url\": \"http://localhost:5050/uploads/avatars/avatar-1777100120786-637356305.png\", \"first_name\": \"ศุภโชค\", \"student_id\": \"6511454000\", \"signature_url\": \"\"}', '::1', NULL, '2026-04-25 06:55:22'),
(99, '02dc9a27-937d-4939-beae-cddec32ab76c', 'UPDATE_PROFILE', 'user', '02dc9a27-937d-4939-beae-cddec32ab76c', NULL, '{\"phone\": \"0920402852\", \"last_name\": \"ไพดี\", \"avatar_url\": \"http://localhost:5050/uploads/avatars/avatar-1777100120786-637356305.png\", \"first_name\": \"ศุภโชค\", \"student_id\": \"6511454000\", \"signature_url\": \"\"}', '::1', NULL, '2026-04-25 06:55:34'),
(100, '00000000-0000-0000-0000-000000000001', 'UPDATE_PROFILE', 'user', '00000000-0000-0000-0000-000000000001', NULL, '{\"phone\": \"\", \"last_name\": \"Admin\", \"avatar_url\": \"\", \"first_name\": \"System\", \"student_id\": \"\", \"signature_url\": \"http://localhost:5050/uploads/signatures/sig-1777100239407-696535012.png\"}', '::1', NULL, '2026-04-25 06:57:20'),
(101, '00000000-0000-0000-0000-000000000001', 'UPDATE_PROFILE', 'user', '00000000-0000-0000-0000-000000000001', NULL, '{\"phone\": \"\", \"last_name\": \"Admin\", \"avatar_url\": \"http://localhost:5050/uploads/avatars/avatar-1777100547805-849932764.png\", \"first_name\": \"System\", \"student_id\": \"\", \"signature_url\": \"\"}', '::1', NULL, '2026-04-25 07:02:29'),
(102, '00000000-0000-0000-0000-000000000001', 'UPDATE_PROFILE', 'user', '00000000-0000-0000-0000-000000000001', NULL, '{\"phone\": \"\", \"last_name\": \"Admin\", \"avatar_url\": \"http://localhost:5050/uploads/avatars/avatar-1777100547805-849932764.png\", \"first_name\": \"System\", \"student_id\": \"\", \"signature_url\": \"http://localhost:5050/uploads/signatures/sig-1777100574225-656906934.png\"}', '::1', NULL, '2026-04-25 07:02:54'),
(103, '00000000-0000-0000-0000-000000000001', 'UPDATE_PROFILE', 'user', '00000000-0000-0000-0000-000000000001', NULL, '{\"phone\": \"\", \"last_name\": \"Admin\", \"avatar_url\": \"http://localhost:5050/uploads/avatars/avatar-1777100547805-849932764.png\", \"first_name\": \"System\", \"student_id\": \"\", \"signature_url\": \"http://localhost:5050/uploads/signatures/sig-1777100574225-656906934.png\"}', '::1', NULL, '2026-04-25 07:02:59'),
(104, '00000000-0000-0000-0000-000000000001', 'UPDATE_PROFILE', 'user', '00000000-0000-0000-0000-000000000001', NULL, '{\"phone\": \"\", \"last_name\": \"Admin\", \"avatar_url\": \"http://localhost:5050/uploads/avatars/avatar-1777100547805-849932764.png\", \"first_name\": \"System\", \"student_id\": \"\", \"signature_url\": \"http://localhost:5050/uploads/signatures/sig-1777100574225-656906934.png\"}', '::1', NULL, '2026-04-25 07:03:06'),
(105, '00000000-0000-0000-0000-000000000001', 'UPDATE_PROFILE', 'user', '00000000-0000-0000-0000-000000000001', NULL, '{\"phone\": \"\", \"last_name\": \"Admin\", \"avatar_url\": \"http://localhost:5050/uploads/avatars/avatar-1777100547805-849932764.png\", \"first_name\": \"System\", \"student_id\": \"\", \"signature_url\": \"http://localhost:5050/uploads/signatures/sig-1777100574225-656906934.png\"}', '::1', NULL, '2026-04-25 07:03:27'),
(106, '00000000-0000-0000-0000-000000000001', 'UPDATE_PROFILE', 'user', '00000000-0000-0000-0000-000000000001', NULL, '{\"phone\": \"\", \"last_name\": \"Admin\", \"avatar_url\": \"http://localhost:5050/uploads/avatars/avatar-1777100547805-849932764.png\", \"first_name\": \"System\", \"student_id\": \"\", \"signature_url\": \"http://localhost:5050/uploads/signatures/sig-1777100574225-656906934.png\"}', '::1', NULL, '2026-04-25 07:03:31'),
(107, '00000000-0000-0000-0000-000000000001', 'UPDATE_PROFILE', 'user', '00000000-0000-0000-0000-000000000001', NULL, '{\"phone\": \"\", \"last_name\": \"Admin\", \"avatar_url\": \"http://localhost:5050/uploads/avatars/avatar-1777100547805-849932764.png\", \"first_name\": \"System\", \"student_id\": \"\", \"signature_url\": \"http://localhost:5050/uploads/signatures/sig-1777100574225-656906934.png\"}', '::1', NULL, '2026-04-25 07:03:41'),
(108, '00000000-0000-0000-0000-000000000001', 'UPDATE_PROFILE', 'user', '00000000-0000-0000-0000-000000000001', NULL, '{\"phone\": \"\", \"last_name\": \"Admin\", \"avatar_url\": \"http://localhost:5050/uploads/avatars/avatar-1777100547805-849932764.png\", \"first_name\": \"System\", \"student_id\": \"\", \"signature_url\": \"http://localhost:5050/uploads/signatures/sig-1777100574225-656906934.png\"}', '::1', NULL, '2026-04-25 07:04:25'),
(109, '00000000-0000-0000-0000-000000000001', 'UPDATE_PROFILE', 'user', '00000000-0000-0000-0000-000000000001', NULL, '{\"phone\": \"\", \"last_name\": \"Admin\", \"avatar_url\": \"http://localhost:5050/uploads/avatars/avatar-1777100547805-849932764.png\", \"first_name\": \"System\", \"student_id\": \"\", \"signature_url\": \"http://localhost:5050/uploads/signatures/sig-1777100574225-656906934.png\"}', '::1', NULL, '2026-04-25 07:04:28'),
(110, '00000000-0000-0000-0000-000000000001', 'UPDATE_PROFILE', 'user', '00000000-0000-0000-0000-000000000001', NULL, '{\"phone\": \"\", \"last_name\": \"Admin\", \"avatar_url\": \"http://localhost:5050/uploads/avatars/avatar-1777100547805-849932764.png\", \"first_name\": \"System\", \"student_id\": \"\", \"signature_url\": \"http://localhost:5050/uploads/signatures/sig-1777100574225-656906934.png\"}', '::1', NULL, '2026-04-25 07:04:44'),
(111, '02dc9a27-937d-4939-beae-cddec32ab76c', 'UPDATE_PROFILE', 'user', '02dc9a27-937d-4939-beae-cddec32ab76c', NULL, '{\"phone\": \"0920402852\", \"last_name\": \"ไพดี\", \"avatar_url\": \"http://localhost:5050/uploads/avatars/avatar-1777100120786-637356305.png\", \"first_name\": \"ศุภโชค\", \"student_id\": \"6511454000\", \"signature_url\": \"\"}', '::1', NULL, '2026-04-25 07:04:48'),
(112, '00000000-0000-0000-0000-000000000001', 'UPDATE_PROFILE', 'user', '00000000-0000-0000-0000-000000000001', NULL, '{\"phone\": \"\", \"last_name\": \"Admin\", \"avatar_url\": \"\", \"first_name\": \"System\", \"student_id\": \"\", \"signature_url\": \"http://localhost:5050/uploads/signatures/sig-1777100951487-552483855.png\"}', '::1', NULL, '2026-04-25 07:09:12'),
(113, '00000000-0000-0000-0000-000000000001', 'UPDATE_PROFILE', 'user', '00000000-0000-0000-0000-000000000001', NULL, '{\"phone\": \"\", \"last_name\": \"Admin\", \"avatar_url\": \"\", \"first_name\": \"System\", \"student_id\": \"\", \"signature_url\": \"http://localhost:5050/uploads/signatures/sig-1777100951487-552483855.png\"}', '::1', NULL, '2026-04-25 07:09:15'),
(114, '00000000-0000-0000-0000-000000000001', 'UPDATE_PROFILE', 'user', '00000000-0000-0000-0000-000000000001', NULL, '{\"phone\": \"\", \"last_name\": \"Admin\", \"avatar_url\": \"\", \"first_name\": \"System\", \"student_id\": \"\", \"signature_url\": \"http://localhost:5050/uploads/signatures/sig-1777100951487-552483855.png\"}', '::1', NULL, '2026-04-25 07:09:15'),
(115, '00000000-0000-0000-0000-000000000001', 'UPDATE_PROFILE', 'user', '00000000-0000-0000-0000-000000000001', NULL, '{\"phone\": \"\", \"last_name\": \"Admin\", \"avatar_url\": \"\", \"first_name\": \"AAA\", \"student_id\": \"\", \"signature_url\": \"http://localhost:5050/uploads/signatures/sig-1777100951487-552483855.png\"}', '::1', NULL, '2026-04-25 07:09:30'),
(116, '00000000-0000-0000-0000-000000000001', 'UPDATE_PROFILE', 'user', '00000000-0000-0000-0000-000000000001', NULL, '{\"phone\": \"\", \"last_name\": \"Admin\", \"avatar_url\": \"\", \"first_name\": \"AAA\", \"student_id\": \"\", \"signature_url\": \"http://localhost:5050/uploads/signatures/sig-1777100951487-552483855.png\"}', '::1', NULL, '2026-04-25 07:09:32'),
(117, '00000000-0000-0000-0000-000000000001', 'UPDATE_PROFILE', 'user', '00000000-0000-0000-0000-000000000001', NULL, '{\"phone\": \"\", \"last_name\": \"Admin\", \"avatar_url\": \"\", \"first_name\": \"AAA\", \"student_id\": \"\", \"signature_url\": \"http://localhost:5050/uploads/signatures/sig-1777100951487-552483855.png\"}', '::1', NULL, '2026-04-25 07:09:32'),
(118, '00000000-0000-0000-0000-000000000001', 'UPDATE_PROFILE', 'user', '00000000-0000-0000-0000-000000000001', NULL, '{\"phone\": \"\", \"last_name\": \"Admin\", \"avatar_url\": \"\", \"first_name\": \"AAA\", \"student_id\": \"\", \"signature_url\": \"http://localhost:5050/uploads/signatures/sig-1777100951487-552483855.png\"}', '::1', NULL, '2026-04-25 07:09:32'),
(119, '00000000-0000-0000-0000-000000000001', 'UPDATE_PROFILE', 'user', '00000000-0000-0000-0000-000000000001', NULL, '{\"phone\": \"\", \"last_name\": \"Admin\", \"avatar_url\": \"\", \"first_name\": \"AAA\", \"student_id\": \"\", \"signature_url\": \"http://localhost:5050/uploads/signatures/sig-1777100951487-552483855.png\"}', '::1', NULL, '2026-04-25 07:09:32'),
(120, '00000000-0000-0000-0000-000000000001', 'UPDATE_PROFILE', 'user', '00000000-0000-0000-0000-000000000001', NULL, '{\"phone\": \"\", \"last_name\": \"Admin\", \"avatar_url\": \"\", \"first_name\": \"AAA\", \"student_id\": \"\", \"signature_url\": \"http://localhost:5050/uploads/signatures/sig-1777100951487-552483855.png\"}', '::1', NULL, '2026-04-25 07:09:35'),
(121, '00000000-0000-0000-0000-000000000001', 'UPDATE_PROFILE', 'user', '00000000-0000-0000-0000-000000000001', NULL, '{\"phone\": \"\", \"last_name\": \"Admin\", \"avatar_url\": \"\", \"first_name\": \"AAA\", \"student_id\": \"\", \"signature_url\": \"http://localhost:5050/uploads/signatures/sig-1777100951487-552483855.png\"}', '::1', NULL, '2026-04-25 07:09:35'),
(122, '00000000-0000-0000-0000-000000000001', 'UPDATE_PROFILE', 'user', '00000000-0000-0000-0000-000000000001', NULL, '{\"phone\": \"\", \"last_name\": \"Admin\", \"avatar_url\": \"\", \"first_name\": \"System\", \"student_id\": \"\", \"signature_url\": \"http://localhost:5050/uploads/signatures/sig-1777101103698-200931698.png\"}', '::1', NULL, '2026-04-25 07:11:44'),
(123, '00000000-0000-0000-0000-000000000001', 'LOGIN', 'user', '00000000-0000-0000-0000-000000000001', NULL, NULL, '::1', 'Mozilla/5.0 (Windows NT 10.0; Win64; x64) AppleWebKit/537.36 (KHTML, like Gecko) Chrome/147.0.0.0 Safari/537.36', '2026-04-25 07:22:12'),
(124, '00000000-0000-0000-0000-000000000001', 'LOGIN', 'user', '00000000-0000-0000-0000-000000000001', NULL, NULL, '::1', 'Mozilla/5.0 (Windows NT 10.0; Win64; x64) AppleWebKit/537.36 (KHTML, like Gecko) Chrome/147.0.0.0 Safari/537.36', '2026-04-25 07:22:35'),
(125, '00000000-0000-0000-0000-000000000001', 'UPDATE_PROFILE', 'user', '00000000-0000-0000-0000-000000000001', NULL, '{\"phone\": \"0812345678\", \"last_name\": \"Admin\", \"avatar_url\": \"\", \"first_name\": \"System\", \"student_id\": \"\", \"signature_url\": \"\"}', '::1', NULL, '2026-04-25 07:23:45'),
(126, '00000000-0000-0000-0000-000000000001', 'UPDATE_PROFILE', 'user', '00000000-0000-0000-0000-000000000001', NULL, '{\"phone\": \"0812345678\", \"last_name\": \"Admin\", \"avatar_url\": \"\", \"first_name\": \"System\", \"student_id\": \"\", \"signature_url\": \"\"}', '::1', NULL, '2026-04-25 07:25:00'),
(127, '00000000-0000-0000-0000-000000000001', 'UPDATE_PROFILE', 'user', '00000000-0000-0000-0000-000000000001', NULL, '{\"phone\": \"0812345678\", \"last_name\": \"Admin\", \"avatar_url\": \"\", \"first_name\": \"System\", \"student_id\": \"\", \"signature_url\": \"\"}', '::1', NULL, '2026-04-25 07:25:19'),
(128, '00000000-0000-0000-0000-000000000001', 'UPDATE_PROFILE', 'user', '00000000-0000-0000-0000-000000000001', NULL, '{\"phone\": \"08123456789\", \"last_name\": \"Admin\", \"avatar_url\": \"\", \"first_name\": \"System\", \"student_id\": \"\", \"signature_url\": \"\"}', '::1', NULL, '2026-04-25 07:26:02'),
(129, '00000000-0000-0000-0000-000000000001', 'UPDATE_PROFILE', 'user', '00000000-0000-0000-0000-000000000001', NULL, '{\"phone\": \"08123456789\", \"last_name\": \"Admin\", \"avatar_url\": \"\", \"first_name\": \"System\", \"student_id\": \"\", \"signature_url\": \"\"}', '::1', NULL, '2026-04-25 07:26:40'),
(130, '00000000-0000-0000-0000-000000000001', 'UPDATE_PROFILE', 'user', '00000000-0000-0000-0000-000000000001', NULL, '{\"phone\": \"08123456789\", \"last_name\": \"Admin\", \"avatar_url\": \"http://localhost:5050/uploads/avatars/avatar-1777102494199-595921296.jpg\", \"first_name\": \"System\", \"student_id\": \"\", \"signature_url\": \"\"}', '::1', NULL, '2026-04-25 07:34:57'),
(131, '00000000-0000-0000-0000-000000000001', 'UPDATE_PROFILE', 'user', '00000000-0000-0000-0000-000000000001', NULL, '{\"phone\": \"08123456789\", \"last_name\": \"Admin\", \"avatar_url\": \"http://localhost:5050/uploads/avatars/avatar-1777102494199-595921296.jpg\", \"first_name\": \"System\", \"student_id\": \"\", \"signature_url\": \"http://localhost:5050/uploads/signatures/sig-1777102519233-771471790.png\"}', '::1', NULL, '2026-04-25 07:35:20'),
(132, '02dc9a27-937d-4939-beae-cddec32ab76c', 'UPDATE_PROFILE', 'user', '02dc9a27-937d-4939-beae-cddec32ab76c', NULL, '{\"phone\": \"0920402852\", \"last_name\": \"Khalifa\", \"avatar_url\": \"http://localhost:5050/uploads/avatars/avatar-1777023440719-408902090.jpg\", \"first_name\": \"F\", \"student_id\": \"6511454000\", \"signature_url\": \"\"}', '::1', NULL, '2026-04-25 07:35:43'),
(133, '02dc9a27-937d-4939-beae-cddec32ab76c', 'LOGIN', 'user', '02dc9a27-937d-4939-beae-cddec32ab76c', NULL, NULL, '::1', 'Mozilla/5.0 (Windows NT 10.0; Win64; x64) AppleWebKit/537.36 (KHTML, like Gecko) Chrome/147.0.0.0 Safari/537.36', '2026-04-25 12:44:21'),
(134, '00000000-0000-0000-0000-000000000001', 'UPDATE_PROFILE', 'user', '00000000-0000-0000-0000-000000000001', NULL, '{\"phone\": \"08123456789\", \"last_name\": \"Admin\", \"avatar_url\": \"http://localhost:5050/uploads/avatars/avatar-1777102494199-595921296.jpg\", \"first_name\": \"System\", \"student_id\": \"\", \"signature_url\": \"http://localhost:5050/uploads/signatures/sig-1777122814748-175311960.png\"}', '::1', NULL, '2026-04-25 13:13:35'),
(135, '00000000-0000-0000-0000-000000000001', 'REJECT_LOAN', 'ball_loan', '0390f44c-114a-4fea-94df-a4d4baee21a4', NULL, NULL, NULL, NULL, '2026-04-25 13:30:47'),
(136, '00000000-0000-0000-0000-000000000001', 'REJECT_LOAN', 'ball_loan', '1fae538b-5e20-4bc5-beca-a4f6cf6bac1b', NULL, NULL, NULL, NULL, '2026-04-25 13:30:48'),
(137, '00000000-0000-0000-0000-000000000001', 'BOOKING_REJECTED', 'booking', '7385831a-43b9-47ef-acae-5b54b9f0d4a2', NULL, NULL, '::1', NULL, '2026-04-25 13:30:50'),
(138, '00000000-0000-0000-0000-000000000001', 'BOOKING_REJECTED', 'booking', 'aa31be34-44ff-4bcf-abcb-6bdf51eb2454', NULL, NULL, '::1', NULL, '2026-04-25 13:30:50'),
(139, '02dc9a27-937d-4939-beae-cddec32ab76c', 'LOAN_REQUEST', 'ball', '209a90b2-abc7-4b16-8564-4b14f7ce5299', NULL, NULL, NULL, NULL, '2026-04-25 13:32:25'),
(140, '00000000-0000-0000-0000-000000000001', 'APPROVE_LOAN', 'ball_loan', '2835843d-60e4-4c09-b5da-65cebe8d966f', NULL, NULL, NULL, NULL, '2026-04-25 13:32:54'),
(141, '02dc9a27-937d-4939-beae-cddec32ab76c', 'RETURN_REQUEST', 'ball', '209a90b2-abc7-4b16-8564-4b14f7ce5299', NULL, NULL, NULL, NULL, '2026-04-25 13:33:12'),
(142, '00000000-0000-0000-0000-000000000001', 'APPROVE_RETURN', 'ball_loan', '2835843d-60e4-4c09-b5da-65cebe8d966f', NULL, NULL, NULL, NULL, '2026-04-25 13:33:36'),
(143, '02dc9a27-937d-4939-beae-cddec32ab76c', 'LOAN_REQUEST', 'ball', '6e6f0aed-ff2e-4a3d-8e7f-ddf9931f39fa', NULL, NULL, NULL, NULL, '2026-04-25 13:47:36'),
(144, '00000000-0000-0000-0000-000000000001', 'APPROVE_LOAN', 'ball_loan', '7905c18b-040b-4a2e-bada-34affb6e9dc6', NULL, NULL, NULL, NULL, '2026-04-25 13:47:57'),
(145, '02dc9a27-937d-4939-beae-cddec32ab76c', 'RETURN_REQUEST', 'ball', '6e6f0aed-ff2e-4a3d-8e7f-ddf9931f39fa', NULL, NULL, NULL, NULL, '2026-04-25 13:48:15'),
(146, '00000000-0000-0000-0000-000000000001', 'APPROVE_RETURN', 'ball_loan', '7905c18b-040b-4a2e-bada-34affb6e9dc6', NULL, NULL, NULL, NULL, '2026-04-25 13:54:36'),
(147, '00000000-0000-0000-0000-000000000001', 'CREATE', 'post', 'de213a52-676b-42b8-9a7b-e93ff6136f07', NULL, '{\"title\": \"test \"}', '::1', NULL, '2026-04-25 14:17:33'),
(148, '00000000-0000-0000-0000-000000000001', 'CREATE', 'post', '8b49da9a-1c70-450d-bce2-bd6d9c69260e', NULL, '{\"title\": \"test ระบบแปป\"}', '::1', NULL, '2026-04-25 14:25:01'),
(149, '00000000-0000-0000-0000-000000000001', 'DELETE', 'post', 'de213a52-676b-42b8-9a7b-e93ff6136f07', NULL, NULL, '::1', NULL, '2026-04-25 14:25:05'),
(150, '02dc9a27-937d-4939-beae-cddec32ab76c', 'LOGIN', 'user', '02dc9a27-937d-4939-beae-cddec32ab76c', NULL, NULL, '::1', 'Mozilla/5.0 (Windows NT 10.0; Win64; x64) AppleWebKit/537.36 (KHTML, like Gecko) Chrome/147.0.0.0 Safari/537.36', '2026-04-26 08:14:08'),
(151, '02dc9a27-937d-4939-beae-cddec32ab76c', 'CREATE', 'booking', '22f471d3-752e-4874-b237-cc83a29356ce', NULL, '{\"end_time\": \"2026-04-26T10:00:00.000Z\", \"field_id\": \"field-59\", \"start_time\": \"2026-04-26T09:00:00.000Z\"}', '::1', NULL, '2026-04-26 08:39:07'),
(152, '02dc9a27-937d-4939-beae-cddec32ab76c', 'CREATE', 'booking', 'e0e7bc17-7d7a-4ed8-97f5-7a9fc1695b56', NULL, '{\"end_time\": \"2026-04-26T10:00:00.000Z\", \"field_id\": \"field-56\", \"start_time\": \"2026-04-26T09:00:00.000Z\"}', '::1', NULL, '2026-04-26 08:45:49'),
(153, '00000000-0000-0000-0000-000000000001', 'BOOKING_REJECTED', 'booking', 'e0e7bc17-7d7a-4ed8-97f5-7a9fc1695b56', NULL, NULL, '::1', NULL, '2026-04-26 08:46:17'),
(154, '02dc9a27-937d-4939-beae-cddec32ab76c', 'LOAN_REQUEST', 'ball', 'e49702d3-5b5a-4672-9754-0f30143b49cd', NULL, NULL, NULL, NULL, '2026-04-26 08:49:16'),
(155, '00000000-0000-0000-0000-000000000001', 'UPDATE_ROLE', 'user', '02dc9a27-937d-4939-beae-cddec32ab76c', '{\"role\": \"user\"}', '{\"role\": \"admin\"}', '::1', NULL, '2026-04-26 08:59:12'),
(156, '00000000-0000-0000-0000-000000000001', 'UPDATE_ROLE', 'user', '02dc9a27-937d-4939-beae-cddec32ab76c', '{\"role\": \"admin\"}', '{\"role\": \"user\"}', '::1', NULL, '2026-04-26 08:59:14'),
(157, '00000000-0000-0000-0000-000000000001', 'UPDATE_ROLE', 'user', '02dc9a27-937d-4939-beae-cddec32ab76c', '{\"role\": \"user\"}', '{\"role\": \"admin\"}', '::1', NULL, '2026-04-26 08:59:24'),
(158, '00000000-0000-0000-0000-000000000001', 'UPDATE_ROLE', 'user', '02dc9a27-937d-4939-beae-cddec32ab76c', '{\"role\": \"admin\"}', '{\"role\": \"user\"}', '::1', NULL, '2026-04-26 08:59:27'),
(159, '00000000-0000-0000-0000-000000000001', 'BOOKING_APPROVED', 'booking', '22f471d3-752e-4874-b237-cc83a29356ce', NULL, NULL, '::1', NULL, '2026-04-26 09:24:54'),
(160, '00000000-0000-0000-0000-000000000001', 'LOGIN', 'user', '00000000-0000-0000-0000-000000000001', NULL, NULL, '::1', 'Mozilla/5.0 (Windows NT 10.0; Win64; x64) AppleWebKit/537.36 (KHTML, like Gecko) Chrome/147.0.0.0 Safari/537.36', '2026-04-26 10:42:38'),
(161, 'e3f1e673-571a-4405-aba7-c75cdfc32730', 'LOGIN', 'user', 'e3f1e673-571a-4405-aba7-c75cdfc32730', NULL, NULL, '::1', 'Mozilla/5.0 (iPhone; CPU iPhone OS 18_3_1 like Mac OS X) AppleWebKit/605.1.15 (KHTML, like Gecko) Version/18.3 Mobile/15E148 Safari/604.1', '2026-04-26 10:53:13'),
(162, 'e3f1e673-571a-4405-aba7-c75cdfc32730', 'CREATE', 'booking', '1102111d-8281-4706-a3ec-bfb327423f0d', NULL, '{\"end_time\": \"2026-04-26T12:00:00.000Z\", \"field_id\": \"field-14\", \"start_time\": \"2026-04-26T11:00:00.000Z\"}', '::1', NULL, '2026-04-26 10:54:27'),
(163, '00000000-0000-0000-0000-000000000001', 'BOOKING_APPROVED', 'booking', '1102111d-8281-4706-a3ec-bfb327423f0d', NULL, NULL, '::1', NULL, '2026-04-26 10:54:49'),
(164, '00000000-0000-0000-0000-000000000001', 'BOOKING_COMPLETED', 'booking', '22f471d3-752e-4874-b237-cc83a29356ce', NULL, NULL, '::1', NULL, '2026-04-26 10:55:56'),
(165, 'e3f1e673-571a-4405-aba7-c75cdfc32730', 'LOAN_REQUEST', 'ball', 'f37874ec-59b0-467b-9299-09ace52ea8c2', NULL, NULL, NULL, NULL, '2026-04-26 10:56:03'),
(166, '00000000-0000-0000-0000-000000000001', 'APPROVE_LOAN', 'ball_loan', 'c672f6a3-9652-4950-8074-56746b249212', NULL, NULL, NULL, NULL, '2026-04-26 10:56:22'),
(167, '00000000-0000-0000-0000-000000000001', 'APPROVE_LOAN', 'ball_loan', '6ea389a4-4566-4a71-938b-cabbfdcdfd8e', NULL, NULL, NULL, NULL, '2026-04-26 10:56:27'),
(168, 'e3f1e673-571a-4405-aba7-c75cdfc32730', 'RETURN_REQUEST', 'ball', 'f37874ec-59b0-467b-9299-09ace52ea8c2', NULL, NULL, NULL, NULL, '2026-04-26 10:56:59'),
(169, '00000000-0000-0000-0000-000000000001', 'APPROVE_RETURN', 'ball_loan', '6ea389a4-4566-4a71-938b-cabbfdcdfd8e', NULL, NULL, NULL, NULL, '2026-04-26 10:57:24'),
(170, '02dc9a27-937d-4939-beae-cddec32ab76c', 'LOGIN', 'user', '02dc9a27-937d-4939-beae-cddec32ab76c', NULL, NULL, '::1', 'Mozilla/5.0 (Windows NT 10.0; Win64; x64) AppleWebKit/537.36 (KHTML, like Gecko) Chrome/147.0.0.0 Safari/537.36', '2026-04-26 11:24:16'),
(171, '00000000-0000-0000-0000-000000000001', 'APPROVE_RETURN', 'ball_loan', 'c672f6a3-9652-4950-8074-56746b249212', NULL, NULL, NULL, NULL, '2026-04-26 12:24:15');
INSERT IGNORE INTO `audit_logs` (`id`, `user_id`, `action`, `entity_type`, `entity_id`, `old_values`, `new_values`, `ip_address`, `user_agent`, `created_at`) VALUES
(172, '00000000-0000-0000-0000-000000000001', 'UPDATE_ROLE', 'user', 'e3f1e673-571a-4405-aba7-c75cdfc32730', '{\"role\": \"user\"}', '{\"role\": \"admin\"}', '::1', NULL, '2026-04-26 14:54:08'),
(173, 'e3f1e673-571a-4405-aba7-c75cdfc32730', 'LOGIN', 'user', 'e3f1e673-571a-4405-aba7-c75cdfc32730', NULL, NULL, '::1', 'Mozilla/5.0 (iPad; CPU OS 26_3_1 like Mac OS X) AppleWebKit/605.1.15 (KHTML, like Gecko) CriOS/147.0.7727.99 Mobile/15E148 Safari/604.1', '2026-04-26 15:00:43'),
(174, 'e3f1e673-571a-4405-aba7-c75cdfc32730', 'UPDATE_PROFILE', 'user', 'e3f1e673-571a-4405-aba7-c75cdfc32730', NULL, '{\"phone\": \"0610483132\", \"last_name\": \"วงศ์จอม\", \"avatar_url\": \"\", \"first_name\": \"สันติภาพ\", \"student_id\": \"65210043443\", \"signature_url\": \"/uploads/signatures/sig-1777215861369-409512075.png\"}', '::1', NULL, '2026-04-26 15:04:25'),
(175, 'e3f1e673-571a-4405-aba7-c75cdfc32730', 'UPDATE_PROFILE', 'user', 'e3f1e673-571a-4405-aba7-c75cdfc32730', NULL, '{\"phone\": \"0610483132\", \"last_name\": \"วงศ์จอม\", \"avatar_url\": \"/uploads/avatars/avatar-1777215977380-159710888.jpeg\", \"first_name\": \"สันติภาพ\", \"student_id\": \"65210043443\", \"signature_url\": \"/uploads/signatures/sig-1777215861369-409512075.png\"}', '::1', NULL, '2026-04-26 15:08:59'),
(176, '02dc9a27-937d-4939-beae-cddec32ab76c', 'LOGIN', 'user', '02dc9a27-937d-4939-beae-cddec32ab76c', NULL, NULL, '::1', 'Mozilla/5.0 (Windows NT 10.0; Win64; x64) AppleWebKit/537.36 (KHTML, like Gecko) Chrome/147.0.0.0 Safari/537.36', '2026-04-26 15:09:00'),
(177, 'cd28ab23-7c58-4691-ba1f-96c42104775e', 'LOGIN', 'user', 'cd28ab23-7c58-4691-ba1f-96c42104775e', NULL, NULL, '::1', 'Mozilla/5.0 (iPhone; CPU iPhone OS 18_6_2 like Mac OS X) AppleWebKit/605.1.15 (KHTML, like Gecko) Mobile/15E148 [FBAN/FBIOS;FBAV/558.1.0.34.110;FBBV/949486719;FBDV/iPhone14,5;FBMD/iPhone;FBSN/iOS;FBSV/18.6.2;FBSS/3;FBCR/;FBID/phone;FBLC/th_TH;FBOP/80]', '2026-04-26 15:36:14'),
(178, 'e3f1e673-571a-4405-aba7-c75cdfc32730', 'UPDATE_PROFILE', 'user', 'e3f1e673-571a-4405-aba7-c75cdfc32730', NULL, '{\"phone\": \"0610483132\", \"last_name\": \"วงศ์จอม\", \"avatar_url\": \"/uploads/avatars/avatar-1777215977380-159710888.jpeg\", \"first_name\": \"สันติภาพ\", \"student_id\": \"65210043443\", \"signature_url\": \"/uploads/signatures/sig-1777217890480-908258945.png\"}', '::1', NULL, '2026-04-26 15:38:13'),
(179, 'cd28ab23-7c58-4691-ba1f-96c42104775e', 'UPDATE_PROFILE', 'user', 'cd28ab23-7c58-4691-ba1f-96c42104775e', NULL, '{\"phone\": \"0653345993\", \"last_name\": \"งามเเสง\", \"avatar_url\": \"/uploads/avatars/avatar-1777217903566-645135704.jpeg\", \"first_name\": \"ธีระภัทร\", \"student_id\": \"66210041466\", \"signature_url\": \"\"}', '::1', NULL, '2026-04-26 15:38:41'),
(180, 'cd28ab23-7c58-4691-ba1f-96c42104775e', 'LOAN_REQUEST', 'ball', 'beb83999-d823-40b4-a0f6-824f6fda3b3b', NULL, NULL, NULL, NULL, '2026-04-26 15:39:40'),
(181, 'e3f1e673-571a-4405-aba7-c75cdfc32730', 'REJECT_LOAN', 'ball_loan', 'f1e2d0da-4a11-41aa-a33a-c34ff064fe50', NULL, NULL, NULL, NULL, '2026-04-26 15:39:57'),
(182, '00000000-0000-0000-0000-000000000001', 'UPDATE_ROLE', 'user', 'cd28ab23-7c58-4691-ba1f-96c42104775e', '{\"role\": \"user\"}', '{\"role\": \"admin\"}', '::1', NULL, '2026-04-26 15:43:32'),
(183, '00000000-0000-0000-0000-000000000001', 'UPDATE_ROLE', 'user', 'cd28ab23-7c58-4691-ba1f-96c42104775e', '{\"role\": \"admin\"}', '{\"role\": \"user\"}', '::1', NULL, '2026-04-26 15:43:35'),
(184, '00000000-0000-0000-0000-000000000001', 'UPDATE_ROLE', 'user', 'cd28ab23-7c58-4691-ba1f-96c42104775e', '{\"role\": \"user\"}', '{\"role\": \"admin\"}', '::1', NULL, '2026-04-26 15:43:47'),
(185, '00000000-0000-0000-0000-000000000001', 'BOOKING_COMPLETED', 'booking', '1102111d-8281-4706-a3ec-bfb327423f0d', NULL, NULL, '::1', NULL, '2026-04-26 15:44:26'),
(186, 'ec29b631-8f87-48f3-8d5f-bdf6691f550c', 'REGISTER', 'user', 'ec29b631-8f87-48f3-8d5f-bdf6691f550c', NULL, '{\"email\": \"somkua212@gmail.com\", \"username\": \"Santipab Wongjom 2\", \"last_name\": \"วงศ์จอม 2\", \"first_name\": \"สันติภาพ\"}', '::1', NULL, '2026-04-26 15:48:12'),
(187, 'ec29b631-8f87-48f3-8d5f-bdf6691f550c', 'LOGIN', 'user', 'ec29b631-8f87-48f3-8d5f-bdf6691f550c', NULL, NULL, '::1', 'Mozilla/5.0 (Windows NT 10.0; Win64; x64) AppleWebKit/537.36 (KHTML, like Gecko) Chrome/147.0.0.0 Safari/537.36', '2026-04-26 15:48:26'),
(188, 'ec29b631-8f87-48f3-8d5f-bdf6691f550c', 'CREATE', 'booking', '767497be-9481-48e3-ad1f-8b711d5aaba8', NULL, '{\"end_time\": \"2026-04-27T14:01:00.000Z\", \"field_id\": \"field-07\", \"start_time\": \"2026-04-27T10:02:00.000Z\"}', '::1', NULL, '2026-04-26 15:50:19'),
(189, 'e3f1e673-571a-4405-aba7-c75cdfc32730', 'BOOKING_APPROVED', 'booking', '767497be-9481-48e3-ad1f-8b711d5aaba8', NULL, NULL, '::1', NULL, '2026-04-26 15:50:59'),
(190, 'e3f1e673-571a-4405-aba7-c75cdfc32730', 'BOOKING_COMPLETED', 'booking', '767497be-9481-48e3-ad1f-8b711d5aaba8', NULL, NULL, '::1', NULL, '2026-04-26 15:55:21'),
(191, '02dc9a27-937d-4939-beae-cddec32ab76c', 'LOGIN', 'user', '02dc9a27-937d-4939-beae-cddec32ab76c', NULL, NULL, '::1', 'Mozilla/5.0 (Windows NT 10.0; Win64; x64) AppleWebKit/537.36 (KHTML, like Gecko) Chrome/147.0.0.0 Safari/537.36', '2026-04-26 17:47:54'),
(192, '02dc9a27-937d-4939-beae-cddec32ab76c', 'CREATE', 'booking', 'e5acf9c7-ff1b-4158-ba4e-46561ad464f2', NULL, '{\"end_time\": \"2026-04-27T10:00:00.000Z\", \"field_id\": \"field-18\", \"start_time\": \"2026-04-27T09:00:00.000Z\"}', '::1', NULL, '2026-04-26 22:25:00'),
(193, '02dc9a27-937d-4939-beae-cddec32ab76c', 'LOGIN', 'user', '02dc9a27-937d-4939-beae-cddec32ab76c', NULL, NULL, '::1', 'Mozilla/5.0 (Windows NT 10.0; Win64; x64) AppleWebKit/537.36 (KHTML, like Gecko) Chrome/147.0.0.0 Safari/537.36', '2026-04-27 06:28:49'),
(194, '02dc9a27-937d-4939-beae-cddec32ab76c', 'LOGIN', 'user', '02dc9a27-937d-4939-beae-cddec32ab76c', NULL, NULL, '::1', 'Mozilla/5.0 (Windows NT 10.0; Win64; x64) AppleWebKit/537.36 (KHTML, like Gecko) Chrome/147.0.0.0 Safari/537.36', '2026-04-27 06:34:41'),
(195, '02dc9a27-937d-4939-beae-cddec32ab76c', 'FORGOT_PASSWORD_REQUEST', 'user', '02dc9a27-937d-4939-beae-cddec32ab76c', NULL, NULL, '::1', NULL, '2026-04-27 06:50:38'),
(196, '02dc9a27-937d-4939-beae-cddec32ab76c', 'FORGOT_PASSWORD_REQUEST', 'user', '02dc9a27-937d-4939-beae-cddec32ab76c', NULL, NULL, '::1', NULL, '2026-04-27 06:58:11'),
(197, '02dc9a27-937d-4939-beae-cddec32ab76c', 'RESET_PASSWORD_SUCCESS', 'user', '02dc9a27-937d-4939-beae-cddec32ab76c', NULL, NULL, '::1', NULL, '2026-04-27 06:58:46'),
(198, '02dc9a27-937d-4939-beae-cddec32ab76c', 'LOGIN', 'user', '02dc9a27-937d-4939-beae-cddec32ab76c', NULL, NULL, '::1', 'Mozilla/5.0 (Windows NT 10.0; Win64; x64) AppleWebKit/537.36 (KHTML, like Gecko) Chrome/147.0.0.0 Safari/537.36', '2026-04-27 06:58:59'),
(199, '02dc9a27-937d-4939-beae-cddec32ab76c', 'LOGIN', 'user', '02dc9a27-937d-4939-beae-cddec32ab76c', NULL, NULL, '::1', 'Mozilla/5.0 (Windows NT 10.0; Win64; x64) AppleWebKit/537.36 (KHTML, like Gecko) Chrome/147.0.0.0 Safari/537.36', '2026-04-27 07:04:18'),
(200, '02dc9a27-937d-4939-beae-cddec32ab76c', 'LOGIN', 'user', '02dc9a27-937d-4939-beae-cddec32ab76c', NULL, NULL, '::1', 'Mozilla/5.0 (Windows NT 10.0; Win64; x64) AppleWebKit/537.36 (KHTML, like Gecko) Chrome/147.0.0.0 Safari/537.36', '2026-04-27 07:08:30'),
(201, '02dc9a27-937d-4939-beae-cddec32ab76c', 'LOGIN', 'user', '02dc9a27-937d-4939-beae-cddec32ab76c', NULL, NULL, '::1', 'Mozilla/5.0 (Windows NT 10.0; Win64; x64) AppleWebKit/537.36 (KHTML, like Gecko) Chrome/147.0.0.0 Safari/537.36', '2026-04-27 09:03:06'),
(202, '00000000-0000-0000-0000-000000000001', 'LOGIN', 'user', '00000000-0000-0000-0000-000000000001', NULL, NULL, '::1', 'Mozilla/5.0 (Windows NT 10.0; Win64; x64) AppleWebKit/537.36 (KHTML, like Gecko) Chrome/147.0.0.0 Safari/537.36', '2026-04-27 09:03:54'),
(203, '02dc9a27-937d-4939-beae-cddec32ab76c', 'UPDATE_PROFILE', 'user', '02dc9a27-937d-4939-beae-cddec32ab76c', NULL, '{\"phone\": \"0920402852\", \"last_name\": \"Khalifa\", \"avatar_url\": \"http://localhost:5050/uploads/avatars/avatar-1777023440719-408902090.jpg\", \"first_name\": \"F\", \"student_id\": \"6511454000\", \"signature_url\": \"/uploads/signatures/sig-1777282276441-795004096.png\"}', '::1', NULL, '2026-04-27 09:31:18'),
(204, 'e3f1e673-571a-4405-aba7-c75cdfc32730', 'LOGIN', 'user', 'e3f1e673-571a-4405-aba7-c75cdfc32730', NULL, NULL, '::1', 'Mozilla/5.0 (Windows NT 10.0; Win64; x64) AppleWebKit/537.36 (KHTML, like Gecko) Chrome/147.0.0.0 Safari/537.36', '2026-04-27 09:39:55'),
(205, 'ec29b631-8f87-48f3-8d5f-bdf6691f550c', 'LOGIN', 'user', 'ec29b631-8f87-48f3-8d5f-bdf6691f550c', NULL, NULL, '::1', 'Mozilla/5.0 (iPad; CPU OS 26_3_1 like Mac OS X) AppleWebKit/605.1.15 (KHTML, like Gecko) CriOS/147.0.7727.99 Mobile/15E148 Safari/604.1', '2026-04-27 09:40:16'),
(206, 'ec29b631-8f87-48f3-8d5f-bdf6691f550c', 'CREATE', 'booking', 'bdb71963-f4c7-4e8b-b0b2-3045a2324f70', NULL, '{\"end_time\": \"2026-04-28T10:51:00.000Z\", \"field_id\": \"field-21\", \"start_time\": \"2026-04-28T09:51:00.000Z\"}', '::1', NULL, '2026-04-27 09:49:53'),
(207, 'e3f1e673-571a-4405-aba7-c75cdfc32730', 'BOOKING_REJECTED', 'booking', 'bdb71963-f4c7-4e8b-b0b2-3045a2324f70', NULL, NULL, '::1', NULL, '2026-04-27 09:50:55'),
(208, '02dc9a27-937d-4939-beae-cddec32ab76c', 'LOGIN', 'user', '02dc9a27-937d-4939-beae-cddec32ab76c', NULL, NULL, '::1', 'Mozilla/5.0 (Windows NT 10.0; Win64; x64) AppleWebKit/537.36 (KHTML, like Gecko) Chrome/147.0.0.0 Safari/537.36', '2026-04-27 10:10:11'),
(209, '02dc9a27-937d-4939-beae-cddec32ab76c', 'LOGIN', 'user', '02dc9a27-937d-4939-beae-cddec32ab76c', NULL, NULL, '::ffff:127.0.0.1', 'Mozilla/5.0 (Windows NT 10.0; Win64; x64) AppleWebKit/537.36 (KHTML, like Gecko) Chrome/147.0.0.0 Safari/537.36', '2026-04-27 10:39:49'),
(210, '02dc9a27-937d-4939-beae-cddec32ab76c', 'LOGIN', 'user', '02dc9a27-937d-4939-beae-cddec32ab76c', NULL, NULL, '::1', 'Mozilla/5.0 (Windows NT 10.0; Win64; x64) AppleWebKit/537.36 (KHTML, like Gecko) Chrome/147.0.0.0 Safari/537.36', '2026-04-27 10:42:06'),
(211, '02dc9a27-937d-4939-beae-cddec32ab76c', 'LOGIN', 'user', '02dc9a27-937d-4939-beae-cddec32ab76c', NULL, NULL, '::1', 'Mozilla/5.0 (Windows NT 10.0; Win64; x64) AppleWebKit/537.36 (KHTML, like Gecko) Chrome/147.0.0.0 Safari/537.36', '2026-04-27 10:45:44'),
(212, '02dc9a27-937d-4939-beae-cddec32ab76c', 'LOGIN', 'user', '02dc9a27-937d-4939-beae-cddec32ab76c', NULL, NULL, '::1', 'Mozilla/5.0 (Windows NT 10.0; Win64; x64) AppleWebKit/537.36 (KHTML, like Gecko) Chrome/147.0.0.0 Safari/537.36', '2026-04-27 10:47:35'),
(213, '00000000-0000-0000-0000-000000000001', 'UPDATE', 'ball', 'b3a3a81b-a19e-43c3-a07f-bfcdcfcafd11', NULL, NULL, NULL, NULL, '2026-04-27 13:47:53'),
(214, '02dc9a27-937d-4939-beae-cddec32ab76c', 'LOGIN', 'user', '02dc9a27-937d-4939-beae-cddec32ab76c', NULL, NULL, '::1', 'Mozilla/5.0 (Windows NT 10.0; Win64; x64) AppleWebKit/537.36 (KHTML, like Gecko) Chrome/147.0.0.0 Safari/537.36', '2026-04-27 18:04:33'),
(215, '00000000-0000-0000-0000-000000000001', 'LOGIN', 'user', '00000000-0000-0000-0000-000000000001', NULL, NULL, '::1', 'Mozilla/5.0 (Windows NT 10.0; Win64; x64) AppleWebKit/537.36 (KHTML, like Gecko) Chrome/147.0.0.0 Safari/537.36', '2026-05-11 13:30:54'),
(216, '02dc9a27-937d-4939-beae-cddec32ab76c', 'LOGIN', 'user', '02dc9a27-937d-4939-beae-cddec32ab76c', NULL, NULL, '::1', 'Mozilla/5.0 (Windows NT 10.0; Win64; x64) AppleWebKit/537.36 (KHTML, like Gecko) Chrome/147.0.0.0 Safari/537.36', '2026-05-11 13:41:45'),
(217, '00000000-0000-0000-0000-000000000001', 'UPDATE', 'ball', 'cea36343-4f28-4b90-9a7b-ebba394cc48e', NULL, NULL, NULL, NULL, '2026-05-11 14:23:50'),
(218, '00000000-0000-0000-0000-000000000001', 'UPDATE', 'ball', 'dd1471eb-6ecb-425e-ab21-c612e4c8b7d3', NULL, NULL, NULL, NULL, '2026-05-11 14:25:10'),
(219, '00000000-0000-0000-0000-000000000001', 'UPDATE', 'ball', '5e336973-6a73-43d8-9cdb-d8fa27f7d43c', NULL, NULL, NULL, NULL, '2026-05-11 14:25:40'),
(220, '00000000-0000-0000-0000-000000000001', 'UPDATE', 'ball', 'a2269628-cdc8-4a5e-bf64-02feea747cbb', NULL, NULL, NULL, NULL, '2026-05-11 14:26:18'),
(221, '00000000-0000-0000-0000-000000000001', 'UPDATE', 'ball', '909804c3-df1e-4b81-9f81-eec4201f5f2f', NULL, NULL, NULL, NULL, '2026-05-11 14:26:55'),
(222, '00000000-0000-0000-0000-000000000001', 'UPDATE', 'ball', '65a43bde-6c37-4709-bdee-40068470c4b9', NULL, NULL, NULL, NULL, '2026-05-11 14:27:29'),
(223, '00000000-0000-0000-0000-000000000001', 'UPDATE', 'ball', 'c6b47314-5f3e-483d-8787-47a4e62e60cf', NULL, NULL, NULL, NULL, '2026-05-11 14:28:19'),
(224, '00000000-0000-0000-0000-000000000001', 'UPDATE', 'ball', '6f27ffd7-7859-4ad4-9f1d-103609ff341e', NULL, NULL, NULL, NULL, '2026-05-11 14:30:16'),
(225, '00000000-0000-0000-0000-000000000001', 'UPDATE', 'ball', '4ef44d61-00a2-4ccd-bcae-aa420bc42b00', NULL, NULL, NULL, NULL, '2026-05-11 14:30:34'),
(226, '00000000-0000-0000-0000-000000000001', 'UPDATE', 'ball', '209a90b2-abc7-4b16-8564-4b14f7ce5299', NULL, NULL, NULL, NULL, '2026-05-11 14:31:53'),
(227, '00000000-0000-0000-0000-000000000001', 'UPDATE', 'ball', '6d3aba5d-e2cb-4d06-a099-b468c474e971', NULL, NULL, NULL, NULL, '2026-05-11 14:31:58'),
(228, '00000000-0000-0000-0000-000000000001', 'UPDATE', 'ball', 'f982528f-963a-41bc-b387-999783c809d3', NULL, NULL, NULL, NULL, '2026-05-11 14:32:04'),
(229, '00000000-0000-0000-0000-000000000001', 'UPDATE', 'ball', '95235ce3-9164-4e4f-8282-6f37f38055cc', NULL, NULL, NULL, NULL, '2026-05-11 14:32:14'),
(230, '00000000-0000-0000-0000-000000000001', 'UPDATE', 'ball', '0f092b95-c498-4ffd-99f2-9ee8d74d48c5', NULL, NULL, NULL, NULL, '2026-05-11 14:32:23'),
(231, '00000000-0000-0000-0000-000000000001', 'UPDATE', 'ball', 'cabd9350-4d00-495d-b6ad-f550620914e4', NULL, NULL, NULL, NULL, '2026-05-11 14:33:48'),
(232, '00000000-0000-0000-0000-000000000001', 'UPDATE', 'ball', 'ac600856-47bd-42f3-806b-3faa6f9b16d5', NULL, NULL, NULL, NULL, '2026-05-11 14:34:10'),
(233, '00000000-0000-0000-0000-000000000001', 'UPDATE', 'ball', '3d41cc93-8cde-4658-a21f-13a4c1b50251', NULL, NULL, NULL, NULL, '2026-05-11 14:34:27'),
(234, '00000000-0000-0000-0000-000000000001', 'UPDATE', 'ball', '6c65b186-219b-4cc4-8a32-e2b8a369a7f2', NULL, NULL, NULL, NULL, '2026-05-11 14:34:45'),
(235, '00000000-0000-0000-0000-000000000001', 'UPDATE', 'ball', '30935295-9d95-40a1-9edb-8d3862139429', NULL, NULL, NULL, NULL, '2026-05-11 14:35:05'),
(236, '00000000-0000-0000-0000-000000000001', 'UPDATE', 'ball', '5c6dea0f-0ac7-46da-a6c6-fdc49d20bfc6', NULL, NULL, NULL, NULL, '2026-05-11 14:35:31'),
(237, '00000000-0000-0000-0000-000000000001', 'UPDATE', 'ball', 'f37874ec-59b0-467b-9299-09ace52ea8c2', NULL, NULL, NULL, NULL, '2026-05-11 14:35:52'),
(238, '00000000-0000-0000-0000-000000000001', 'UPDATE', 'ball', 'ec755be5-7810-44ec-8dc0-ad85b5f42b37', NULL, NULL, NULL, NULL, '2026-05-11 14:36:13'),
(239, '00000000-0000-0000-0000-000000000001', 'UPDATE', 'ball', 'ec755be5-7810-44ec-8dc0-ad85b5f42b37', NULL, NULL, NULL, NULL, '2026-05-11 14:36:30'),
(240, '00000000-0000-0000-0000-000000000001', 'UPDATE', 'ball', '6760de50-65bc-4241-b254-9b7f3c1d213a', NULL, NULL, NULL, NULL, '2026-05-11 14:36:50'),
(241, '00000000-0000-0000-0000-000000000001', 'LOGIN', 'user', '00000000-0000-0000-0000-000000000001', NULL, NULL, '::1', 'Mozilla/5.0 (Windows NT 10.0; Win64; x64) AppleWebKit/537.36 (KHTML, like Gecko) Chrome/147.0.0.0 Safari/537.36', '2026-05-11 15:03:06'),
(242, '02dc9a27-937d-4939-beae-cddec32ab76c', 'LOGIN', 'user', '02dc9a27-937d-4939-beae-cddec32ab76c', NULL, NULL, '::1', 'Mozilla/5.0 (Windows NT 10.0; Win64; x64) AppleWebKit/537.36 (KHTML, like Gecko) Chrome/147.0.0.0 Safari/537.36', '2026-05-11 15:04:39'),
(243, '02dc9a27-937d-4939-beae-cddec32ab76c', 'CREATE', 'booking', '73f1bea5-5bb9-4cd4-816c-03600344e696', NULL, '{\"end_time\": \"2026-05-12T11:00:00.000Z\", \"field_id\": \"field-16\", \"start_time\": \"2026-05-12T09:00:00.000Z\"}', '::1', NULL, '2026-05-11 15:12:53'),
(244, '00000000-0000-0000-0000-000000000001', 'BOOKING_REJECTED', 'booking', 'e5acf9c7-ff1b-4158-ba4e-46561ad464f2', NULL, NULL, '::1', NULL, '2026-05-11 15:15:10'),
(245, '00000000-0000-0000-0000-000000000001', 'BOOKING_APPROVED', 'booking', '73f1bea5-5bb9-4cd4-816c-03600344e696', NULL, NULL, '::1', NULL, '2026-05-11 15:15:32'),
(246, '00000000-0000-0000-0000-000000000001', 'UPDATE', 'post', '8b49da9a-1c70-450d-bce2-bd6d9c69260e', NULL, NULL, '::1', NULL, '2026-05-11 16:30:42'),
(247, '00000000-0000-0000-0000-000000000001', 'LOGIN', 'user', '00000000-0000-0000-0000-000000000001', NULL, NULL, '::1', 'Mozilla/5.0 (Windows NT 10.0; Win64; x64) AppleWebKit/537.36 (KHTML, like Gecko) Chrome/147.0.0.0 Safari/537.36', '2026-05-13 11:23:26'),
(248, '02dc9a27-937d-4939-beae-cddec32ab76c', 'LOGIN', 'user', '02dc9a27-937d-4939-beae-cddec32ab76c', NULL, NULL, '::1', 'Mozilla/5.0 (Windows NT 10.0; Win64; x64) AppleWebKit/537.36 (KHTML, like Gecko) Chrome/147.0.0.0 Safari/537.36', '2026-05-13 11:26:52'),
(249, '00000000-0000-0000-0000-000000000001', 'UPDATE_PROFILE', 'user', '00000000-0000-0000-0000-000000000001', NULL, '{\"phone\": \"08123456789\", \"last_name\": \"Admin\", \"avatar_url\": \"http://localhost:5050/uploads/avatars/avatar-1777102494199-595921296.jpg\", \"first_name\": \"System\", \"student_id\": \"\", \"signature_url\": \"http://localhost:5050/uploads/signatures/sig-1777122814748-175311960.png\", \"signature_role\": \"president\"}', '::1', NULL, '2026-05-13 11:43:48'),
(250, 'e3f1e673-571a-4405-aba7-c75cdfc32730', 'LOGIN', 'user', 'e3f1e673-571a-4405-aba7-c75cdfc32730', NULL, NULL, '::1', 'Mozilla/5.0 (Windows NT 10.0; Win64; x64) AppleWebKit/537.36 (KHTML, like Gecko) Chrome/147.0.0.0 Safari/537.36', '2026-05-13 15:27:53'),
(251, 'ec29b631-8f87-48f3-8d5f-bdf6691f550c', 'LOGIN', 'user', 'ec29b631-8f87-48f3-8d5f-bdf6691f550c', NULL, NULL, '::1', 'Mozilla/5.0 (Windows NT 10.0; Win64; x64) AppleWebKit/537.36 (KHTML, like Gecko) Chrome/147.0.0.0 Safari/537.36', '2026-05-13 15:28:17'),
(252, 'ec29b631-8f87-48f3-8d5f-bdf6691f550c', 'UPDATE_PROFILE', 'user', 'ec29b631-8f87-48f3-8d5f-bdf6691f550c', NULL, '{\"phone\": \"0610483132\", \"last_name\": \"วงศ์จอม\", \"avatar_url\": \"/uploads/avatars/avatar-1777215977380-159710888.jpeg\", \"first_name\": \"สันติภาพ\", \"student_id\": \"65210043443\", \"signature_url\": \"/uploads/signatures/sig-1777217890480-908258945.png\", \"signature_role\": \"approver\"}', '::1', NULL, '2026-05-13 15:30:34'),
(253, 'ec29b631-8f87-48f3-8d5f-bdf6691f550c', 'UPDATE_PROFILE', 'user', 'ec29b631-8f87-48f3-8d5f-bdf6691f550c', NULL, '{\"phone\": \"0610483132\", \"last_name\": \"วงศ์จอม\", \"avatar_url\": \"/uploads/avatars/avatar-1777215977380-159710888.jpeg\", \"first_name\": \"สันติภาพ\", \"student_id\": \"65210043443\", \"signature_url\": \"/uploads/signatures/sig-1777217890480-908258945.png\", \"signature_role\": \"approver\"}', '::1', NULL, '2026-05-13 15:31:23'),
(254, 'e3f1e673-571a-4405-aba7-c75cdfc32730', 'LOGIN', 'user', 'e3f1e673-571a-4405-aba7-c75cdfc32730', NULL, NULL, '::1', 'Mozilla/5.0 (Windows NT 10.0; Win64; x64) AppleWebKit/537.36 (KHTML, like Gecko) Chrome/147.0.0.0 Safari/537.36', '2026-05-13 15:31:39'),
(255, 'e3f1e673-571a-4405-aba7-c75cdfc32730', 'CREATE', 'post', '16f0ec61-4ed9-4881-88ec-0c3054632c2a', NULL, '{\"title\": \"ม.อุบลฯ รวมใจเชียร์ไทยให้สุดเสียง! ร่วมส่งแรงใจสู้ศึกชิงแชมป์โลก เปตอง 2026\"}', '::1', NULL, '2026-05-13 15:35:35'),
(256, 'e3f1e673-571a-4405-aba7-c75cdfc32730', 'UPDATE', 'post', '8b49da9a-1c70-450d-bce2-bd6d9c69260e', NULL, NULL, '::1', NULL, '2026-05-13 15:36:44'),
(257, 'e3f1e673-571a-4405-aba7-c75cdfc32730', 'UPDATE', 'post', '16f0ec61-4ed9-4881-88ec-0c3054632c2a', NULL, NULL, '::1', NULL, '2026-05-13 15:36:49'),
(258, 'e3f1e673-571a-4405-aba7-c75cdfc32730', 'CREATE', 'post', '672a2a3d-3f25-4903-83dc-85082f33a322', NULL, '{\"title\": \"ชมรมเปตองขอร่วมแสดงความยินดีและความภาคภูมิใจอย่างสุดซึ้ง ❤️🏆\"}', '::1', NULL, '2026-05-13 15:42:12'),
(259, 'e3f1e673-571a-4405-aba7-c75cdfc32730', 'UPDATE', 'post', '16f0ec61-4ed9-4881-88ec-0c3054632c2a', NULL, NULL, '::1', NULL, '2026-05-13 15:42:19'),
(260, 'e3f1e673-571a-4405-aba7-c75cdfc32730', 'UPDATE', 'post', '16f0ec61-4ed9-4881-88ec-0c3054632c2a', NULL, NULL, '::1', NULL, '2026-05-13 15:42:24'),
(261, 'e3f1e673-571a-4405-aba7-c75cdfc32730', 'UPDATE', 'post', '672a2a3d-3f25-4903-83dc-85082f33a322', NULL, NULL, '::1', NULL, '2026-05-13 15:42:27'),
(262, 'e3f1e673-571a-4405-aba7-c75cdfc32730', 'UPDATE', 'post', '16f0ec61-4ed9-4881-88ec-0c3054632c2a', NULL, NULL, '::1', NULL, '2026-05-13 15:43:05'),
(263, 'e3f1e673-571a-4405-aba7-c75cdfc32730', 'LOGIN', 'user', 'e3f1e673-571a-4405-aba7-c75cdfc32730', NULL, NULL, '::1', 'Mozilla/5.0 (Windows NT 10.0; Win64; x64) AppleWebKit/537.36 (KHTML, like Gecko) Chrome/147.0.0.0 Safari/537.36', '2026-05-13 16:01:19'),
(264, 'ec29b631-8f87-48f3-8d5f-bdf6691f550c', 'LOGIN', 'user', 'ec29b631-8f87-48f3-8d5f-bdf6691f550c', NULL, NULL, '::1', 'Mozilla/5.0 (Windows NT 10.0; Win64; x64) AppleWebKit/537.36 (KHTML, like Gecko) Chrome/147.0.0.0 Safari/537.36', '2026-05-13 16:51:57'),
(265, 'ec29b631-8f87-48f3-8d5f-bdf6691f550c', 'UPDATE_PROFILE', 'user', 'ec29b631-8f87-48f3-8d5f-bdf6691f550c', NULL, '{\"phone\": \"0610483132\", \"last_name\": \"วงศ์จอม\", \"avatar_url\": \"/uploads/avatars/avatar-1777215977380-159710888.jpeg\", \"first_name\": \"สันติภาพ\", \"student_id\": \"65210043443\", \"signature_url\": \"/uploads/signatures/sig-1777217890480-908258945.png\", \"signature_role\": \"approver\"}', '::1', NULL, '2026-05-13 16:53:58'),
(266, '02dc9a27-937d-4939-beae-cddec32ab76c', 'LOGIN', 'user', '02dc9a27-937d-4939-beae-cddec32ab76c', NULL, NULL, '::1', 'Mozilla/5.0 (Windows NT 10.0; Win64; x64) AppleWebKit/537.36 (KHTML, like Gecko) Chrome/148.0.0.0 Safari/537.36', '2026-05-13 23:54:03'),
(267, '00000000-0000-0000-0000-000000000001', 'LOGIN', 'user', '00000000-0000-0000-0000-000000000001', NULL, NULL, '::1', 'Mozilla/5.0 (Windows NT 10.0; Win64; x64) AppleWebKit/537.36 (KHTML, like Gecko) Chrome/148.0.0.0 Safari/537.36', '2026-05-14 00:03:25'),
(268, '00000000-0000-0000-0000-000000000001', 'LOGIN', 'user', '00000000-0000-0000-0000-000000000001', NULL, NULL, '::1', 'Mozilla/5.0 (Windows NT 10.0; Win64; x64) AppleWebKit/537.36 (KHTML, like Gecko) Chrome/148.0.0.0 Safari/537.36', '2026-05-14 00:07:19'),
(269, '00000000-0000-0000-0000-000000000001', 'LOGIN', 'user', '00000000-0000-0000-0000-000000000001', NULL, NULL, '::1', 'Mozilla/5.0 (Windows NT 10.0; Win64; x64) AppleWebKit/537.36 (KHTML, like Gecko) Chrome/148.0.0.0 Safari/537.36', '2026-05-14 01:02:46'),
(270, '00000000-0000-0000-0000-000000000001', 'LOGIN', 'user', '00000000-0000-0000-0000-000000000001', NULL, NULL, '::1', 'Mozilla/5.0 (Windows NT 10.0; Win64; x64) AppleWebKit/537.36 (KHTML, like Gecko) Chrome/148.0.0.0 Safari/537.36', '2026-06-03 07:47:10'),
(271, '02dc9a27-937d-4939-beae-cddec32ab76c', 'LOGIN', 'user', '02dc9a27-937d-4939-beae-cddec32ab76c', NULL, NULL, '::1', 'Mozilla/5.0 (Windows NT 10.0; Win64; x64) AppleWebKit/537.36 (KHTML, like Gecko) Chrome/148.0.0.0 Safari/537.36', '2026-06-03 07:54:51'),
(272, 'c280a6aa-fab0-4f06-a3d2-3498c77b2cb7', 'REGISTER', 'user', 'c280a6aa-fab0-4f06-a3d2-3498c77b2cb7', NULL, '{\"email\": \"tan@gmail.com\", \"username\": \"Tankhun\", \"last_name\": \"ค้าบบบ\", \"first_name\": \"แทนคุณ\"}', '::1', NULL, '2026-06-03 08:15:53'),
(273, 'c280a6aa-fab0-4f06-a3d2-3498c77b2cb7', 'LOGIN', 'user', 'c280a6aa-fab0-4f06-a3d2-3498c77b2cb7', NULL, NULL, '::1', 'Mozilla/5.0 (X11; Linux x86_64) AppleWebKit/537.36 (KHTML, like Gecko) Chrome/148.0.0.0 Safari/537.36', '2026-06-03 08:16:11'),
(274, 'c280a6aa-fab0-4f06-a3d2-3498c77b2cb7', 'UPDATE_PROFILE', 'user', 'c280a6aa-fab0-4f06-a3d2-3498c77b2cb7', NULL, '{\"phone\": \"0929598372\", \"last_name\": \"ค้าบบบ\", \"avatar_url\": \"\", \"first_name\": \"แทนคุณ\", \"student_id\": \"6511454009\", \"signature_url\": \"\", \"signature_role\": \"none\"}', '::1', NULL, '2026-06-03 08:20:11'),
(275, 'c280a6aa-fab0-4f06-a3d2-3498c77b2cb7', 'LOGIN', 'user', 'c280a6aa-fab0-4f06-a3d2-3498c77b2cb7', NULL, NULL, '::1', 'Mozilla/5.0 (X11; Linux x86_64) AppleWebKit/537.36 (KHTML, like Gecko) Chrome/148.0.0.0 Safari/537.36', '2026-06-03 08:23:12'),
(276, 'c280a6aa-fab0-4f06-a3d2-3498c77b2cb7', 'LOAN_REQUEST', 'ball', 'dd1471eb-6ecb-425e-ab21-c612e4c8b7d3', NULL, NULL, NULL, NULL, '2026-06-03 08:25:02'),
(277, '00000000-0000-0000-0000-000000000001', 'LOGIN', 'user', '00000000-0000-0000-0000-000000000001', NULL, NULL, '::1', 'Mozilla/5.0 (Linux; Android 14; 23043RP34G Build/UKQ1.240624.001; wv) AppleWebKit/537.36 (KHTML, like Gecko) Version/4.0 Chrome/148.0.7778.178 Safari/537.36 [FB_IAB/FB4A;FBAV/560.0.0.55.69;]', '2026-06-03 08:25:59'),
(278, '00000000-0000-0000-0000-000000000001', 'APPROVE_LOAN', 'ball_loan', 'f910e281-43a1-4562-b820-24de11b14845', NULL, NULL, NULL, NULL, '2026-06-03 08:26:34'),
(279, '00000000-0000-0000-0000-000000000001', 'APPROVE_LOAN', 'ball_loan', 'f910e281-43a1-4562-b820-24de11b14845', NULL, NULL, NULL, NULL, '2026-06-03 08:26:37'),
(280, '00000000-0000-0000-0000-000000000001', 'APPROVE_LOAN', 'ball_loan', 'f910e281-43a1-4562-b820-24de11b14845', NULL, NULL, NULL, NULL, '2026-06-03 08:26:43'),
(281, 'c280a6aa-fab0-4f06-a3d2-3498c77b2cb7', 'RETURN_REQUEST', 'ball', 'dd1471eb-6ecb-425e-ab21-c612e4c8b7d3', NULL, NULL, NULL, NULL, '2026-06-03 08:27:13'),
(282, '00000000-0000-0000-0000-000000000001', 'APPROVE_LOAN', 'ball_loan', 'f910e281-43a1-4562-b820-24de11b14845', NULL, NULL, NULL, NULL, '2026-06-03 08:27:36'),
(283, '00000000-0000-0000-0000-000000000001', 'APPROVE_LOAN', 'ball_loan', 'f910e281-43a1-4562-b820-24de11b14845', NULL, NULL, NULL, NULL, '2026-06-03 08:27:36'),
(284, '00000000-0000-0000-0000-000000000001', 'APPROVE_RETURN', 'ball_loan', 'f910e281-43a1-4562-b820-24de11b14845', NULL, NULL, NULL, NULL, '2026-06-03 08:34:08'),
(285, '00000000-0000-0000-0000-000000000001', 'BOOKING_COMPLETED', 'booking', '73f1bea5-5bb9-4cd4-816c-03600344e696', NULL, NULL, '::1', NULL, '2026-06-03 08:34:12');

-- --------------------------------------------------------

--
-- Table structure for table `balls`
--

CREATE TABLE IF NOT EXISTS `balls` (
  `id` varchar(36) NOT NULL,
  `brand` varchar(255) NOT NULL,
  `model` varchar(255) NOT NULL,
  `code` varchar(100) NOT NULL,
  `weight` int NOT NULL COMMENT 'weight in grams',
  `diameter` int NOT NULL COMMENT 'diameter in mm',
  `pattern` varchar(255) NOT NULL,
  `image_url` text,
  `status` enum('available','borrowed','reserved','maintenance','unavailable') NOT NULL DEFAULT 'available',
  `condition_note` text,
  `created_at` datetime NOT NULL DEFAULT CURRENT_TIMESTAMP,
  `updated_at` datetime NOT NULL DEFAULT CURRENT_TIMESTAMP ON UPDATE CURRENT_TIMESTAMP,
  `deleted_at` datetime DEFAULT NULL
) ENGINE=InnoDB DEFAULT CHARSET=utf8mb4 COLLATE=utf8mb4_0900_ai_ci;

--
-- Dumping data for table `balls`
--

INSERT IGNORE INTO `balls` (`id`, `brand`, `model`, `code`, `weight`, `diameter`, `pattern`, `image_url`, `status`, `condition_note`, `created_at`, `updated_at`, `deleted_at`) VALUES
('0915cd48-45aa-47cb-912b-da7f99cd4b71', 'MARATHON', 'M.T. TOUR/S', '2SA358', 680, 72, 'ลูกเกลี้ยง', 'https://images.unsplash.com/photo-1610471249646-63e77873587b?auto=format&fit=crop&q=80&w=800', 'available', NULL, '2026-04-24 08:41:23', '2026-04-25 13:00:49', NULL),
('0f092b95-c498-4ffd-99f2-9ee8d74d48c5', 'OBUT', 'OBUT MADE IN FRANCE', 'OMF-5', 0, 0, 'ลูกเกลี้ยง', '/uploads/balls/ball-1778509939649-864697061.JPG', 'available', NULL, '2026-04-24 08:41:23', '2026-05-11 14:32:23', NULL),
('209a90b2-abc7-4b16-8564-4b14f7ce5299', 'OBUT', 'OBUT MADE IN FRANCE', 'OMF-1', 0, 0, 'ลูกลายเดี่ยว', '/uploads/balls/ball-1778509911624-498324895.JPG', 'available', NULL, '2026-04-24 08:41:23', '2026-05-11 14:31:53', NULL),
('2aabe344-303b-4487-af26-0feb746522c5', 'LA FRANC', 'LA FRANC SM', '102MR', 680, 72, 'ลูกเกลี้ยง', NULL, 'available', NULL, '2026-04-24 08:41:23', '2026-04-24 08:41:23', NULL),
('30935295-9d95-40a1-9edb-8d3862139429', 'MARATHON', 'M.T. TOUR/M', '2AD973', 690, 71, 'ลูกเกลี้ยง', '/uploads/balls/ball-1778510104585-249188608.JPG', 'available', NULL, '2026-04-24 08:41:23', '2026-05-11 14:35:05', NULL),
('3d41cc93-8cde-4658-a21f-13a4c1b50251', 'MARATHON', 'M.T. TOUR/S', '2AA641', 680, 72, 'ลูกเกลี้ยง', '/uploads/balls/ball-1778510066105-474237913.JPG', 'available', NULL, '2026-04-24 08:41:23', '2026-05-11 14:34:27', NULL),
('44935637-187c-4a6a-95ba-827edacb5500', 'OBUT', 'OBUT MATCH IT', 'F250', 680, 73, 'ลูกเกลี้ยง', NULL, 'available', NULL, '2026-04-24 08:41:23', '2026-04-24 08:41:23', NULL),
('4ef44d61-00a2-4ccd-bcae-aa420bc42b00', 'OBUT', 'OBUT MATCH', 'V20', 680, 73, 'ลูกลายเดี่ยว', '/uploads/balls/ball-1778509833041-975419742.JPG', 'available', NULL, '2026-04-24 08:41:23', '2026-05-11 14:30:34', NULL),
('5300f5c4-8b0a-411b-bd7e-9cf470bfcc04', 'MARATHON', 'P + T', '68A', 670, 72, 'ลูกลายคู่', NULL, 'available', NULL, '2026-04-24 08:41:23', '2026-04-24 08:41:23', NULL),
('5c6dea0f-0ac7-46da-a6c6-fdc49d20bfc6', 'MARATHON', 'M.T. TOUR/M', '2BA352', 680, 72, 'ลูกเกลี้ยง', '/uploads/balls/ball-1778510129938-695837650.JPG', 'available', NULL, '2026-04-24 08:41:23', '2026-05-11 14:35:31', NULL),
('5e336973-6a73-43d8-9cdb-d8fa27f7d43c', 'LA FRANC', 'LA FRANC SM', '145HR', 670, 71, 'ลูกลายคู่', '/uploads/balls/ball-1778509539451-596377664.JPG', 'available', NULL, '2026-04-24 08:41:23', '2026-05-11 14:25:40', NULL),
('65a43bde-6c37-4709-bdee-40068470c4b9', 'MARATHON', 'M.T. TOUR/S', 'B168', 660, 72, 'ลูกลายสาม', '/uploads/balls/ball-1778509648408-910540151.JPG', 'available', NULL, '2026-04-24 08:41:23', '2026-05-11 14:27:29', NULL),
('6760de50-65bc-4241-b254-9b7f3c1d213a', 'MARATHON', 'M.T. TOUR/M', '4AA128', 700, 74, 'ลูกเกลี้ยง', '/uploads/balls/ball-1778510208847-544529813.JPG', 'available', NULL, '2026-04-24 08:41:23', '2026-05-11 14:36:49', NULL),
('6c65b186-219b-4cc4-8a32-e2b8a369a7f2', 'MARATHON', 'M.T. TOUR/S', '2AB080', 680, 72, 'ลูกเกลี้ยง', '/uploads/balls/ball-1778510084215-795109109.JPG', 'available', NULL, '2026-04-24 08:41:23', '2026-05-11 14:34:45', NULL),
('6d3aba5d-e2cb-4d06-a099-b468c474e971', 'OBUT', 'OBUT MADE IN FRANCE', 'OMF-2', 0, 0, 'ลูกเกลี้ยง', '/uploads/balls/ball-1778509917406-385219561.JPG', 'available', NULL, '2026-04-24 08:41:23', '2026-05-11 14:31:58', NULL),
('6e6f0aed-ff2e-4a3d-8e7f-ddf9931f39fa', 'LA FRANC', 'LA FRANC SM', '076MR', 680, 72, 'ลูกเกลี้ยง', NULL, 'available', NULL, '2026-04-24 08:41:23', '2026-04-25 13:54:36', NULL),
('6f27ffd7-7859-4ad4-9f1d-103609ff341e', 'OBUT', 'OBUT MATCH IT', 'V441', 680, 72, 'ลูกเกลี้ยง', '/uploads/balls/ball-1778509814620-695469593.JPG', 'available', NULL, '2026-04-24 08:41:23', '2026-05-11 14:30:16', NULL),
('8195a54c-5842-48dd-ba65-6814f10db744', 'MARATHON', 'M - BLEM', '1NE386', 680, 71, 'ลูกเกลี้ยง', NULL, 'available', NULL, '2026-04-24 08:41:23', '2026-04-24 08:41:23', NULL),
('909804c3-df1e-4b81-9f81-eec4201f5f2f', 'LA FRANC', 'LA FRANC SM', '578MR', 670, 71, 'ลูกลายเดี่ยว', '/uploads/balls/ball-1778509613834-299084554.JPG', 'available', NULL, '2026-04-24 08:41:23', '2026-05-11 14:26:55', NULL),
('95235ce3-9164-4e4f-8282-6f37f38055cc', 'OBUT', 'OBUT MADE IN FRANCE', 'OMF-4', 0, 0, 'ลูกเกลี้ยง', '/uploads/balls/ball-1778509930421-616098054.JPG', 'available', NULL, '2026-04-24 08:41:23', '2026-05-11 14:32:14', NULL),
('a2269628-cdc8-4a5e-bf64-02feea747cbb', 'LA FRANC', 'LA FRANC SM', '528HR', 680, 72, 'ลูกลายเดี่ยว', '/uploads/balls/ball-1778509577304-757765038.JPG', 'available', NULL, '2026-04-24 08:41:23', '2026-05-11 14:26:18', NULL),
('ac600856-47bd-42f3-806b-3faa6f9b16d5', 'MARATHON', 'M.T. TOUR/S', '2AA063', 670, 72, 'ลูกลายสาม', '/uploads/balls/ball-1778510048711-75817030.JPG', 'available', NULL, '2026-04-24 08:41:23', '2026-05-11 14:34:10', NULL),
('b3a3a81b-a19e-43c3-a07f-bfcdcfcafd11', 'LA FRANC', 'LA FRANC SM', '440HR', 680, 72, 'ลูกลายเดี่ยว', '/uploads/balls/avatar-1777297670098-213820614.JPG', 'available', NULL, '2026-04-24 08:41:23', '2026-04-27 13:47:53', NULL),
('beb83999-d823-40b4-a0f6-824f6fda3b3b', 'OBUT', 'OBUT MATCH', '3L27', 680, 72, 'ลูกเกลี้ยง', NULL, 'available', NULL, '2026-04-24 08:41:23', '2026-04-26 15:39:57', NULL),
('c6b47314-5f3e-483d-8787-47a4e62e60cf', 'OBUT', 'OBUT MATCH', 'J13_T14', 680, 71, 'ลูกเกลี้ยง', '/uploads/balls/ball-1778509698659-569196725.JPG', 'available', NULL, '2026-04-24 08:41:23', '2026-05-11 14:28:19', NULL),
('cabd9350-4d00-495d-b6ad-f550620914e4', 'MARATHON', 'P + T', '01L', 700, 72, 'ลูกเกลี้ยง', '/uploads/balls/ball-1778510026988-599074227.JPG', 'available', NULL, '2026-04-24 08:41:23', '2026-05-11 14:33:48', NULL),
('cea36343-4f28-4b90-9a7b-ebba394cc48e', 'MARATHON', 'M.T. TOUR/M', '71K920', 680, 72, 'ลูกลายเดี่ยว', '/uploads/balls/ball-1778509428537-436431918.JPG', 'available', NULL, '2026-04-24 08:41:23', '2026-05-11 14:23:50', NULL),
('dd1471eb-6ecb-425e-ab21-c612e4c8b7d3', 'LA FRANC', 'LA FRANC SM', '105MR', 680, 72, 'ลูกเกลี้ยง', '/uploads/balls/ball-1778509509375-521320102.JPG', 'available', NULL, '2026-04-24 08:41:23', '2026-06-03 08:34:08', NULL),
('e49702d3-5b5a-4672-9754-0f30143b49cd', 'MARATHON', 'M - BLEM', '3NC177', 680, 73, 'ลูกเกลี้ยง', NULL, 'available', NULL, '2026-04-24 08:41:23', '2026-04-26 12:24:15', NULL),
('ec755be5-7810-44ec-8dc0-ad85b5f42b37', 'MARATHON', 'M - BLEM', '2NB192', 680, 72, 'ลูกเกลี้ยง', '/uploads/balls/ball-1778510188758-861042129.JPG', 'available', NULL, '2026-04-24 08:41:23', '2026-05-11 14:36:30', NULL),
('f37874ec-59b0-467b-9299-09ace52ea8c2', 'MARATHON', 'M.T. TOUR/M', '2BA554', 680, 72, 'ลูกเกลี้ยง', '/uploads/balls/ball-1778510151522-302430123.JPG', 'available', NULL, '2026-04-24 08:41:23', '2026-05-11 14:35:52', NULL),
('f982528f-963a-41bc-b387-999783c809d3', 'OBUT', 'OBUT MADE IN FRANCE', 'OMF-3', 0, 0, 'ลูกเกลี้ยง', '/uploads/balls/ball-1778509922770-937422031.JPG', 'available', NULL, '2026-04-24 08:41:23', '2026-05-11 14:32:04', NULL);

-- --------------------------------------------------------

--
-- Table structure for table `ball_loans`
--

CREATE TABLE IF NOT EXISTS `ball_loans` (
  `id` varchar(36) NOT NULL,
  `user_id` varchar(36) NOT NULL,
  `ball_id` varchar(36) NOT NULL,
  `loan_start` datetime NOT NULL DEFAULT CURRENT_TIMESTAMP,
  `loan_end` datetime NOT NULL COMMENT 'expected return time',
  `returned_at` datetime DEFAULT NULL,
  `status` enum('pending','active','returning','returned','overdue','lost','rejected') NOT NULL DEFAULT 'pending',
  `notes` text,
  `approved_by` varchar(36) DEFAULT NULL,
  `created_at` datetime NOT NULL DEFAULT CURRENT_TIMESTAMP,
  `updated_at` datetime NOT NULL DEFAULT CURRENT_TIMESTAMP ON UPDATE CURRENT_TIMESTAMP,
  `return_approved_by` varchar(36) DEFAULT NULL,
  `return_admin_signature` text
) ENGINE=InnoDB DEFAULT CHARSET=utf8mb4 COLLATE=utf8mb4_0900_ai_ci;

--
-- Dumping data for table `ball_loans`
--

INSERT IGNORE INTO `ball_loans` (`id`, `user_id`, `ball_id`, `loan_start`, `loan_end`, `returned_at`, `status`, `notes`, `approved_by`, `created_at`, `updated_at`, `return_approved_by`, `return_admin_signature`) VALUES
('0390f44c-114a-4fea-94df-a4d4baee21a4', 'cd28ab23-7c58-4691-ba1f-96c42104775e', 'beb83999-d823-40b4-a0f6-824f6fda3b3b', '2026-04-24 19:04:01', '2026-04-24 21:04:01', NULL, 'rejected', NULL, '00000000-0000-0000-0000-000000000001', '2026-04-24 12:04:33', '2026-04-25 13:30:47', NULL, NULL),
('1fae538b-5e20-4bc5-beca-a4f6cf6bac1b', 'e3f1e673-571a-4405-aba7-c75cdfc32730', 'f37874ec-59b0-467b-9299-09ace52ea8c2', '2026-04-24 18:24:01', '2026-04-24 20:24:01', NULL, 'rejected', NULL, '00000000-0000-0000-0000-000000000001', '2026-04-24 11:24:37', '2026-04-25 13:30:48', NULL, NULL),
('2835843d-60e4-4c09-b5da-65cebe8d966f', '02dc9a27-937d-4939-beae-cddec32ab76c', '209a90b2-abc7-4b16-8564-4b14f7ce5299', '2026-04-25 21:00:00', '2026-04-25 22:00:00', '2026-04-25 13:33:12', 'returned', NULL, '00000000-0000-0000-0000-000000000001', '2026-04-25 13:32:25', '2026-04-25 13:33:35', '00000000-0000-0000-0000-000000000001', 'http://localhost:5050/uploads/signatures/sig-1777122814748-175311960.png'),
('28ef7d7d-2faf-492e-9374-0052ce5b38ac', 'f8a4e430-da62-411f-9bc3-8079e29f33d5', 'bfcab15a-3a74-49f9-b179-1c78fe1e8bf6', '2026-04-23 12:04:00', '2026-04-23 23:04:00', '2026-04-23 13:07:10', 'returned', NULL, NULL, '2026-04-23 13:04:15', '2026-04-23 13:07:10', NULL, NULL),
('6ea389a4-4566-4a71-938b-cabbfdcdfd8e', 'e3f1e673-571a-4405-aba7-c75cdfc32730', 'f37874ec-59b0-467b-9299-09ace52ea8c2', '2026-04-26 17:56:01', '2026-04-26 19:56:01', '2026-04-26 10:56:59', 'returned', NULL, '00000000-0000-0000-0000-000000000001', '2026-04-26 10:56:03', '2026-04-26 10:57:24', '00000000-0000-0000-0000-000000000001', 'http://localhost:5050/uploads/signatures/sig-1777122814748-175311960.png'),
('7905c18b-040b-4a2e-bada-34affb6e9dc6', '02dc9a27-937d-4939-beae-cddec32ab76c', '6e6f0aed-ff2e-4a3d-8e7f-ddf9931f39fa', '2026-04-25 21:00:01', '2026-04-25 22:00:01', '2026-04-25 13:48:15', 'returned', NULL, '00000000-0000-0000-0000-000000000001', '2026-04-25 13:47:36', '2026-04-25 13:54:36', '00000000-0000-0000-0000-000000000001', 'http://localhost:5050/uploads/signatures/sig-1777122814748-175311960.png'),
('a3d473fb-1ff1-4a25-bad3-dda1d255823c', 'f8a4e430-da62-411f-9bc3-8079e29f33d5', 'bfcab15a-3a74-49f9-b179-1c78fe1e8bf6', '2026-04-23 20:19:00', '2026-04-23 22:19:00', '2026-04-23 13:25:50', 'returned', NULL, '00000000-0000-0000-0000-000000000001', '2026-04-23 13:22:18', '2026-04-23 13:25:50', NULL, NULL),
('c672f6a3-9652-4950-8074-56746b249212', '02dc9a27-937d-4939-beae-cddec32ab76c', 'e49702d3-5b5a-4672-9754-0f30143b49cd', '2026-04-26 16:00:00', '2026-04-26 17:00:00', '2026-04-26 12:24:15', 'returned', NULL, '00000000-0000-0000-0000-000000000001', '2026-04-26 08:49:16', '2026-04-26 12:24:15', '00000000-0000-0000-0000-000000000001', 'http://localhost:5050/uploads/signatures/sig-1777122814748-175311960.png'),
('f1e2d0da-4a11-41aa-a33a-c34ff064fe50', 'cd28ab23-7c58-4691-ba1f-96c42104775e', 'beb83999-d823-40b4-a0f6-824f6fda3b3b', '2026-04-26 22:39:01', '2026-04-27 00:39:01', NULL, 'rejected', NULL, 'e3f1e673-571a-4405-aba7-c75cdfc32730', '2026-04-26 15:39:40', '2026-04-26 15:39:57', NULL, NULL),
('f910e281-43a1-4562-b820-24de11b14845', 'c280a6aa-fab0-4f06-a3d2-3498c77b2cb7', 'dd1471eb-6ecb-425e-ab21-c612e4c8b7d3', '2026-06-03 15:00:01', '2026-06-03 22:00:01', '2026-06-03 08:27:13', 'returned', NULL, '00000000-0000-0000-0000-000000000001', '2026-06-03 08:25:02', '2026-06-03 08:34:08', '00000000-0000-0000-0000-000000000001', '/uploads/signatures/sig-1777122814748-175311960.png');

-- --------------------------------------------------------

--
-- Table structure for table `bookings`
--

CREATE TABLE IF NOT EXISTS `bookings` (
  `id` varchar(36) NOT NULL,
  `user_id` varchar(36) NOT NULL,
  `field_id` varchar(36) NOT NULL,
  `start_time` datetime NOT NULL,
  `end_time` datetime NOT NULL,
  `status` enum('pending','approved','rejected','cancelled','completed','no-show') NOT NULL DEFAULT 'pending',
  `player_count` int NOT NULL DEFAULT '1',
  `notes` text,
  `cancel_reason` text,
  `cancelled_at` datetime DEFAULT NULL,
  `approved_by` varchar(36) DEFAULT NULL,
  `approved_at` datetime DEFAULT NULL,
  `reminded_at` datetime DEFAULT NULL,
  `created_at` datetime NOT NULL DEFAULT CURRENT_TIMESTAMP,
  `updated_at` datetime NOT NULL DEFAULT CURRENT_TIMESTAMP ON UPDATE CURRENT_TIMESTAMP,
  `deleted_at` datetime DEFAULT NULL
) ;

--
-- Dumping data for table `bookings`
--

INSERT IGNORE INTO `bookings` (`id`, `user_id`, `field_id`, `start_time`, `end_time`, `status`, `player_count`, `notes`, `cancel_reason`, `cancelled_at`, `approved_by`, `approved_at`, `reminded_at`, `created_at`, `updated_at`, `deleted_at`) VALUES
('1102111d-8281-4706-a3ec-bfb327423f0d', 'e3f1e673-571a-4405-aba7-c75cdfc32730', 'field-14', '2026-04-26 18:00:00', '2026-04-26 19:00:00', 'completed', 1, NULL, NULL, NULL, '00000000-0000-0000-0000-000000000001', '2026-04-26 17:54:50', NULL, '2026-04-26 10:54:27', '2026-04-26 15:44:26', NULL),
('22f471d3-752e-4874-b237-cc83a29356ce', '02dc9a27-937d-4939-beae-cddec32ab76c', 'field-59', '2026-04-26 16:00:00', '2026-04-26 17:00:00', 'completed', 6, NULL, NULL, NULL, '00000000-0000-0000-0000-000000000001', '2026-04-26 16:24:55', NULL, '2026-04-26 08:39:07', '2026-04-26 10:55:56', NULL),
('7385831a-43b9-47ef-acae-5b54b9f0d4a2', 'cd28ab23-7c58-4691-ba1f-96c42104775e', 'field-16', '2026-04-24 20:00:00', '2026-04-24 21:00:00', 'rejected', 1, NULL, NULL, NULL, NULL, NULL, NULL, '2026-04-24 12:05:12', '2026-04-25 13:30:50', NULL),
('73f1bea5-5bb9-4cd4-816c-03600344e696', '02dc9a27-937d-4939-beae-cddec32ab76c', 'field-16', '2026-05-12 16:00:00', '2026-05-12 18:00:00', 'completed', 2, NULL, NULL, NULL, '00000000-0000-0000-0000-000000000001', '2026-05-11 22:15:32', NULL, '2026-05-11 15:12:53', '2026-06-03 08:34:12', NULL),
('767497be-9481-48e3-ad1f-8b711d5aaba8', 'ec29b631-8f87-48f3-8d5f-bdf6691f550c', 'field-07', '2026-04-27 17:02:00', '2026-04-27 21:01:00', 'completed', 1, NULL, NULL, NULL, 'e3f1e673-571a-4405-aba7-c75cdfc32730', '2026-04-26 22:50:59', NULL, '2026-04-26 15:50:19', '2026-04-26 15:55:21', NULL),
('aa31be34-44ff-4bcf-abcb-6bdf51eb2454', 'e3f1e673-571a-4405-aba7-c75cdfc32730', 'field-16', '2026-04-24 19:00:00', '2026-04-24 20:00:00', 'rejected', 1, NULL, NULL, NULL, NULL, NULL, NULL, '2026-04-24 11:23:12', '2026-04-25 13:30:50', NULL),
('bdb71963-f4c7-4e8b-b0b2-3045a2324f70', 'ec29b631-8f87-48f3-8d5f-bdf6691f550c', 'field-21', '2026-04-28 16:51:00', '2026-04-28 17:51:00', 'rejected', 1, NULL, NULL, NULL, NULL, NULL, NULL, '2026-04-27 09:49:53', '2026-04-27 09:50:55', NULL),
('e0e7bc17-7d7a-4ed8-97f5-7a9fc1695b56', '02dc9a27-937d-4939-beae-cddec32ab76c', 'field-56', '2026-04-26 16:00:00', '2026-04-26 17:00:00', 'rejected', 2, NULL, NULL, NULL, NULL, NULL, NULL, '2026-04-26 08:45:49', '2026-04-26 08:46:17', NULL),
('e5acf9c7-ff1b-4158-ba4e-46561ad464f2', '02dc9a27-937d-4939-beae-cddec32ab76c', 'field-18', '2026-04-27 16:00:00', '2026-04-27 17:00:00', 'rejected', 1, NULL, NULL, NULL, NULL, NULL, NULL, '2026-04-26 22:25:00', '2026-05-11 15:15:10', NULL);

-- --------------------------------------------------------

--
-- Table structure for table `comments`
--

CREATE TABLE IF NOT EXISTS `comments` (
  `id` varchar(36) NOT NULL,
  `post_id` varchar(36) NOT NULL,
  `user_id` varchar(36) NOT NULL,
  `parent_id` varchar(36) DEFAULT NULL,
  `content` text NOT NULL,
  `created_at` datetime NOT NULL DEFAULT CURRENT_TIMESTAMP,
  `updated_at` datetime NOT NULL DEFAULT CURRENT_TIMESTAMP ON UPDATE CURRENT_TIMESTAMP,
  `deleted_at` datetime DEFAULT NULL
) ENGINE=InnoDB DEFAULT CHARSET=utf8mb4 COLLATE=utf8mb4_0900_ai_ci;

--
-- Dumping data for table `comments`
--

INSERT IGNORE INTO `comments` (`id`, `post_id`, `user_id`, `parent_id`, `content`, `created_at`, `updated_at`, `deleted_at`) VALUES
('20b7144c-0b8b-47d7-9669-2d00b90ea7f4', '8b49da9a-1c70-450d-bce2-bd6d9c69260e', '02dc9a27-937d-4939-beae-cddec32ab76c', '2539a8db-6a94-48d2-b0a3-a02f4e359167', 'บ่ๆ ค้าน', '2026-04-25 14:41:35', '2026-04-25 14:41:35', NULL),
('2539a8db-6a94-48d2-b0a3-a02f4e359167', '8b49da9a-1c70-450d-bce2-bd6d9c69260e', '00000000-0000-0000-0000-000000000001', '428981d3-72ac-4107-994a-121b66516d43', 'ไปหานอนสั้น', '2026-04-25 14:35:48', '2026-04-25 14:35:48', NULL),
('428981d3-72ac-4107-994a-121b66516d43', '8b49da9a-1c70-450d-bce2-bd6d9c69260e', '02dc9a27-937d-4939-beae-cddec32ab76c', NULL, 'ค้านเล่นๆ', '2026-04-25 14:25:20', '2026-04-25 14:25:20', NULL),
('4eb62c1a-34e2-4e36-b08d-464e63954fd7', 'fe8f8709-4412-4669-8fcf-c8b8760c16dd', '02dc9a27-937d-4939-beae-cddec32ab76c', NULL, 'อิหลีติ', '2026-04-24 09:05:38', '2026-04-24 09:10:53', '2026-04-24 09:10:53'),
('602e5a07-0e0e-4071-b615-74387e1a7c12', 'fe8f8709-4412-4669-8fcf-c8b8760c16dd', 'e3f1e673-571a-4405-aba7-c75cdfc32730', NULL, 'โย่ว', '2026-04-24 11:22:27', '2026-04-24 11:22:27', NULL),
('7b77fa25-c396-447c-986f-1dd132dd9945', '8b49da9a-1c70-450d-bce2-bd6d9c69260e', '00000000-0000-0000-0000-000000000001', NULL, '@F Khalifa บ่ต้องเล่น', '2026-04-25 14:29:36', '2026-04-25 14:35:52', '2026-04-25 14:35:52'),
('87ca6d99-6751-4011-aa54-ba2634b357cf', 'fe8f8709-4412-4669-8fcf-c8b8760c16dd', '02dc9a27-937d-4939-beae-cddec32ab76c', NULL, 'อิหลีติ', '2026-04-24 09:05:30', '2026-04-24 09:10:48', '2026-04-24 09:10:48'),
('8e48f16c-72f1-489a-92fc-117c7347a3f5', 'fe8f8709-4412-4669-8fcf-c8b8760c16dd', '02dc9a27-937d-4939-beae-cddec32ab76c', NULL, 'อิหลีติ', '2026-04-24 09:05:38', '2026-05-13 16:24:41', '2026-05-13 16:24:41'),
('8ea24d50-9bfa-4c2f-b72a-ce6678d992c5', '8b49da9a-1c70-450d-bce2-bd6d9c69260e', '02dc9a27-937d-4939-beae-cddec32ab76c', '2539a8db-6a94-48d2-b0a3-a02f4e359167', 'มีปัญหายุเบาะ', '2026-04-26 08:36:20', '2026-04-26 08:36:20', NULL),
('95a94c0e-cbe0-4339-b282-500cd56356c8', 'fe8f8709-4412-4669-8fcf-c8b8760c16dd', '02dc9a27-937d-4939-beae-cddec32ab76c', NULL, 'อิหลีติ', '2026-04-24 09:05:35', '2026-04-24 09:10:51', '2026-04-24 09:10:51'),
('9af8cc19-f4cd-40e8-992d-dbbbf47d9ba2', '8b49da9a-1c70-450d-bce2-bd6d9c69260e', 'ec29b631-8f87-48f3-8d5f-bdf6691f550c', 'fbb6d1de-65be-4c33-8a4d-c1d927aa46f1', 'คุณเป็นใคร', '2026-04-26 15:48:50', '2026-04-26 15:48:50', NULL),
('a2c4389a-991d-4fc2-ab26-7ef192e1e889', 'fe8f8709-4412-4669-8fcf-c8b8760c16dd', '02dc9a27-937d-4939-beae-cddec32ab76c', NULL, 'อิหลีติ', '2026-04-24 09:05:51', '2026-04-24 09:05:51', NULL),
('b225dedc-0fd0-479c-bab8-327fef678199', 'fe8f8709-4412-4669-8fcf-c8b8760c16dd', '02dc9a27-937d-4939-beae-cddec32ab76c', NULL, 'บ่เชื่อๆ', '2026-04-24 09:08:20', '2026-04-24 09:08:20', NULL),
('ba6933a3-93e5-414d-a675-c296acdf9cd8', 'de213a52-676b-42b8-9a7b-e93ff6136f07', '02dc9a27-937d-4939-beae-cddec32ab76c', NULL, 'บ่ๆค้าน', '2026-04-25 14:19:08', '2026-04-25 14:19:08', NULL),
('f90e74d6-eaf6-42e5-b699-77a44dada933', '8b49da9a-1c70-450d-bce2-bd6d9c69260e', '02dc9a27-937d-4939-beae-cddec32ab76c', '2539a8db-6a94-48d2-b0a3-a02f4e359167', 'บ่', '2026-04-25 14:40:56', '2026-04-25 14:44:12', '2026-04-25 14:44:12'),
('fbb6d1de-65be-4c33-8a4d-c1d927aa46f1', '8b49da9a-1c70-450d-bce2-bd6d9c69260e', 'cd28ab23-7c58-4691-ba1f-96c42104775e', NULL, 'ลูกเปตตองก็ไม่ให้ยืม', '2026-04-26 15:40:40', '2026-04-26 15:40:40', NULL);

-- --------------------------------------------------------

--
-- Table structure for table `committee_members`
--

CREATE TABLE IF NOT EXISTS `committee_members` (
  `id` varchar(36) NOT NULL DEFAULT (uuid()),
  `prefix` varchar(20) NOT NULL DEFAULT 'นาย',
  `name` varchar(255) NOT NULL,
  `nickname` varchar(100) DEFAULT NULL,
  `position` varchar(255) NOT NULL,
  `position_en` varchar(255) DEFAULT NULL,
  `category` enum('advisor','president','vice','committee') NOT NULL DEFAULT 'committee',
  `photo_url` text,
  `sort_order` int NOT NULL DEFAULT '0',
  `academic_year` int NOT NULL DEFAULT '2569',
  `is_active` tinyint(1) NOT NULL DEFAULT '1',
  `created_at` datetime DEFAULT CURRENT_TIMESTAMP,
  `updated_at` datetime DEFAULT CURRENT_TIMESTAMP ON UPDATE CURRENT_TIMESTAMP
) ENGINE=InnoDB DEFAULT CHARSET=utf8mb4 COLLATE=utf8mb4_0900_ai_ci;

--
-- Dumping data for table `committee_members`
--

INSERT IGNORE INTO `committee_members` (`id`, `prefix`, `name`, `nickname`, `position`, `position_en`, `category`, `photo_url`, `sort_order`, `academic_year`, `is_active`, `created_at`, `updated_at`) VALUES
('cd4a6421-407b-11f1-b645-6a42e89966fb', 'นาย', 'ชนม์ปกรณ์ หาญชูวงศ์', 'P’TONG', 'อาจารย์ที่ปรึกษาชมรมเปตอง', 'Faculty Advisor', 'advisor', '/uploads/avatars/avatar-1777205244189-235195995.png', 1, 2569, 1, '2026-04-25 07:53:09', '2026-04-26 15:33:05'),
('cd4b9210-407b-11f1-b645-6a42e89966fb', 'นาง', 'วรารัตน์ พรหมสาขา ณ สกลนคร', 'P’JIMMY', 'อาจารย์ที่ปรึกษาชมรมเปตอง', 'Faculty Advisor', 'advisor', '/uploads/avatars/avatar-1777205322923-289558471.png', 2, 2569, 1, '2026-04-25 07:53:09', '2026-04-26 15:33:12'),
('cd4d32bd-407b-11f1-b645-6a42e89966fb', 'นาย', 'ถรัชภูมิ รวมธรรม', 'POOM', 'ประธานชมรมเปตอง', 'Club President', 'president', '/uploads/avatars/avatar-1777205331021-51461635.png', 3, 2569, 1, '2026-04-25 07:53:09', '2026-04-26 15:22:01'),
('cd4f100d-407b-11f1-b645-6a42e89966fb', 'นาย', 'นราวิชญ์ พิมพ์ปัตน์', 'LATTE', 'รองประธานชมรมเปตอง (คนที่ 1)', 'Vice President I', 'vice', NULL, 4, 2569, 1, '2026-04-25 07:53:09', '2026-04-26 15:25:43'),
('cd513574-407b-11f1-b645-6a42e89966fb', 'นาย', 'ธีระภัทร งามแสง', 'KENLEE', 'รองประธานชมรมเปตอง (คนที่ 2)', 'Vice President II', 'vice', '/uploads/avatars/avatar-1778506856484-577877341.png', 5, 2569, 1, '2026-04-25 07:53:09', '2026-05-11 13:40:58'),
('cd538bcf-407b-11f1-b645-6a42e89966fb', 'นางสาว', 'อริสา ชาทอน', 'Biw', 'กรรมการการเงินและงบประมาณชมรมเปตอง', 'Activities & Planning', 'committee', '/uploads/avatars/avatar-1778507149741-847795592.jpg', 6, 2569, 1, '2026-04-25 07:53:09', '2026-05-11 13:45:52'),
('cd564cc6-407b-11f1-b645-6a42e89966fb', 'นางสาว', 'น้ำหนึ่ง ทองปัญญา', 'GIGI', 'กรรมการประชาสัมพันธ์ชมรมเปตอง', 'Public Relations', 'committee', '/uploads/avatars/avatar-1778506929944-63572615.png', 7, 2569, 1, '2026-04-25 07:53:09', '2026-05-11 13:42:11'),
('cd5830b4-407b-11f1-b645-6a42e89966fb', 'นาย', 'วิทย์ธวัช พลอยสมบูรณ์', 'BEW', 'กรรมการพัสดุชมรมเปตอง', 'Supplies & Equipment', 'committee', '/uploads/avatars/avatar-1780473334963-518537288.png', 8, 2569, 1, '2026-04-25 07:53:09', '2026-06-03 07:55:36'),
('cd5a730b-407b-11f1-b645-6a42e89966fb', 'นาย', 'พงศภัค บุญประชม', 'EARTH', 'กรรมการและเลขานุการชมรมเปตอง', 'Secretary', 'committee', '/uploads/avatars/avatar-1777205352622-859860910.png', 9, 2569, 1, '2026-04-25 07:53:09', '2026-04-26 15:31:19'),
('cd5ccbca-407b-11f1-b645-6a42e89966fb', 'นางสาว', 'กนกวรรณ มีทรัพย์', 'NUT', 'กรรมการฝ่ายดำเนินงานชมรมเปตอง', 'Finance', 'committee', '/uploads/avatars/avatar-1778506937984-159466704.png', 10, 2569, 1, '2026-04-25 07:53:09', '2026-05-11 13:42:19'),
('cd5eaf03-407b-11f1-b645-6a42e89966fb', 'นาย', 'พีระพัฒน์ ประนัดโส', 'ATHENS', 'กรรมการฝ่ายซ่อมบำรุงชมรมเปตอง', 'Maintenance', 'committee', '/uploads/avatars/avatar-1778671489924-168991808.png', 11, 2569, 1, '2026-04-25 07:53:09', '2026-05-13 11:24:51');

-- --------------------------------------------------------

--
-- Table structure for table `documents`
--

CREATE TABLE IF NOT EXISTS `documents` (
  `id` varchar(36) NOT NULL DEFAULT (uuid()),
  `user_id` varchar(36) NOT NULL,
  `type` varchar(100) NOT NULL,
  `title` varchar(255) NOT NULL,
  `content` json NOT NULL,
  `status` enum('pending','approved','rejected') DEFAULT 'pending',
  `admin_id` varchar(36) DEFAULT NULL,
  `admin_signature` text,
  `approved_at` datetime DEFAULT NULL,
  `created_at` datetime DEFAULT CURRENT_TIMESTAMP,
  `updated_at` datetime DEFAULT CURRENT_TIMESTAMP ON UPDATE CURRENT_TIMESTAMP
) ENGINE=InnoDB DEFAULT CHARSET=utf8mb4 COLLATE=utf8mb4_0900_ai_ci;

-- --------------------------------------------------------

--
-- Table structure for table `document_templates`
--

CREATE TABLE IF NOT EXISTS `document_templates` (
  `id` varchar(36) NOT NULL,
  `name` varchar(255) NOT NULL,
  `description` text,
  `file_path` varchar(500) NOT NULL,
  `fields` json NOT NULL,
  `created_at` datetime DEFAULT CURRENT_TIMESTAMP,
  `updated_at` datetime DEFAULT CURRENT_TIMESTAMP ON UPDATE CURRENT_TIMESTAMP,
  `deleted_at` datetime DEFAULT NULL
) ENGINE=InnoDB DEFAULT CHARSET=utf8mb4 COLLATE=utf8mb4_0900_ai_ci;

--
-- Dumping data for table `document_templates`
--

INSERT IGNORE INTO `document_templates` (`id`, `name`, `description`, `file_path`, `fields`, `created_at`, `updated_at`, `deleted_at`) VALUES
('3a2105b0-1a90-4345-833e-6cbb44302b2c', 'แบบฟอร์มการขอใช้บริการ ชมรมเปตอง สังกัดองค์การนักศึกษามหาวิทยาลัยอุบลราชธานี', 'กรอกข้อความเพื่อบันทึกลงในเอกสาร', 'C:\\Project\\System_petanque\\backend\\uploads\\templates\\template-1778732898047-76236002.docx', '[{\"name\": \"prefix\", \"type\": \"select\", \"label\": \"คำนำหน้า\", \"columns\": \"\", \"options\": \"นาย,นาง,นางสาว\", \"required\": true}, {\"name\": \"full_name\", \"type\": \"text\", \"label\": \"ชื่อจริง - นามสกุล\", \"columns\": \"\", \"required\": true}, {\"name\": \"position\", \"type\": \"text\", \"label\": \"ตำแหน่ง\", \"columns\": \"\", \"required\": true}, {\"name\": \"agencies\", \"type\": \"text\", \"label\": \"หน่วยงาน\", \"columns\": \"\", \"required\": true}, {\"name\": \"phone\", \"type\": \"text\", \"label\": \"หมายเลขโทรศัพท์\", \"columns\": \"\", \"required\": true}, {\"name\": \"location\", \"type\": \"text\", \"label\": \"สถานที่ใช้งาน\", \"columns\": \"\", \"required\": true}, {\"name\": \"h1\", \"type\": \"heading\", \"label\": \"ประเภทผู้ขอใช้บริการ\", \"columns\": \"\", \"required\": true}, {\"name\": \"student\", \"type\": \"checkbox\", \"label\": \"นักศึกษา\", \"columns\": \"\", \"required\": true}, {\"name\": \"staff\", \"type\": \"checkbox\", \"label\": \"บุคลากร\", \"columns\": \"\", \"required\": true}, {\"name\": \"general\", \"type\": \"checkbox\", \"label\": \"บุคคลทั่วไป\", \"columns\": \"\", \"required\": true}, {\"name\": \"in\", \"type\": \"checkbox\", \"label\": \"หน่วยงานภายใน\", \"columns\": \"\", \"required\": true}, {\"name\": \"out\", \"type\": \"checkbox\", \"label\": \"หน่วยงานภายนอก\", \"columns\": \"\", \"required\": true}, {\"name\": \"other\", \"type\": \"checkbox\", \"label\": \"อื่นๆ\", \"columns\": \"\", \"required\": true}, {\"name\": \"ot\", \"type\": \"text\", \"label\": \"อื่นๆ \", \"columns\": \"\", \"required\": true}, {\"name\": \"oop\", \"type\": \"heading\", \"label\": \"มีความประสงค์ขอใช้บริการดังนี้\", \"columns\": \"\", \"required\": true}, {\"name\": \"ball\", \"type\": \"checkbox\", \"label\": \"ขอใช้บริการลูกเปตอง\", \"columns\": \"\", \"required\": true}, {\"name\": \"circle\", \"type\": \"checkbox\", \"label\": \"ขอใช้บริการวงกลม\", \"columns\": \"\", \"required\": true}, {\"name\": \"c\", \"type\": \"checkbox\", \"label\": \"ขอใช้บริการลูกแก่นเปตอง\", \"columns\": \"\", \"required\": true}, {\"name\": \"t\", \"type\": \"checkbox\", \"label\": \"ขอใช้บริการตลับเมตร\", \"columns\": \"\", \"required\": true}, {\"name\": \"other2\", \"type\": \"checkbox\", \"label\": \"ขอใช้บริการอื่น ๆ\", \"columns\": \"\", \"required\": true}, {\"name\": \"ot2\", \"type\": \"text\", \"label\": \"อื่นๆ\", \"columns\": \"\", \"required\": true}, {\"name\": \"i\", \"type\": \"table\", \"label\": \"รายการที่ประสงค์จะขอยืม\", \"columns\": \"name,amount,code\", \"required\": true}, {\"name\": \"obj\", \"type\": \"textarea\", \"label\": \"มีวัตถุประสงค์เพื่อ\", \"columns\": \"\", \"required\": true}, {\"name\": \"sd,sm,sy\", \"type\": \"date\", \"label\": \"ระหว่างวันที่\", \"columns\": \"\", \"required\": true}, {\"name\": \"ed,em,ey\", \"type\": \"date\", \"label\": \"ถึงวันที่\", \"columns\": \"\", \"required\": true}, {\"name\": \"total\", \"type\": \"text\", \"label\": \"รวมทั้งสิ้น\", \"columns\": \"\", \"required\": true}, {\"name\": \"n-user\", \"type\": \"text\", \"label\": \"ลงชื่อผู้ใช้บริการ (มีคำนำหน้า)\", \"columns\": \"\", \"required\": true}]', '2026-05-13 14:09:03', '2026-05-14 04:30:23', NULL),
('7a81369b-f166-48d2-ad17-13904dc17549', 'ทดสอบเด้อ', '', 'C:\\Project\\System_petanque\\backend\\uploads\\templates\\template-1778675399486-818832008.docx', '[{\"name\": \"full_name\", \"type\": \"text\", \"label\": \"ชื่อจริงนามสกุล\", \"required\": true}, {\"name\": \"i\", \"type\": \"table\", \"label\": \"ตรางพัสดุ\", \"columns\": \"name,amount,code\", \"required\": true}]', '2026-05-13 12:29:59', '2026-05-13 13:01:48', '2026-05-13 13:01:48'),
('887bc8f6-a634-4bde-8966-2f4c25566836', 'ใบขอใช้บริการ ชมรมเปตอง', 'ทดสอบๆ', 'C:\\Project\\System_petanque\\backend\\uploads\\templates\\template-1777231957029-505703389.docx', '[{\"name\": \"{{full_name}}\", \"type\": \"text\", \"label\": \"ชื่อจริงนามสกุล\", \"required\": true}]', '2026-04-26 19:32:37', '2026-04-27 10:41:37', '2026-04-27 10:41:37'),
('9a06f4bc-424a-4408-bd49-f197d37278cf', 'ใบขอใช้บริการ ชมรมเปตอง', 'ทดสอบๆ', 'C:\\Project\\System_petanque\\backend\\uploads\\templates\\template-1777290058187-769555980.docx', '[{\"name\": \"full_name\", \"type\": \"text\", \"label\": \"ชื่อจริงนามสกุล\", \"required\": true}, {\"name\": \"student\", \"type\": \"checkbox\", \"label\": \"นักศึกษา\", \"required\": true}, {\"name\": \"staff\", \"type\": \"checkbox\", \"label\": \"บุคลากร\", \"required\": true}, {\"name\": \"i\", \"type\": \"table\", \"label\": \"ลำดับ\\tรายการ\\t จำนวน\\tรหัสวัสดุ,ครุภัณฑ์,อุปกรณ์(ถ้ามี)\", \"required\": true}, {\"name\": \"phone\", \"type\": \"text\", \"label\": \"หมายเลขโทรศัพท์\", \"required\": true}]', '2026-04-26 20:56:29', '2026-05-13 12:11:03', '2026-05-13 12:11:03'),
('b14910a2-a387-4e92-a639-95561e02feb6', 'test ใบสมัครครั้งที่99', '', 'C:\\Project\\System_petanque\\backend\\uploads\\templates\\template-1777317938092-854653716.docx', '[{\"name\": \"i\", \"type\": \"table\", \"label\": \"ตารางรายการ\", \"columns\": \"name,amount,code\", \"required\": true}]', '2026-04-27 19:25:38', '2026-05-13 12:11:04', '2026-05-13 12:11:04'),
('bf96a05c-450b-4e20-b81a-d88fad3074c6', 'test ใบสมัครครั้งที่ 24', '', 'C:\\Project\\System_petanque\\backend\\uploads\\templates\\template-1778677979635-999154980.docx', '[{\"name\": \"full_name\", \"type\": \"text\", \"label\": \"ชื่อจริงนามสกุล\", \"required\": true}, {\"name\": \"student\", \"type\": \"checkbox\", \"label\": \"นักศึกษา\", \"required\": true}, {\"name\": \"staff\", \"type\": \"checkbox\", \"label\": \"บุคลากร\", \"required\": true}, {\"name\": \"i\", \"type\": \"table\", \"label\": \"ตารางรายการพัสดุที่จะยืม\", \"columns\": \"name,amount,code\", \"required\": true}]', '2026-05-13 13:12:59', '2026-05-13 14:08:21', '2026-05-13 14:08:21'),
('d126da69-272b-4a6f-a081-3fe7cbb0eb8f', 'testๆ', '', 'C:\\Project\\System_petanque\\backend\\uploads\\templates\\template-1778675337524-973039721.docx', '[{\"name\": \"full_name\", \"type\": \"text\", \"label\": \"ชื่อจริงนามสกุล\", \"required\": true}, {\"name\": \"i\", \"type\": \"table\", \"label\": \"ตรางพัสดุ\", \"columns\": \"i,name,amount,code\", \"required\": true}]', '2026-05-13 12:28:57', '2026-05-13 12:29:29', '2026-05-13 12:29:29'),
('e2279d04-3995-4689-bb69-37ec97751ecd', 'test ใบสมัคร', '', 'C:\\Project\\System_petanque\\backend\\uploads\\templates\\template-1777317710426-146846650.docx', '[{\"name\": \"i\", \"type\": \"table\", \"label\": \"ตารางรายการ\", \"columns\": \"name,amount,code\", \"required\": true}]', '2026-04-27 19:15:23', '2026-04-27 19:24:52', '2026-04-27 19:24:52'),
('e36a3850-6fd8-43ad-8ddc-b955d3e2321f', 'test ใบสมัครเด้อ', '', 'C:\\Project\\System_petanque\\backend\\uploads\\templates\\template-1778677345491-536010221.docx', '[{\"name\": \"full_name\", \"type\": \"text\", \"label\": \"ชื่อจริงนามสกุล\", \"required\": true}, {\"name\": \"i\", \"type\": \"table\", \"label\": \"ตารางพัสดุ\", \"columns\": \"name,amount,code\", \"required\": true}]', '2026-05-13 13:02:25', '2026-05-13 13:09:09', '2026-05-13 13:09:09');

-- --------------------------------------------------------

--
-- Table structure for table `fields`
--

CREATE TABLE IF NOT EXISTS `fields` (
  `id` varchar(36) NOT NULL,
  `name` varchar(255) NOT NULL,
  `description` text,
  `location_lat` decimal(10,8) DEFAULT NULL,
  `location_lng` decimal(11,8) DEFAULT NULL,
  `location_name` varchar(500) DEFAULT NULL,
  `image_url` text,
  `status` enum('active','maintenance','inactive') NOT NULL DEFAULT 'active',
  `max_players` int NOT NULL DEFAULT '6',
  `created_at` datetime NOT NULL DEFAULT CURRENT_TIMESTAMP,
  `updated_at` datetime NOT NULL DEFAULT CURRENT_TIMESTAMP ON UPDATE CURRENT_TIMESTAMP,
  `deleted_at` datetime DEFAULT NULL
) ENGINE=InnoDB DEFAULT CHARSET=utf8mb4 COLLATE=utf8mb4_0900_ai_ci;

--
-- Dumping data for table `fields`
--

INSERT IGNORE INTO `fields` (`id`, `name`, `description`, `location_lat`, `location_lng`, `location_name`, `image_url`, `status`, `max_players`, `created_at`, `updated_at`, `deleted_at`) VALUES
('field-01', 'สนามที่ 1', 'สนามเปตองมาตรฐาน', NULL, NULL, NULL, NULL, 'active', 6, '2026-04-24 10:17:41', '2026-04-24 10:17:41', NULL),
('field-02', 'สนามที่ 2', 'สนามเปตองมาตรฐาน', NULL, NULL, NULL, NULL, 'active', 6, '2026-04-24 10:17:41', '2026-04-24 10:17:41', NULL),
('field-03', 'สนามที่ 3', 'สนามเปตองมาตรฐาน', NULL, NULL, NULL, NULL, 'active', 6, '2026-04-24 10:17:41', '2026-04-24 10:17:41', NULL),
('field-04', 'สนามที่ 4', 'สนามเปตองมาตรฐาน', NULL, NULL, NULL, NULL, 'active', 6, '2026-04-24 10:17:41', '2026-04-24 10:17:41', NULL),
('field-05', 'สนามที่ 5', 'สนามเปตองมาตรฐาน', NULL, NULL, NULL, NULL, 'active', 6, '2026-04-24 10:17:41', '2026-04-24 10:17:41', NULL),
('field-06', 'สนามที่ 6', 'สนามเปตองมาตรฐาน', NULL, NULL, NULL, NULL, 'active', 6, '2026-04-24 10:17:41', '2026-04-24 10:17:41', NULL),
('field-07', 'สนามที่ 7', 'สนามเปตองมาตรฐาน', NULL, NULL, NULL, NULL, 'active', 6, '2026-04-24 10:17:41', '2026-04-24 10:17:41', NULL),
('field-08', 'สนามที่ 8', 'สนามเปตองมาตรฐาน', NULL, NULL, NULL, NULL, 'active', 6, '2026-04-24 10:17:41', '2026-04-24 10:17:41', NULL),
('field-09', 'สนามที่ 9', 'สนามเปตองมาตรฐาน', NULL, NULL, NULL, NULL, 'active', 6, '2026-04-24 10:17:41', '2026-04-24 10:17:41', NULL),
('field-10', 'สนามที่ 10', 'สนามเปตองมาตรฐาน', NULL, NULL, NULL, NULL, 'active', 6, '2026-04-24 10:17:41', '2026-04-24 10:17:41', NULL),
('field-11', 'สนามที่ 11', 'สนามเปตองมาตรฐาน', NULL, NULL, NULL, NULL, 'active', 6, '2026-04-24 10:17:41', '2026-04-24 10:17:41', NULL),
('field-12', 'สนามที่ 12', 'สนามเปตองมาตรฐาน', NULL, NULL, NULL, NULL, 'active', 6, '2026-04-24 10:17:41', '2026-04-24 10:17:41', NULL),
('field-13', 'สนามที่ 13', 'สนามเปตองมาตรฐาน', NULL, NULL, NULL, NULL, 'active', 6, '2026-04-24 10:17:41', '2026-04-24 10:17:41', NULL),
('field-14', 'สนามที่ 14', 'สนามเปตองมาตรฐาน', NULL, NULL, NULL, NULL, 'active', 6, '2026-04-24 10:17:41', '2026-04-24 10:17:41', NULL),
('field-15', 'สนามที่ 15', 'สนามเปตองมาตรฐาน', NULL, NULL, NULL, NULL, 'active', 6, '2026-04-24 10:17:41', '2026-04-24 10:17:41', NULL),
('field-16', 'สนามที่ 16', 'สนามเปตองมาตรฐาน', NULL, NULL, NULL, NULL, 'active', 6, '2026-04-24 10:17:41', '2026-04-24 10:17:41', NULL),
('field-17', 'สนามที่ 17', 'สนามเปตองมาตรฐาน', NULL, NULL, NULL, NULL, 'active', 6, '2026-04-24 10:17:41', '2026-04-24 10:17:41', NULL),
('field-18', 'สนามที่ 18', 'สนามเปตองมาตรฐาน', NULL, NULL, NULL, NULL, 'active', 6, '2026-04-24 10:17:41', '2026-04-24 10:17:41', NULL),
('field-19', 'สนามที่ 19', 'สนามเปตองมาตรฐาน', NULL, NULL, NULL, NULL, 'active', 6, '2026-04-24 10:17:41', '2026-04-24 10:17:41', NULL),
('field-20', 'สนามที่ 20', 'สนามเปตองมาตรฐาน', NULL, NULL, NULL, NULL, 'active', 6, '2026-04-24 10:17:41', '2026-04-24 10:17:41', NULL),
('field-21', 'สนามที่ 21', 'สนามเปตองมาตรฐาน', NULL, NULL, NULL, NULL, 'active', 6, '2026-04-24 10:17:41', '2026-04-24 10:17:41', NULL),
('field-22', 'สนามที่ 22', 'สนามเปตองมาตรฐาน', NULL, NULL, NULL, NULL, 'active', 6, '2026-04-24 10:17:41', '2026-04-24 10:17:41', NULL),
('field-23', 'สนามที่ 23', 'สนามเปตองมาตรฐาน', NULL, NULL, NULL, NULL, 'active', 6, '2026-04-24 10:17:41', '2026-04-24 10:17:41', NULL),
('field-24', 'สนามที่ 24', 'สนามเปตองมาตรฐาน', NULL, NULL, NULL, NULL, 'active', 6, '2026-04-24 10:17:41', '2026-04-24 10:17:41', NULL),
('field-25', 'สนามที่ 25', 'สนามเปตองมาตรฐาน', NULL, NULL, NULL, NULL, 'active', 6, '2026-04-24 10:17:41', '2026-04-24 10:17:41', NULL),
('field-26', 'สนามที่ 26', 'สนามเปตองมาตรฐาน', NULL, NULL, NULL, NULL, 'active', 6, '2026-04-24 10:17:41', '2026-04-24 10:17:41', NULL),
('field-27', 'สนามที่ 27', 'สนามเปตองมาตรฐาน', NULL, NULL, NULL, NULL, 'active', 6, '2026-04-24 10:17:41', '2026-04-24 10:17:41', NULL),
('field-28', 'สนามที่ 28', 'สนามเปตองมาตรฐาน', NULL, NULL, NULL, NULL, 'active', 6, '2026-04-24 10:17:41', '2026-04-24 10:17:41', NULL),
('field-29', 'สนามที่ 29', 'สนามเปตองมาตรฐาน', NULL, NULL, NULL, NULL, 'active', 6, '2026-04-24 10:17:41', '2026-04-24 10:17:41', NULL),
('field-30', 'สนามที่ 30', 'สนามเปตองมาตรฐาน', NULL, NULL, NULL, NULL, 'active', 6, '2026-04-24 10:17:41', '2026-04-24 10:17:41', NULL),
('field-31', 'สนามที่ 31', 'สนามเปตองมาตรฐาน', NULL, NULL, NULL, NULL, 'active', 6, '2026-04-24 10:17:41', '2026-04-24 10:17:41', NULL),
('field-32', 'สนามที่ 32', 'สนามเปตองมาตรฐาน', NULL, NULL, NULL, NULL, 'active', 6, '2026-04-24 10:17:41', '2026-04-24 10:17:41', NULL),
('field-33', 'สนามที่ 33', 'สนามเปตองมาตรฐาน', NULL, NULL, NULL, NULL, 'active', 6, '2026-04-24 10:17:41', '2026-04-24 10:17:41', NULL),
('field-34', 'สนามที่ 34', 'สนามเปตองมาตรฐาน', NULL, NULL, NULL, NULL, 'active', 6, '2026-04-24 10:17:41', '2026-04-24 10:17:41', NULL),
('field-35', 'สนามที่ 35', 'สนามเปตองมาตรฐาน', NULL, NULL, NULL, NULL, 'active', 6, '2026-04-24 10:17:41', '2026-04-24 10:17:41', NULL),
('field-36', 'สนามที่ 36', 'สนามเปตองมาตรฐาน', NULL, NULL, NULL, NULL, 'active', 6, '2026-04-24 10:17:41', '2026-04-24 10:17:41', NULL),
('field-37', 'สนามที่ 37', 'สนามเปตองมาตรฐาน', NULL, NULL, NULL, NULL, 'active', 6, '2026-04-24 10:17:41', '2026-04-24 10:17:41', NULL),
('field-38', 'สนามที่ 38', 'สนามเปตองมาตรฐาน', NULL, NULL, NULL, NULL, 'active', 6, '2026-04-24 10:17:41', '2026-04-24 10:17:41', NULL),
('field-39', 'สนามที่ 39', 'สนามเปตองมาตรฐาน', NULL, NULL, NULL, NULL, 'active', 6, '2026-04-24 10:17:41', '2026-04-24 10:17:41', NULL),
('field-40', 'สนามที่ 40', 'สนามเปตองมาตรฐาน', NULL, NULL, NULL, NULL, 'active', 6, '2026-04-24 10:17:41', '2026-04-24 10:17:41', NULL),
('field-41', 'สนามที่ 41', 'สนามเปตองมาตรฐาน', NULL, NULL, NULL, NULL, 'active', 6, '2026-04-24 10:17:41', '2026-04-24 10:17:41', NULL),
('field-42', 'สนามที่ 42', 'สนามเปตองมาตรฐาน', NULL, NULL, NULL, NULL, 'active', 6, '2026-04-24 10:17:41', '2026-04-24 10:17:41', NULL),
('field-43', 'สนามที่ 43', 'สนามเปตองมาตรฐาน', NULL, NULL, NULL, NULL, 'active', 6, '2026-04-24 10:17:41', '2026-04-24 10:17:41', NULL),
('field-44', 'สนามที่ 44', 'สนามเปตองมาตรฐาน', NULL, NULL, NULL, NULL, 'active', 6, '2026-04-24 10:17:41', '2026-04-24 10:17:41', NULL),
('field-45', 'สนามที่ 45', 'สนามเปตองมาตรฐาน', NULL, NULL, NULL, NULL, 'active', 6, '2026-04-24 10:17:41', '2026-04-24 10:17:41', NULL),
('field-46', 'สนามที่ 46', 'สนามเปตองมาตรฐาน', NULL, NULL, NULL, NULL, 'active', 6, '2026-04-24 10:17:41', '2026-04-24 10:17:41', NULL),
('field-47', 'สนามที่ 47', 'สนามเปตองมาตรฐาน', NULL, NULL, NULL, NULL, 'active', 6, '2026-04-24 10:17:41', '2026-04-24 10:17:41', NULL),
('field-48', 'สนามที่ 48', 'สนามเปตองมาตรฐาน', NULL, NULL, NULL, NULL, 'active', 6, '2026-04-24 10:17:41', '2026-04-24 10:17:41', NULL),
('field-49', 'สนามที่ 49', 'สนามเปตองมาตรฐาน', NULL, NULL, NULL, NULL, 'active', 6, '2026-04-24 10:17:41', '2026-04-24 10:17:41', NULL),
('field-50', 'สนามที่ 50', 'สนามเปตองมาตรฐาน', NULL, NULL, NULL, NULL, 'active', 6, '2026-04-24 10:17:41', '2026-04-24 10:17:41', NULL),
('field-51', 'สนามที่ 51', 'สนามเปตองมาตรฐาน', NULL, NULL, NULL, NULL, 'active', 6, '2026-04-24 10:17:41', '2026-04-24 10:17:41', NULL),
('field-52', 'สนามที่ 52', 'สนามเปตองมาตรฐาน', NULL, NULL, NULL, NULL, 'active', 6, '2026-04-24 10:17:41', '2026-04-24 10:17:41', NULL),
('field-53', 'สนามที่ 53', 'สนามเปตองมาตรฐาน', NULL, NULL, NULL, NULL, 'active', 6, '2026-04-24 10:17:41', '2026-04-24 10:17:41', NULL),
('field-54', 'สนามที่ 54', 'สนามเปตองมาตรฐาน', NULL, NULL, NULL, NULL, 'active', 6, '2026-04-24 10:17:41', '2026-04-24 10:17:41', NULL),
('field-55', 'สนามที่ 55', 'สนามเปตองมาตรฐาน', NULL, NULL, NULL, NULL, 'active', 6, '2026-04-24 10:17:41', '2026-04-24 10:17:41', NULL),
('field-56', 'สนามที่ 56', 'สนามเปตองมาตรฐาน', NULL, NULL, NULL, NULL, 'active', 6, '2026-04-24 10:17:41', '2026-04-24 10:17:41', NULL),
('field-57', 'สนามที่ 57', 'สนามเปตองมาตรฐาน', NULL, NULL, NULL, NULL, 'active', 6, '2026-04-24 10:17:41', '2026-04-24 10:17:41', NULL),
('field-58', 'สนามที่ 58', 'สนามเปตองมาตรฐาน', NULL, NULL, NULL, NULL, 'active', 6, '2026-04-24 10:17:41', '2026-04-24 10:17:41', NULL),
('field-59', 'สนามที่ 59', 'สนามเปตองมาตรฐาน', NULL, NULL, NULL, NULL, 'active', 6, '2026-04-24 10:17:41', '2026-04-24 10:17:41', NULL),
('field-large-01', 'ลานกว้าง (สนามตะกร้อ)', 'พื้นที่อเนกประสงค์สำหรับซ้อมหรือแข่งตะกร้อ', NULL, NULL, NULL, NULL, 'active', 20, '2026-04-24 10:17:41', '2026-04-24 10:17:41', NULL);

-- --------------------------------------------------------

--
-- Table structure for table `generated_documents`
--

CREATE TABLE IF NOT EXISTS `generated_documents` (
  `id` varchar(36) NOT NULL,
  `template_id` varchar(36) DEFAULT NULL,
  `user_id` varchar(36) DEFAULT NULL,
  `data` json NOT NULL,
  `pdf_path` varchar(500) DEFAULT NULL,
  `created_at` datetime DEFAULT CURRENT_TIMESTAMP,
  `status` enum('pending','borrowed','returning','completed','rejected') DEFAULT 'pending',
  `admin_approvals` json DEFAULT NULL,
  `return_approvals` json DEFAULT NULL,
  `return_details` json DEFAULT NULL
) ENGINE=InnoDB DEFAULT CHARSET=utf8mb4 COLLATE=utf8mb4_0900_ai_ci;

--
-- Dumping data for table `generated_documents`
--

INSERT IGNORE INTO `generated_documents` (`id`, `template_id`, `user_id`, `data`, `pdf_path`, `created_at`, `status`, `admin_approvals`, `return_approvals`, `return_details`) VALUES
('0616605a-7cbb-41c4-a82c-eb478a626996', '3a2105b0-1a90-4345-833e-6cbb44302b2c', '02dc9a27-937d-4939-beae-cddec32ab76c', '{\"c\": true, \"i\": [{\"#\": \"1\", \"code\": \"F11663\", \"name\": \"ไผสิบอก\", \"amount\": \"555\"}], \"t\": true, \"in\": false, \"ot\": \"\", \"obj\": \"ยืมซื่อๆนิล่ะ\", \"ot2\": \"\", \"out\": false, \"ball\": true, \"other\": false, \"phone\": \"095967618\", \"staff\": false, \"total\": \"555\", \"circle\": true, \"n-user\": \"นายเทพไทย ใจดี\", \"other2\": false, \"prefix\": \"นาย\", \"general\": false, \"student\": true, \"agencies\": \"บ่รู้\", \"ed,em,ey\": \"2026-05-19\", \"location\": \"หนองอิเจม\", \"position\": \"programming\", \"sd,sm,sy\": \"2026-05-18\", \"full_name\": \"เทพไทย ใจดี\"}', NULL, '2026-05-17 09:34:45', 'completed', '{\"president\": {\"adminId\": \"00000000-0000-0000-0000-000000000001\", \"signedAt\": \"2026-05-17T09:36:29.576Z\", \"signature\": \"/uploads/signatures/sig-1777122814748-175311960.png\"}}', '{\"president\": {\"adminId\": \"00000000-0000-0000-0000-000000000001\", \"signedAt\": \"2026-05-17T09:38:34.458Z\", \"signature\": \"/uploads/signatures/sig-1777122814748-175311960.png\"}}', '{\"position\": \"programming\", \"signature\": \"/uploads/signatures/sig-1777282276441-795004096.png\", \"returnedAt\": \"2026-05-17T09:38:05.394Z\"}'),
('0c8ec169-365f-4899-a5ac-a048c614cebf', 'bf96a05c-450b-4e20-b81a-d88fad3074c6', '02dc9a27-937d-4939-beae-cddec32ab76c', '{\"i\": [{\"#\": \"1\", \"code\": \"99abc\", \"name\": \"ลักไปหลายอย่างยุ\", \"amount\": \"99\"}, {\"#\": \"2\", \"code\": \"B666\", \"name\": \"บ่บอกดอก\", \"amount\": \"0\"}], \"staff\": false, \"student\": true, \"full_name\": \"นายสมหมาย ใจบุญ\"}', NULL, '2026-05-13 13:13:26', 'rejected', NULL, NULL, NULL),
('0fb3f1a6-b32d-4617-b671-9e64e06c12fb', '3a2105b0-1a90-4345-833e-6cbb44302b2c', '02dc9a27-937d-4939-beae-cddec32ab76c', '{\"c\": false, \"i\": [{\"#\": \"1\", \"code\": \"\", \"name\": \"\", \"amount\": \"\"}], \"t\": false, \"in\": true, \"ot\": \"\", \"ot2\": \"\", \"out\": false, \"ball\": true, \"other\": false, \"phone\": \"\", \"staff\": false, \"circle\": false, \"other2\": false, \"general\": false, \"student\": false, \"agencies\": \"\", \"ed,em,ey\": \"2026-05-31\", \"location\": \"\", \"position\": \"\", \"sd,sm,sy\": \"2026-05-15\", \"full_name\": \"\"}', NULL, '2026-05-14 01:49:45', 'completed', '{\"president\": {\"adminId\": \"00000000-0000-0000-0000-000000000001\", \"signedAt\": \"2026-05-14T03:04:46.371Z\", \"signature\": \"/uploads/signatures/sig-1777122814748-175311960.png\"}}', '{\"president\": {\"adminId\": \"00000000-0000-0000-0000-000000000001\", \"signedAt\": \"2026-05-14T05:04:26.593Z\", \"signature\": \"/uploads/signatures/sig-1777122814748-175311960.png\"}}', '{\"position\": \"นักศึกษา\", \"signature\": \"/uploads/signatures/sig-1777282276441-795004096.png\", \"returnedAt\": \"2026-05-14T05:03:48.825Z\"}'),
('25783e13-f9f9-4e90-b155-24ebab6b2dd4', '3a2105b0-1a90-4345-833e-6cbb44302b2c', '02dc9a27-937d-4939-beae-cddec32ab76c', '{\"i\": [{\"#\": \"1\", \"code\": \"99abc\", \"name\": \"ลักไปหลายอย่างยุ\", \"amount\": \"99\"}, {\"#\": \"2\", \"code\": \"B666\", \"name\": \"บ่บอกดอก\", \"amount\": \"2\"}], \"staff\": true, \"student\": false, \"full_name\": \"นายสมหมาย ใจบุญ\"}', NULL, '2026-05-13 14:09:24', 'rejected', NULL, NULL, NULL),
('305661ee-90b2-4d6d-9a0e-3bdec1742929', '7a81369b-f166-48d2-ad17-13904dc17549', '02dc9a27-937d-4939-beae-cddec32ab76c', '{\"i\": [{\"#\": \"1\", \"code\": \"99abc\", \"name\": \"ลักไปหลายอย่างยุ99\", \"amount\": \"99\"}, {\"#\": \"2\", \"code\": \"B666\", \"name\": \"บ่บอกดอก\", \"amount\": \"2\"}, {\"#\": \"3\", \"code\": \"GF546\", \"name\": \"ไก่แจ้\", \"amount\": \"8\"}], \"full_name\": \"นายศุภโชค ไพดี\"}', NULL, '2026-05-13 12:30:31', 'rejected', NULL, NULL, NULL),
('6932492b-52d3-41e7-9bc9-9d3bb792b257', 'b14910a2-a387-4e92-a639-95561e02feb6', '02dc9a27-937d-4939-beae-cddec32ab76c', '{\"i\": [{\"#\": \"1\", \"code\": \"99abc\", \"name\": \"ลักไปหลายอย่างยุ99\", \"amount\": \"99\"}]}', NULL, '2026-04-27 19:29:12', 'rejected', NULL, NULL, NULL),
('6a3e3fba-8a47-4e71-b507-34e009f5fbd5', 'e2279d04-3995-4689-bb69-37ec97751ecd', '02dc9a27-937d-4939-beae-cddec32ab76c', '{\"i\": [{\"#\": \"1\", \"code\": \"A555\", \"name\": \"ลักไปหลายอย่างยุ\", \"amount\": \"99\"}, {\"#\": \"2\", \"code\": \"B666\", \"name\": \"ทดสอบๆ\", \"amount\": \"2\"}]}', NULL, '2026-04-27 19:16:00', 'rejected', NULL, NULL, NULL),
('6a8cf6fd-18f8-44a4-8137-e1b1fb1118d3', '9a06f4bc-424a-4408-bd49-f197d37278cf', '02dc9a27-937d-4939-beae-cddec32ab76c', '{\"i\": [{\"no\": \"1\", \"code\": \"A555\", \"name\": \"ลักไปหลายอย่างยุ\", \"amount\": \"99\"}, {\"no\": \"2\", \"code\": \"B666\", \"name\": \"บ่บอกดอก\", \"amount\": \"0\"}], \"staff\": false, \"student\": true, \"full_name\": \"นายศุภโชค ไพดี\"}', NULL, '2026-04-26 20:59:17', 'rejected', NULL, NULL, NULL),
('8d6869eb-4f5f-43ae-9f07-43450b991f66', 'bf96a05c-450b-4e20-b81a-d88fad3074c6', '02dc9a27-937d-4939-beae-cddec32ab76c', '{\"i\": [{\"#\": \"1\", \"code\": \"99abc\", \"name\": \"ลักไปหลายอย่างยุ\", \"amount\": \"99\"}, {\"#\": \"2\", \"code\": \"B666\", \"name\": \"ทดสอบๆ\", \"amount\": \"2\"}], \"staff\": true, \"student\": false, \"full_name\": \"นายสมหมาย ใจบุญ\"}', NULL, '2026-05-13 14:04:13', 'rejected', NULL, NULL, NULL),
('955049d4-6777-4a71-835a-1d69e95e00cc', '3a2105b0-1a90-4345-833e-6cbb44302b2c', '02dc9a27-937d-4939-beae-cddec32ab76c', '{\"c\": false, \"i\": [{\"#\": \"1\", \"code\": \" \", \"name\": \"ไผสิบอก\", \"amount\": \"555\"}], \"t\": false, \"ed\": \"2026-05-31\", \"em\": \"\", \"ey\": \"\", \"in\": false, \"ot\": \"บ่บอก\", \"sd\": \"2026-05-14\", \"sm\": \"\", \"sy\": \"\", \"ot2\": \"ใหญ่แล้ว\", \"out\": false, \"ball\": false, \"other\": true, \"phone\": \"085614137\", \"staff\": false, \"circle\": false, \"other2\": true, \"general\": false, \"student\": false, \"agencies\": \"กเกพเกพเ\", \"location\": \"เกพเกพเ\", \"position\": \"เพกเกพเ\", \"full_name\": \"เดเกเพ\"}', NULL, '2026-05-14 01:41:40', 'rejected', NULL, NULL, NULL),
('95f5d83c-52cf-4548-bfa7-f99345c9330c', '9a06f4bc-424a-4408-bd49-f197d37278cf', '02dc9a27-937d-4939-beae-cddec32ab76c', '{\"i\": [{\"n\": \"1\", \"no\": \"1\", \"code\": \"A555\", \"name\": \"ทดสอบ\", \"amount\": \"1\"}, {\"n\": \"2\", \"no\": \"2\", \"code\": \"B666\", \"name\": \"ทดสอบๆ\", \"amount\": \"2\"}], \"phone\": \"0895743756\", \"staff\": false, \"student\": true, \"full_name\": \"ทดสอบ\"}', NULL, '2026-04-27 12:08:33', 'rejected', NULL, NULL, NULL),
('97394a24-78f4-4a97-8a23-19cbee86850e', '3a2105b0-1a90-4345-833e-6cbb44302b2c', '02dc9a27-937d-4939-beae-cddec32ab76c', '{\"c\": false, \"i\": [{\"#\": \"1\", \"code\": \"G4264\", \"name\": \"ไผสิบอก\", \"amount\": \"555\"}], \"t\": false, \"in\": false, \"ot\": \"\", \"obj\": \"\", \"ot2\": \"\", \"out\": false, \"ball\": true, \"other\": false, \"phone\": \"\", \"staff\": false, \"total\": \"555\", \"circle\": false, \"n-user\": \"\", \"other2\": false, \"prefix\": \"นาย\", \"general\": false, \"student\": true, \"agencies\": \"\", \"ed,em,ey\": \"2026-05-23\", \"location\": \"\", \"position\": \"ฟักยูวว\", \"sd,sm,sy\": \"2026-05-15\", \"full_name\": \"เทพจัด\"}', NULL, '2026-05-14 04:31:39', 'rejected', NULL, NULL, NULL),
('a20b34aa-f43d-4d6c-a76a-f25e2df36734', 'b14910a2-a387-4e92-a639-95561e02feb6', '02dc9a27-937d-4939-beae-cddec32ab76c', '{\"i\": [{\"#\": \"1\", \"code\": \"A555\", \"name\": \"ลักไปหลายอย่างยุ\", \"amount\": \"99\"}, {\"#\": \"2\", \"code\": \"B666\", \"name\": \"ทดสอบๆ\", \"amount\": \"0\"}, {\"#\": \"3\", \"code\": \"GF546\", \"name\": \"ไก่\", \"amount\": \"2\"}]}', NULL, '2026-05-13 11:39:03', 'rejected', '{\"president\": {\"adminId\": \"00000000-0000-0000-0000-000000000001\", \"signedAt\": \"2026-05-13T11:51:03.528Z\", \"signature\": \"/uploads/signatures/sig-1777122814748-175311960.png\"}}', NULL, NULL),
('c5c6e8fe-a579-4a9a-a80a-fcf8e948be61', 'b14910a2-a387-4e92-a639-95561e02feb6', '02dc9a27-937d-4939-beae-cddec32ab76c', '{\"i\": [{\"no\": \"1\", \"code\": \"99abc\", \"name\": \"ลักไปหลายอย่างยุ\", \"amount\": \"99\"}]}', NULL, '2026-04-27 19:31:37', 'rejected', NULL, NULL, NULL),
('c9fd04cf-d7ee-42ab-ad66-1d3abacccf4e', 'e2279d04-3995-4689-bb69-37ec97751ecd', '02dc9a27-937d-4939-beae-cddec32ab76c', '{\"i\": [{\"#\": \"1\", \"code\": \"A55566\", \"name\": \"ลักไปหลายอย่างยุ\", \"amount\": \"99\"}]}', NULL, '2026-04-27 19:22:06', 'rejected', NULL, NULL, NULL),
('d9873212-b0cf-482b-a7d6-954996e07eba', 'e36a3850-6fd8-43ad-8ddc-b955d3e2321f', '02dc9a27-937d-4939-beae-cddec32ab76c', '{\"i\": [{\"#\": \"1\", \"code\": \"A555\", \"name\": \"ลักไปหลายอย่างยุ\", \"amount\": \"1\"}, {\"#\": \"2\", \"code\": \"B666\", \"name\": \"บ่บอกดอก\", \"amount\": \"0\"}, {\"#\": \"3\", \"code\": \"GF546\", \"name\": \"ไก่แจ้\", \"amount\": \"2\"}, {\"#\": \"4\", \"code\": \"HG979\", \"name\": \"บ่รู้\", \"amount\": \"90\"}], \"full_name\": \"นายสมหมาย ใจบุญ\"}', NULL, '2026-05-13 13:03:16', 'rejected', NULL, NULL, NULL),
('da3d37e4-7852-46d6-b2ff-ad71e7d7e37d', 'b14910a2-a387-4e92-a639-95561e02feb6', '02dc9a27-937d-4939-beae-cddec32ab76c', '{\"i\": [{\"#\": \"1\", \"code\": \"ABC999\", \"name\": \"ทดสอบ99\", \"amount\": \"99\"}]}', NULL, '2026-04-27 19:26:05', 'rejected', NULL, NULL, NULL),
('eb8ebc3e-b811-494f-b2f0-6cda52d5f619', '3a2105b0-1a90-4345-833e-6cbb44302b2c', 'ec29b631-8f87-48f3-8d5f-bdf6691f550c', '{\"i\": [{\"#\": \"1\", \"code\": \"456789\", \"name\": \"ลูกเปตอง\", \"amount\": \"1\"}, {\"#\": \"2\", \"code\": \"\", \"name\": \"\", \"amount\": \"\"}], \"staff\": false, \"student\": true, \"full_name\": \"นายสันติภาพ วงศ์จอม\"}', NULL, '2026-05-13 15:29:49', 'rejected', NULL, NULL, NULL),
('fc539114-8109-4c57-bfc3-3c8b38b92676', '9a06f4bc-424a-4408-bd49-f197d37278cf', '02dc9a27-937d-4939-beae-cddec32ab76c', '{\"i\": [{\"n\": \"1\", \"no\": \"1\", \"code\": \"A555\", \"name\": \"ลักไปหลายอย่างยุ\", \"amount\": \"99\"}, {\"n\": \"2\", \"no\": \"2\", \"code\": \"B666\", \"name\": \"บ่บอกดอก\", \"amount\": \"0\"}, {\"n\": \"3\", \"no\": \"3\", \"code\": \"\", \"name\": \"\", \"amount\": \"\"}], \"staff\": false, \"student\": true, \"full_name\": \"นายศุภโชค ไพดี\"}', NULL, '2026-04-27 09:04:21', 'rejected', NULL, NULL, NULL);

-- --------------------------------------------------------

--
-- Table structure for table `notifications`
--

CREATE TABLE IF NOT EXISTS `notifications` (
  `id` varchar(36) NOT NULL,
  `user_id` varchar(36) NOT NULL,
  `type` varchar(100) NOT NULL COMMENT 'booking_approved, booking_reminder, loan_overdue, etc.',
  `title` varchar(500) NOT NULL,
  `message` text NOT NULL,
  `is_read` tinyint(1) NOT NULL DEFAULT '0',
  `link` varchar(500) DEFAULT NULL COMMENT 'frontend URL to navigate to',
  `created_at` datetime NOT NULL DEFAULT CURRENT_TIMESTAMP
) ENGINE=InnoDB DEFAULT CHARSET=utf8mb4 COLLATE=utf8mb4_0900_ai_ci;

--
-- Dumping data for table `notifications`
--

INSERT IGNORE INTO `notifications` (`id`, `user_id`, `type`, `title`, `message`, `is_read`, `link`, `created_at`) VALUES
('0017cbbb-98ef-4315-91cf-61786e59012c', '02dc9a27-937d-4939-beae-cddec32ab76c', 'document_approved', '✅ เอกสารอนุมัติครบถ้วนแล้ว', 'เอกสาร \"แบบฟอร์มการขอใช้บริการ ชมรมเปตอง สังกัดองค์การนักศึกษามหาวิทยาลัยอุบลราชธานี\" ได้รับการอนุมัติและลงนามครบถ้วนแล้ว คุณสามารถดาวน์โหลดได้ทันที', 0, '/history', '2026-05-14 05:04:26'),
('0126f623-7f7d-41a9-a22e-6f52735d96a3', 'e3f1e673-571a-4405-aba7-c75cdfc32730', 'admin_new_comment', '💬 มีคอมเมนต์ใหม่', 'ผู้ใช้ สันติภาพ คอมเมนต์ในโพสต์ \"test ระบบแปป\"', 0, '/admin/posts', '2026-04-26 15:48:50'),
('0535b168-10c3-4b6d-a876-dbe8bc24329e', '00000000-0000-0000-0000-000000000001', 'admin_loan_request', '🔔 มีคำขอยืมอุปกรณ์ใหม่', 'ผู้ใช้ F Khalifa ต้องการยืม \"LA FRANC LA FRANC SM (076MR)\"', 1, '/admin/bookings?tab=loans', '2026-04-25 13:47:36'),
('07b69610-1f79-47db-b32a-271b0c8fcb29', '02dc9a27-937d-4939-beae-cddec32ab76c', 'booking_submitted', 'ส่งคำขอจองสนามแล้ว', 'คุณได้ส่งคำขอจองสนาม \"สนามที่ 16\" เวลา 12/5/2569 16:00:00 รอการอนุมัติจาก Admin', 1, '/history', '2026-05-11 15:12:53'),
('08cfa62e-91df-4691-8a97-cb1badfcc5f5', 'cd28ab23-7c58-4691-ba1f-96c42104775e', 'admin_new_comment', '💬 มีคอมเมนต์ใหม่', 'ผู้ใช้ สันติภาพ คอมเมนต์ในโพสต์ \"test ระบบแปป\"', 0, '/admin/posts', '2026-04-26 15:48:50'),
('0b2c76e6-5ff1-4857-9405-3d1e5173ed07', '00000000-0000-0000-0000-000000000001', 'admin_booking_request', '📅 มีคำขอจองสนามใหม่', 'ผู้ใช้ สันติภาพ จองสนาม \"สนามที่ 7\" รอการตรวจสอบ', 1, '/admin/bookings?tab=bookings', '2026-04-26 15:50:19'),
('0bd46eb1-c2f1-469b-b014-d81843916334', 'c280a6aa-fab0-4f06-a3d2-3498c77b2cb7', 'loan_approved', '✅ การยืมอุปกรณ์อนุมัติแล้ว', 'คำขอยืม \"LA FRANC LA FRANC SM (105MR)\" ได้รับการอนุมัติแล้ว กรุณามารับอุปกรณ์ที่ห้องชมรม', 0, '/history', '2026-06-03 08:27:36'),
('0bd51c40-07b7-4985-b3de-06ff61346a0d', 'e3f1e673-571a-4405-aba7-c75cdfc32730', 'admin_document_request', '📝 มีคำขออนุมัติเอกสารใหม่', 'ผู้ใช้ F Khalifa ส่งคำขออนุมัติ \"แบบฟอร์มการขอใช้บริการ ชมรมเปตอง สังกัดองค์การนักศึกษามหาวิทยาลัยอุบลราชธานี\" รอการลงนาม', 0, '/admin/approvals', '2026-05-14 04:31:39'),
('0c40bb76-7225-47bc-9df1-50e4f1c53509', '00000000-0000-0000-0000-000000000001', 'admin_booking_request', '📅 มีคำขอจองสนามใหม่', 'ผู้ใช้ F จองสนาม \"สนามที่ 16\" รอการตรวจสอบ', 1, '/admin/bookings?tab=bookings', '2026-05-11 15:12:53'),
('105e5d3d-587f-4386-a16b-1d7fdedc4112', 'c280a6aa-fab0-4f06-a3d2-3498c77b2cb7', 'loan_approved', '✅ การยืมอุปกรณ์อนุมัติแล้ว', 'คำขอยืม \"LA FRANC LA FRANC SM (105MR)\" ได้รับการอนุมัติแล้ว กรุณามารับอุปกรณ์ที่ห้องชมรม', 0, '/history', '2026-06-03 08:26:37'),
('197ce40f-a74a-40fb-9fcd-68203d1ee2df', 'cd28ab23-7c58-4691-ba1f-96c42104775e', 'role_changed', 'สถานะบัญชีมีการเปลี่ยนแปลง', 'สถานะบัญชีของคุณถูกเปลี่ยนเป็น \"สมาชิก\"', 0, NULL, '2026-04-26 15:43:35'),
('1a803be2-f480-4b89-a798-dd9702b3a2ab', '02dc9a27-937d-4939-beae-cddec32ab76c', 'document_rejected', '❌ คำขออนุมัติเอกสารไม่ผ่าน', 'คำขออนุมัติเอกสาร \"ใบขอใช้บริการ ชมรมเปตองทดสอบๆ\" ถูกปฏิเสธ', 0, '/history', '2026-05-14 01:48:33'),
('1ef55997-32b1-4f9b-90ff-38580d7e08dc', '02dc9a27-937d-4939-beae-cddec32ab76c', 'booking_submitted', 'ส่งคำขอจองสนามแล้ว', 'คุณได้ส่งคำขอจองสนาม \"สนามที่ 18\" เวลา 24/4/2569 19:00:00 รอการอนุมัติจาก Admin', 1, '/history', '2026-04-24 10:30:22'),
('1f70760e-4917-4d62-9d29-3484b51f4925', 'cd28ab23-7c58-4691-ba1f-96c42104775e', 'admin_booking_request', '📅 มีคำขอจองสนามใหม่', 'ผู้ใช้ สันติภาพ จองสนาม \"สนามที่ 21\" รอการตรวจสอบ', 0, '/admin/bookings?tab=bookings', '2026-04-27 09:49:53'),
('205f226e-aaf1-46b2-9a9a-84079bf1df95', 'e3f1e673-571a-4405-aba7-c75cdfc32730', 'booking_approved', '✅ การจองได้รับการอนุมัติ', 'การจองสนาม \"สนามที่ 14\" เวลา 26/4/2569 18:00:00 ได้รับการอนุมัติแล้ว', 1, '/history', '2026-04-26 10:54:49'),
('221c4566-af72-449b-9df3-203bd99cb81e', 'e3f1e673-571a-4405-aba7-c75cdfc32730', 'admin_document_request', '📝 มีคำขออนุมัติเอกสารใหม่', 'ผู้ใช้ F Khalifa ส่งคำขออนุมัติ \"แบบฟอร์มการขอใช้บริการ ชมรมเปตอง สังกัดองค์การนักศึกษามหาวิทยาลัยอุบลราชธานี\" รอการลงนาม', 0, '/admin/approvals', '2026-05-17 09:34:45'),
('335190fd-683d-4d45-a1ee-898304cd20e1', 'cd28ab23-7c58-4691-ba1f-96c42104775e', 'booking_submitted', 'ส่งคำขอจองสนามแล้ว', 'คุณได้ส่งคำขอจองสนาม \"สนามที่ 16\" เวลา 24/4/2569 20:00:00 รอการอนุมัติจาก Admin', 0, '/history', '2026-04-24 12:05:12'),
('380f2232-718f-4f7a-a495-8814b67db139', '00000000-0000-0000-0000-000000000001', 'admin_loan_request', '🔔 มีคำขอยืมอุปกรณ์ใหม่', 'ผู้ใช้ F Khalifa ต้องการยืม \"MARATHON M - BLEM (3NC177)\"', 1, '/admin/bookings?tab=loans', '2026-04-26 08:49:16'),
('38adeaa5-2670-4fca-937b-eec151ffd2f9', '00000000-0000-0000-0000-000000000001', 'admin_loan_request', '🔔 มีคำขอยืมอุปกรณ์ใหม่', 'ผู้ใช้ ธีระภัทร งามเเสง ต้องการยืม \"OBUT OBUT MATCH (3L27)\"', 1, '/admin/bookings?tab=loans', '2026-04-24 12:04:33'),
('3c16ec8e-6c52-4e2e-9e86-6ec74dd8b32c', '02dc9a27-937d-4939-beae-cddec32ab76c', 'document_approved', '✅ เอกสารอนุมัติครบถ้วนแล้ว', 'เอกสาร \"แบบฟอร์มการขอใช้บริการ ชมรมเปตอง สังกัดองค์การนักศึกษามหาวิทยาลัยอุบลราชธานี\" ได้รับการอนุมัติและลงนามครบถ้วนแล้ว คุณสามารถดาวน์โหลดได้ทันที', 0, '/history', '2026-05-14 03:04:46'),
('3e5e8176-aaaf-4c5c-b164-3fd03912bd34', 'cd28ab23-7c58-4691-ba1f-96c42104775e', 'admin_document_request', '📝 มีคำขออนุมัติเอกสารใหม่', 'ผู้ใช้ F Khalifa ส่งคำขออนุมัติ \"แบบฟอร์มการขอใช้บริการ ชมรมเปตอง สังกัดองค์การนักศึกษามหาวิทยาลัยอุบลราชธานี\" รอการลงนาม', 0, '/admin/approvals', '2026-05-14 04:31:39'),
('41b1da3f-4301-4929-9f6a-9fe223f5264c', 'f8a4e430-da62-411f-9bc3-8079e29f33d5', 'role_changed', 'สถานะบัญชีมีการเปลี่ยนแปลง', 'สถานะบัญชีของคุณถูกเปลี่ยนเป็น \"สมาชิก\"', 0, NULL, '2026-04-23 12:16:13'),
('41ea8a86-5cb8-40d2-9a38-5d0f69f61b0e', '00000000-0000-0000-0000-000000000001', 'admin_new_comment', '💬 มีคอมเมนต์ใหม่', 'ผู้ใช้ System คอมเมนต์ในโพสต์ \"test ระบบแปป\"', 1, '/admin/posts', '2026-04-25 14:35:48'),
('4a4b0109-ec2d-49e9-be81-28c770791369', 'cd28ab23-7c58-4691-ba1f-96c42104775e', 'loan_rejected', '❌ การยืมอุปกรณ์ถูกปฏิเสธ', 'คำขอยืม \"OBUT OBUT MATCH (3L27)\" ถูกปฏิเสธ', 0, '/history', '2026-04-26 15:39:57'),
('4da8509d-7607-403c-92e4-fc616704314e', 'e3f1e673-571a-4405-aba7-c75cdfc32730', 'role_changed', 'สถานะบัญชีมีการเปลี่ยนแปลง', 'สถานะบัญชีของคุณถูกเปลี่ยนเป็น \"ผู้ดูแลระบบ\"', 0, NULL, '2026-04-26 14:54:08'),
('512ceb02-7591-4e01-9803-394823d8c8e4', '02dc9a27-937d-4939-beae-cddec32ab76c', 'role_changed', 'สถานะบัญชีมีการเปลี่ยนแปลง', 'สถานะบัญชีของคุณถูกเปลี่ยนเป็น \"ผู้ดูแลระบบ\"', 1, NULL, '2026-04-26 08:59:12'),
('56df67ed-53d4-4e81-b1f9-7dea56be9f08', 'e3f1e673-571a-4405-aba7-c75cdfc32730', 'admin_booking_request', '📅 มีคำขอจองสนามใหม่', 'ผู้ใช้ สันติภาพ จองสนาม \"สนามที่ 7\" รอการตรวจสอบ', 1, '/admin/bookings?tab=bookings', '2026-04-26 15:50:19'),
('59b61d3f-72ce-4a93-9ebb-b94e56d49427', '02dc9a27-937d-4939-beae-cddec32ab76c', 'document_rejected', '❌ คำขออนุมัติเอกสารไม่ผ่าน', 'คำขออนุมัติเอกสาร \"ใบขอใช้บริการ ชมรมเปตองทดสอบๆ\" ถูกปฏิเสธ', 0, '/history', '2026-05-14 01:41:54'),
('5ae8e9b4-87a5-4d3d-b8e9-632596f66197', '00000000-0000-0000-0000-000000000001', 'admin_return_request', '📦 มีการแจ้งคืนพัสดุใหม่', 'ผู้ใช้ F Khalifa แจ้งคืนพัสดุสำหรับ \"แบบฟอร์มการขอใช้บริการ ชมรมเปตอง สังกัดองค์การนักศึกษามหาวิทยาลัยอุบลราชธานี\" รอการตรวจสอบ', 0, '/admin/approvals', '2026-05-14 05:03:48'),
('5b5cb6ab-aa87-4ad0-94bf-011aab09e3de', '00000000-0000-0000-0000-000000000001', 'admin_new_comment', '💬 มีคอมเมนต์ใหม่', 'ผู้ใช้ F คอมเมนต์ในโพสต์ \"test ระบบแปป\"', 1, '/admin/posts', '2026-04-25 14:25:20'),
('5c5ef127-39e8-416a-ada3-257746c0b652', 'cd28ab23-7c58-4691-ba1f-96c42104775e', 'role_changed', 'สถานะบัญชีมีการเปลี่ยนแปลง', 'สถานะบัญชีของคุณถูกเปลี่ยนเป็น \"ผู้ดูแลระบบ\"', 0, NULL, '2026-04-26 15:43:47'),
('5e87ff99-a189-4fb3-a4f1-7c38ce134051', '02dc9a27-937d-4939-beae-cddec32ab76c', 'document_rejected', '❌ คำขออนุมัติเอกสารไม่ผ่าน', 'คำขออนุมัติเอกสาร \"แบบฟอร์มการขอใช้บริการ ชมรมเปตอง สังกัดองค์การนักศึกษามหาวิทยาลัยอุบลราชธานี\" ถูกปฏิเสธ', 0, '/history', '2026-05-14 05:02:51'),
('60bb9d84-a581-4c17-813a-a8c7d99eada9', '00000000-0000-0000-0000-000000000001', 'admin_booking_request', '📅 มีคำขอจองสนามใหม่', 'ผู้ใช้ F จองสนาม \"สนามที่ 56\" รอการตรวจสอบ', 1, '/admin/bookings?tab=bookings', '2026-04-26 08:45:49'),
('627d63b0-90ce-49c1-856e-fc5af4501115', '00000000-0000-0000-0000-000000000001', 'admin_loan_request', '🔔 มีคำขอยืมอุปกรณ์ใหม่', 'ผู้ใช้ แทนคุณ ค้าบบบ ต้องการยืม \"LA FRANC LA FRANC SM (105MR)\"', 0, '/admin/bookings?tab=loans', '2026-06-03 08:25:02'),
('68b1d6b6-e243-4082-9418-6f82a7a1c0b5', '02dc9a27-937d-4939-beae-cddec32ab76c', 'role_changed', 'สถานะบัญชีมีการเปลี่ยนแปลง', 'สถานะบัญชีของคุณถูกเปลี่ยนเป็น \"ผู้ดูแลระบบ\"', 1, NULL, '2026-04-26 08:59:24'),
('6d172d3f-c2f7-4bfa-a569-9d2268f2b6a3', 'c280a6aa-fab0-4f06-a3d2-3498c77b2cb7', 'loan_approved', '✅ การยืมอุปกรณ์อนุมัติแล้ว', 'คำขอยืม \"LA FRANC LA FRANC SM (105MR)\" ได้รับการอนุมัติแล้ว กรุณามารับอุปกรณ์ที่ห้องชมรม', 0, '/history', '2026-06-03 08:27:36'),
('7265a5d5-28c2-4ca3-8288-1fc2d05487de', '02dc9a27-937d-4939-beae-cddec32ab76c', 'loan_returned', '📦 คืนอุปกรณ์เรียบร้อย', 'คุณได้คืนอุปกรณ์ \"MARATHON M - BLEM (3NC177)\" เรียบร้อยแล้ว ขอบคุณที่ใช้บริการ', 1, '/history', '2026-04-26 12:24:15'),
('736a8d0d-6447-4176-be9a-c569fbb21dc5', '00000000-0000-0000-0000-000000000001', 'admin_loan_request', '🔔 มีคำขอยืมอุปกรณ์ใหม่', 'ผู้ใช้ ธีระภัทร งามเเสง ต้องการยืม \"OBUT OBUT MATCH (3L27)\"', 1, '/admin/bookings?tab=loans', '2026-04-26 15:39:40'),
('7430e5f1-4eb5-44a8-9dbd-d49f230c9c22', '00000000-0000-0000-0000-000000000001', 'admin_new_comment', '💬 มีคอมเมนต์ใหม่', 'ผู้ใช้ F คอมเมนต์ในโพสต์ \"test ระบบแปป\"', 1, '/admin/posts', '2026-04-25 14:40:56'),
('7514fb04-5dcc-4943-9891-539ffc06fa0a', 'c280a6aa-fab0-4f06-a3d2-3498c77b2cb7', 'loan_returned', '📦 คืนอุปกรณ์เรียบร้อย', 'คุณได้คืนอุปกรณ์ \"LA FRANC LA FRANC SM (105MR)\" เรียบร้อยแล้ว ขอบคุณที่ใช้บริการ', 0, '/history', '2026-06-03 08:34:08'),
('77392485-f0dc-4c85-a586-f3d201c507b7', 'e3f1e673-571a-4405-aba7-c75cdfc32730', 'admin_loan_request', '🔔 มีคำขอยืมอุปกรณ์ใหม่', 'ผู้ใช้ ธีระภัทร งามเเสง ต้องการยืม \"OBUT OBUT MATCH (3L27)\"', 1, '/admin/bookings?tab=loans', '2026-04-26 15:39:40'),
('7d3374c9-f0c3-4a35-bd62-a9f0242baafe', '00000000-0000-0000-0000-000000000001', 'admin_new_comment', '💬 มีคอมเมนต์ใหม่', 'ผู้ใช้ F คอมเมนต์ในโพสต์ \"test \"', 1, '/admin/posts', '2026-04-25 14:19:08'),
('81d023b0-13b0-4ce0-8d8c-39c302ea9f89', 'e3f1e673-571a-4405-aba7-c75cdfc32730', 'admin_new_comment', '💬 มีคอมเมนต์ใหม่', 'ผู้ใช้ ธีระภัทร คอมเมนต์ในโพสต์ \"test ระบบแปป\"', 0, '/admin/posts', '2026-04-26 15:40:40'),
('81daf8e0-bebe-4b28-88b3-6aadd11bff48', 'e3f1e673-571a-4405-aba7-c75cdfc32730', 'admin_booking_request', '📅 มีคำขอจองสนามใหม่', 'ผู้ใช้ F จองสนาม \"สนามที่ 18\" รอการตรวจสอบ', 0, '/admin/bookings?tab=bookings', '2026-04-26 22:25:00'),
('82c54daa-84d0-479d-bb59-56a15f9812d5', 'ec29b631-8f87-48f3-8d5f-bdf6691f550c', 'booking_rejected', '❌ การจองถูกปฏิเสธ', 'การจองสนาม \"สนามที่ 21\" ถูกปฏิเสธ', 0, '/history', '2026-04-27 09:50:55'),
('84074458-55e3-4a4b-9efa-32d24509f2bd', 'e3f1e673-571a-4405-aba7-c75cdfc32730', 'admin_booking_request', '📅 มีคำขอจองสนามใหม่', 'ผู้ใช้ F จองสนาม \"สนามที่ 16\" รอการตรวจสอบ', 0, '/admin/bookings?tab=bookings', '2026-05-11 15:12:53'),
('856de684-2f6c-4273-8b08-eb977607394f', '00000000-0000-0000-0000-000000000001', 'admin_loan_request', '🔔 มีคำขอยืมอุปกรณ์ใหม่', 'ผู้ใช้ F Khalifa ต้องการยืม \"OBUT OBUT MADE IN FRANCE (OMF-1)\"', 1, '/admin/bookings?tab=loans', '2026-04-25 13:32:25'),
('8722acda-8cf7-40ba-9f78-26438466550c', '00000000-0000-0000-0000-000000000001', 'admin_new_comment', '💬 มีคอมเมนต์ใหม่', 'ผู้ใช้ System คอมเมนต์ในโพสต์ \"test ระบบแปป\"', 1, '/admin/posts', '2026-04-25 14:29:37'),
('879ce85b-04fb-4c41-9418-2beb5a87a381', '00000000-0000-0000-0000-000000000001', 'admin_document_request', '📝 มีคำขออนุมัติเอกสารใหม่', 'ผู้ใช้ F Khalifa ส่งคำขออนุมัติ \"ใบขอใช้บริการ ชมรมเปตองทดสอบๆ\" รอการลงนาม', 0, '/admin/approvals', '2026-05-14 01:49:45'),
('8938e495-9ca3-48e1-b860-3472d41ab95d', '02dc9a27-937d-4939-beae-cddec32ab76c', 'role_changed', 'สถานะบัญชีมีการเปลี่ยนแปลง', 'สถานะบัญชีของคุณถูกเปลี่ยนเป็น \"สมาชิก\"', 1, NULL, '2026-04-26 08:59:14'),
('8b597565-12b0-4245-9e23-99ce16d7299b', 'cd28ab23-7c58-4691-ba1f-96c42104775e', 'admin_loan_request', '🔔 มีคำขอยืมอุปกรณ์ใหม่', 'ผู้ใช้ แทนคุณ ค้าบบบ ต้องการยืม \"LA FRANC LA FRANC SM (105MR)\"', 0, '/admin/bookings?tab=loans', '2026-06-03 08:25:02'),
('92bd3496-b6f3-460f-966c-d769dacea7d4', '00000000-0000-0000-0000-000000000001', 'admin_document_request', '📝 มีคำขออนุมัติเอกสารใหม่', 'ผู้ใช้ F Khalifa ส่งคำขออนุมัติ \"แบบฟอร์มการขอใช้บริการ ชมรมเปตอง สังกัดองค์การนักศึกษามหาวิทยาลัยอุบลราชธานี\" รอการลงนาม', 0, '/admin/approvals', '2026-05-14 04:31:39'),
('9351db9a-89de-4cb8-8a55-f0d31c69e0d8', '02dc9a27-937d-4939-beae-cddec32ab76c', 'booking_approved', '✅ การจองได้รับการอนุมัติ', 'การจองสนาม \"สนามที่ 16\" เวลา 12/5/2569 16:00:00 ได้รับการอนุมัติแล้ว', 1, '/history', '2026-05-11 15:15:32'),
('9377d092-fc92-4ab6-836c-7eb538ca8455', '00000000-0000-0000-0000-000000000001', 'admin_booking_request', '📅 มีคำขอจองสนามใหม่', 'ผู้ใช้ F จองสนาม \"สนามที่ 59\" รอการตรวจสอบ', 1, '/admin/bookings?tab=bookings', '2026-04-26 08:39:07'),
('95ec1ac9-90bf-4407-bd82-b582a0dec96a', '00000000-0000-0000-0000-000000000001', 'admin_booking_request', '📅 มีคำขอจองสนามใหม่', 'ผู้ใช้ สันติภาพ จองสนาม \"สนามที่ 21\" รอการตรวจสอบ', 1, '/admin/bookings?tab=bookings', '2026-04-27 09:49:53'),
('9864e63d-d5e1-4dbd-9cb9-0869c6f9154f', 'e3f1e673-571a-4405-aba7-c75cdfc32730', 'admin_return_request', '📦 มีการแจ้งคืนพัสดุใหม่', 'ผู้ใช้ F Khalifa แจ้งคืนพัสดุสำหรับ \"แบบฟอร์มการขอใช้บริการ ชมรมเปตอง สังกัดองค์การนักศึกษามหาวิทยาลัยอุบลราชธานี\" รอการตรวจสอบ', 0, '/admin/approvals', '2026-05-14 05:03:48'),
('99de7d38-0d30-4c6f-99f7-7afd711a3774', 'cd28ab23-7c58-4691-ba1f-96c42104775e', 'admin_return_request', '📦 มีการแจ้งคืนพัสดุใหม่', 'ผู้ใช้ F Khalifa แจ้งคืนพัสดุสำหรับ \"แบบฟอร์มการขอใช้บริการ ชมรมเปตอง สังกัดองค์การนักศึกษามหาวิทยาลัยอุบลราชธานี\" รอการตรวจสอบ', 0, '/admin/approvals', '2026-05-17 09:38:05'),
('9a29c237-9fa8-4987-a256-89b396d10415', 'ec29b631-8f87-48f3-8d5f-bdf6691f550c', 'document_rejected', '❌ คำขออนุมัติเอกสารไม่ผ่าน', 'คำขออนุมัติเอกสาร \"ใบขอใช้บริการ ชมรมเปตองทดสอบๆ\" ถูกปฏิเสธ', 0, '/history', '2026-05-14 01:41:52'),
('9aedc522-204b-46bc-90c5-16bbe49e646e', 'cd28ab23-7c58-4691-ba1f-96c42104775e', 'admin_booking_request', '📅 มีคำขอจองสนามใหม่', 'ผู้ใช้ F จองสนาม \"สนามที่ 16\" รอการตรวจสอบ', 0, '/admin/bookings?tab=bookings', '2026-05-11 15:12:53'),
('9afb4b90-aaf8-4073-84d3-6ac433c04739', 'cd28ab23-7c58-4691-ba1f-96c42104775e', 'admin_document_request', '📝 มีคำขออนุมัติเอกสารใหม่', 'ผู้ใช้ F Khalifa ส่งคำขออนุมัติ \"ใบขอใช้บริการ ชมรมเปตองทดสอบๆ\" รอการลงนาม', 0, '/admin/approvals', '2026-05-14 01:41:40'),
('a43e59d6-7b03-4d5d-aab7-bd1361adfb1f', '02dc9a27-937d-4939-beae-cddec32ab76c', 'role_changed', 'สถานะบัญชีมีการเปลี่ยนแปลง', 'สถานะบัญชีของคุณถูกเปลี่ยนเป็น \"สมาชิก\"', 1, NULL, '2026-04-26 08:59:27'),
('a53271e4-7614-4397-8aa8-d3a1da6a05ad', 'e3f1e673-571a-4405-aba7-c75cdfc32730', 'booking_submitted', 'ส่งคำขอจองสนามแล้ว', 'คุณได้ส่งคำขอจองสนาม \"สนามที่ 14\" เวลา 26/4/2569 18:00:00 รอการอนุมัติจาก Admin', 0, '/history', '2026-04-26 10:54:27'),
('a64a532c-66d1-42b7-84dd-f5167c5eae9b', '02dc9a27-937d-4939-beae-cddec32ab76c', 'document_approved', '✅ เอกสารอนุมัติครบถ้วนแล้ว', 'เอกสาร \"แบบฟอร์มการขอใช้บริการ ชมรมเปตอง สังกัดองค์การนักศึกษามหาวิทยาลัยอุบลราชธานี\" ได้รับการอนุมัติและลงนามครบถ้วนแล้ว คุณสามารถดาวน์โหลดได้ทันที', 0, '/history', '2026-05-17 09:36:29'),
('aac48144-a82b-4f8d-96c8-fdc6d9347289', '02dc9a27-937d-4939-beae-cddec32ab76c', 'booking_approved', '✅ การจองได้รับการอนุมัติ', 'การจองสนาม \"สนามที่ 59\" เวลา 26/4/2569 16:00:00 ได้รับการอนุมัติแล้ว', 1, '/history', '2026-04-26 09:24:54'),
('aca24e3a-e1f0-4849-a8a0-89283e2e95de', 'cd28ab23-7c58-4691-ba1f-96c42104775e', 'admin_booking_request', '📅 มีคำขอจองสนามใหม่', 'ผู้ใช้ F จองสนาม \"สนามที่ 18\" รอการตรวจสอบ', 0, '/admin/bookings?tab=bookings', '2026-04-26 22:25:00'),
('ad006be6-a985-4aef-8a03-f9d6f776a0f4', 'e3f1e673-571a-4405-aba7-c75cdfc32730', 'admin_loan_request', '🔔 มีคำขอยืมอุปกรณ์ใหม่', 'ผู้ใช้ แทนคุณ ค้าบบบ ต้องการยืม \"LA FRANC LA FRANC SM (105MR)\"', 0, '/admin/bookings?tab=loans', '2026-06-03 08:25:02'),
('b1235085-294f-4376-975b-5ffee412faba', 'cd28ab23-7c58-4691-ba1f-96c42104775e', 'role_changed', 'สถานะบัญชีมีการเปลี่ยนแปลง', 'สถานะบัญชีของคุณถูกเปลี่ยนเป็น \"ผู้ดูแลระบบ\"', 0, NULL, '2026-04-26 15:43:32'),
('b1a2eaf6-eaed-46cc-b550-b8f3db751079', 'cd28ab23-7c58-4691-ba1f-96c42104775e', 'admin_document_request', '📝 มีคำขออนุมัติเอกสารใหม่', 'ผู้ใช้ F Khalifa ส่งคำขออนุมัติ \"แบบฟอร์มการขอใช้บริการ ชมรมเปตอง สังกัดองค์การนักศึกษามหาวิทยาลัยอุบลราชธานี\" รอการลงนาม', 0, '/admin/approvals', '2026-05-17 09:34:45'),
('b43c3eb8-7cd1-4e04-bd62-280dfc069b24', 'ec29b631-8f87-48f3-8d5f-bdf6691f550c', 'booking_submitted', 'ส่งคำขอจองสนามแล้ว', 'คุณได้ส่งคำขอจองสนาม \"สนามที่ 21\" เวลา 28/4/2569 16:51:00 รอการอนุมัติจาก Admin', 0, '/history', '2026-04-27 09:49:53'),
('b5ed628e-da4c-4f3c-a019-87108dec9123', '02dc9a27-937d-4939-beae-cddec32ab76c', 'booking_rejected', '❌ การจองถูกปฏิเสธ', 'การจองสนาม \"สนามที่ 18\" ถูกปฏิเสธ', 1, '/history', '2026-05-11 15:15:10'),
('b70a2233-65ab-4685-8b04-280e6543c2e6', 'cd28ab23-7c58-4691-ba1f-96c42104775e', 'booking_rejected', '❌ การจองถูกปฏิเสธ', 'การจองสนาม \"สนามที่ 16\" ถูกปฏิเสธ', 0, '/history', '2026-04-25 13:30:50'),
('b7714437-a4c2-493d-8370-045b7192ede6', 'cd28ab23-7c58-4691-ba1f-96c42104775e', 'admin_booking_request', '📅 มีคำขอจองสนามใหม่', 'ผู้ใช้ สันติภาพ จองสนาม \"สนามที่ 7\" รอการตรวจสอบ', 0, '/admin/bookings?tab=bookings', '2026-04-26 15:50:19'),
('b7b1c311-b39c-4014-849c-a7a7106cdc4f', '00000000-0000-0000-0000-000000000001', 'admin_booking_request', '📅 มีคำขอจองสนามใหม่', 'ผู้ใช้ F จองสนาม \"สนามที่ 18\" รอการตรวจสอบ', 1, '/admin/bookings?tab=bookings', '2026-04-26 22:25:00'),
('b865aad7-e15e-469d-a087-522c124f04b9', '02dc9a27-937d-4939-beae-cddec32ab76c', 'booking_approved', '✅ การจองได้รับการอนุมัติ', 'การจองสนาม \"สนามที่ 18\" เวลา 24/4/2569 19:00:00 ได้รับการอนุมัติแล้ว', 1, '/history', '2026-04-24 10:30:51'),
('b8716804-0eb0-4ae9-bb68-3ad2fc58ab56', 'cd28ab23-7c58-4691-ba1f-96c42104775e', 'admin_return_request', '📦 มีการแจ้งคืนพัสดุใหม่', 'ผู้ใช้ F Khalifa แจ้งคืนพัสดุสำหรับ \"แบบฟอร์มการขอใช้บริการ ชมรมเปตอง สังกัดองค์การนักศึกษามหาวิทยาลัยอุบลราชธานี\" รอการตรวจสอบ', 0, '/admin/approvals', '2026-05-14 05:03:48'),
('bb73ccbe-33fd-4cf8-82fb-218a2514d304', 'ec29b631-8f87-48f3-8d5f-bdf6691f550c', 'booking_approved', '✅ การจองได้รับการอนุมัติ', 'การจองสนาม \"สนามที่ 7\" เวลา 27/4/2569 17:02:00 ได้รับการอนุมัติแล้ว', 1, '/history', '2026-04-26 15:50:59'),
('bb88c099-a436-4761-96b5-f46579580208', '00000000-0000-0000-0000-000000000001', 'admin_document_request', '📝 มีคำขออนุมัติเอกสารใหม่', 'ผู้ใช้ F Khalifa ส่งคำขออนุมัติ \"ใบขอใช้บริการ ชมรมเปตองทดสอบๆ\" รอการลงนาม', 0, '/admin/approvals', '2026-05-14 01:41:40'),
('bcf3b754-99ef-4c90-a608-a9d003850ba8', 'c280a6aa-fab0-4f06-a3d2-3498c77b2cb7', 'loan_approved', '✅ การยืมอุปกรณ์อนุมัติแล้ว', 'คำขอยืม \"LA FRANC LA FRANC SM (105MR)\" ได้รับการอนุมัติแล้ว กรุณามารับอุปกรณ์ที่ห้องชมรม', 0, '/history', '2026-06-03 08:26:43'),
('be59fae3-221f-40f6-8cf1-a7d1ab5f87bf', 'e3f1e673-571a-4405-aba7-c75cdfc32730', 'booking_submitted', 'ส่งคำขอจองสนามแล้ว', 'คุณได้ส่งคำขอจองสนาม \"สนามที่ 16\" เวลา 24/4/2569 19:00:00 รอการอนุมัติจาก Admin', 0, '/history', '2026-04-24 11:23:12'),
('c51f2e50-7653-4f99-9cd3-dfd6a4b895fb', 'ec29b631-8f87-48f3-8d5f-bdf6691f550c', 'booking_submitted', 'ส่งคำขอจองสนามแล้ว', 'คุณได้ส่งคำขอจองสนาม \"สนามที่ 7\" เวลา 27/4/2569 17:02:00 รอการอนุมัติจาก Admin', 0, '/history', '2026-04-26 15:50:19'),
('c571ab7e-4536-4671-ab96-277e6649d87d', 'c280a6aa-fab0-4f06-a3d2-3498c77b2cb7', 'loan_approved', '✅ การยืมอุปกรณ์อนุมัติแล้ว', 'คำขอยืม \"LA FRANC LA FRANC SM (105MR)\" ได้รับการอนุมัติแล้ว กรุณามารับอุปกรณ์ที่ห้องชมรม', 0, '/history', '2026-06-03 08:26:34'),
('c75b1d60-3f49-4fce-ac4b-88202b96a7e3', 'e3f1e673-571a-4405-aba7-c75cdfc32730', 'admin_booking_request', '📅 มีคำขอจองสนามใหม่', 'ผู้ใช้ สันติภาพ จองสนาม \"สนามที่ 21\" รอการตรวจสอบ', 1, '/admin/bookings?tab=bookings', '2026-04-27 09:49:53'),
('c84f14b8-4770-4407-8c0f-07d656948e0f', '02dc9a27-937d-4939-beae-cddec32ab76c', 'booking_submitted', 'ส่งคำขอจองสนามแล้ว', 'คุณได้ส่งคำขอจองสนาม \"สนามที่ 18\" เวลา 27/4/2569 16:00:00 รอการอนุมัติจาก Admin', 1, '/history', '2026-04-26 22:25:00'),
('cbfb9cf1-c106-48f6-aa10-fea75ae9a210', 'e3f1e673-571a-4405-aba7-c75cdfc32730', 'admin_return_request', '📦 มีการแจ้งคืนพัสดุใหม่', 'ผู้ใช้ F Khalifa แจ้งคืนพัสดุสำหรับ \"แบบฟอร์มการขอใช้บริการ ชมรมเปตอง สังกัดองค์การนักศึกษามหาวิทยาลัยอุบลราชธานี\" รอการตรวจสอบ', 0, '/admin/approvals', '2026-05-17 09:38:05'),
('cc573c1a-2dc4-4471-a672-35600b01c56a', '02dc9a27-937d-4939-beae-cddec32ab76c', 'booking_submitted', 'ส่งคำขอจองสนามแล้ว', 'คุณได้ส่งคำขอจองสนาม \"สนามที่ 59\" เวลา 26/4/2569 16:00:00 รอการอนุมัติจาก Admin', 1, '/history', '2026-04-26 08:39:07'),
('cc93510c-b637-427f-b32d-988bd3469b4f', '02dc9a27-937d-4939-beae-cddec32ab76c', 'document_approved', '✅ เอกสารอนุมัติครบถ้วนแล้ว', 'เอกสาร \"แบบฟอร์มการขอใช้บริการ ชมรมเปตอง สังกัดองค์การนักศึกษามหาวิทยาลัยอุบลราชธานี\" ได้รับการอนุมัติและลงนามครบถ้วนแล้ว คุณสามารถดาวน์โหลดได้ทันที', 0, '/history', '2026-05-17 09:38:34'),
('d2f2e96b-dea6-4832-a31f-6ef2f1677f3d', 'e3f1e673-571a-4405-aba7-c75cdfc32730', 'admin_document_request', '📝 มีคำขออนุมัติเอกสารใหม่', 'ผู้ใช้ F Khalifa ส่งคำขออนุมัติ \"ใบขอใช้บริการ ชมรมเปตองทดสอบๆ\" รอการลงนาม', 0, '/admin/approvals', '2026-05-14 01:49:45'),
('da57f204-562f-4101-becf-5f96a3db1432', '02dc9a27-937d-4939-beae-cddec32ab76c', 'booking_submitted', 'ส่งคำขอจองสนามแล้ว', 'คุณได้ส่งคำขอจองสนาม \"สนามที่ 13\" เวลา 24/4/2569 20:00:00 รอการอนุมัติจาก Admin', 1, '/history', '2026-04-24 10:50:40'),
('da5e5f31-7c23-427f-83e6-65faa0e6bbe1', '00000000-0000-0000-0000-000000000001', 'admin_new_comment', '💬 มีคอมเมนต์ใหม่', 'ผู้ใช้ ธีระภัทร คอมเมนต์ในโพสต์ \"test ระบบแปป\"', 1, '/admin/posts', '2026-04-26 15:40:40'),
('df050b11-4dbc-4e1f-8d6a-a3d36bf59744', 'e3f1e673-571a-4405-aba7-c75cdfc32730', 'booking_rejected', '❌ การจองถูกปฏิเสธ', 'การจองสนาม \"สนามที่ 16\" ถูกปฏิเสธ', 0, '/history', '2026-04-25 13:30:50'),
('df0b5f2c-5b4f-4ce7-8625-28be7082366e', '00000000-0000-0000-0000-000000000001', 'admin_new_comment', '💬 มีคอมเมนต์ใหม่', 'ผู้ใช้ F คอมเมนต์ในโพสต์ \"test ระบบแปป\"', 1, '/admin/posts', '2026-04-25 14:41:35'),
('dfe4eed1-90dd-4471-a424-d42518d67c32', '00000000-0000-0000-0000-000000000001', 'admin_booking_request', '📅 มีคำขอจองสนามใหม่', 'ผู้ใช้ สันติภาพ จองสนาม \"สนามที่ 14\" รอการตรวจสอบ', 1, '/admin/bookings?tab=bookings', '2026-04-26 10:54:27'),
('e3f1fc1b-a0e7-4fa9-ae1a-f3bba0510afc', '00000000-0000-0000-0000-000000000001', 'admin_new_comment', '💬 มีคอมเมนต์ใหม่', 'ผู้ใช้ F คอมเมนต์ในโพสต์ \"test ระบบแปป\"', 1, '/admin/posts', '2026-04-26 08:36:20'),
('e83c47d4-c887-47bd-9786-c4b7f04f3e54', 'cd28ab23-7c58-4691-ba1f-96c42104775e', 'admin_document_request', '📝 มีคำขออนุมัติเอกสารใหม่', 'ผู้ใช้ F Khalifa ส่งคำขออนุมัติ \"ใบขอใช้บริการ ชมรมเปตองทดสอบๆ\" รอการลงนาม', 0, '/admin/approvals', '2026-05-14 01:49:45'),
('eb5d3463-980e-4c8f-a82a-093edcafb372', '02dc9a27-937d-4939-beae-cddec32ab76c', 'booking_submitted', 'ส่งคำขอจองสนามแล้ว', 'คุณได้ส่งคำขอจองสนาม \"สนามที่ 56\" เวลา 26/4/2569 16:00:00 รอการอนุมัติจาก Admin', 1, '/history', '2026-04-26 08:45:49'),
('ef35f5ad-772c-4188-82c5-2727f9df7b1c', '00000000-0000-0000-0000-000000000001', 'admin_return_request', '📦 มีการแจ้งคืนพัสดุใหม่', 'ผู้ใช้ F Khalifa แจ้งคืนพัสดุสำหรับ \"แบบฟอร์มการขอใช้บริการ ชมรมเปตอง สังกัดองค์การนักศึกษามหาวิทยาลัยอุบลราชธานี\" รอการตรวจสอบ', 1, '/admin/approvals', '2026-05-17 09:38:05'),
('f05f8a39-bb56-49e3-98d3-251fc877b11a', '00000000-0000-0000-0000-000000000001', 'admin_document_request', '📝 มีคำขออนุมัติเอกสารใหม่', 'ผู้ใช้ F Khalifa ส่งคำขออนุมัติ \"แบบฟอร์มการขอใช้บริการ ชมรมเปตอง สังกัดองค์การนักศึกษามหาวิทยาลัยอุบลราชธานี\" รอการลงนาม', 1, '/admin/approvals', '2026-05-17 09:34:45'),
('f23bea79-4c07-4389-80b7-d0d3a97b44d6', 'e3f1e673-571a-4405-aba7-c75cdfc32730', 'admin_document_request', '📝 มีคำขออนุมัติเอกสารใหม่', 'ผู้ใช้ F Khalifa ส่งคำขออนุมัติ \"ใบขอใช้บริการ ชมรมเปตองทดสอบๆ\" รอการลงนาม', 0, '/admin/approvals', '2026-05-14 01:41:40'),
('f3dc0072-ab8b-412b-abac-9a8511ab8e24', '00000000-0000-0000-0000-000000000001', 'admin_loan_request', '🔔 มีคำขอยืมอุปกรณ์ใหม่', 'ผู้ใช้ สันติภาพ วงศ์จอม ต้องการยืม \"MARATHON M.T. TOUR/M (2BA554)\"', 1, '/admin/bookings?tab=loans', '2026-04-26 10:56:03'),
('f7808973-be08-447b-8dab-47a6f436da17', '00000000-0000-0000-0000-000000000001', 'admin_new_comment', '💬 มีคอมเมนต์ใหม่', 'ผู้ใช้ สันติภาพ คอมเมนต์ในโพสต์ \"test ระบบแปป\"', 1, '/admin/posts', '2026-04-26 15:48:50'),
('fcbb7652-5284-4344-b695-340599991148', '02dc9a27-937d-4939-beae-cddec32ab76c', 'booking_rejected', '❌ การจองถูกปฏิเสธ', 'การจองสนาม \"สนามที่ 56\" ถูกปฏิเสธ', 1, '/history', '2026-04-26 08:46:17'),
('fd5e5614-83ac-49e8-82b0-46a0f009d01c', '00000000-0000-0000-0000-000000000001', 'admin_loan_request', '🔔 มีคำขอยืมอุปกรณ์ใหม่', 'ผู้ใช้ สันติภาพ วงศ์จอม ต้องการยืม \"MARATHON M.T. TOUR/M (2BA554)\"', 1, '/admin/bookings?tab=loans', '2026-04-24 11:24:37');

-- --------------------------------------------------------

--
-- Table structure for table `posts`
--

CREATE TABLE IF NOT EXISTS `posts` (
  `id` varchar(36) NOT NULL,
  `title` varchar(500) NOT NULL,
  `content` longtext NOT NULL,
  `image_url` longtext,
  `author_id` varchar(36) NOT NULL,
  `is_pinned` tinyint(1) NOT NULL DEFAULT '0',
  `view_count` int UNSIGNED NOT NULL DEFAULT '0',
  `created_at` datetime NOT NULL DEFAULT CURRENT_TIMESTAMP,
  `updated_at` datetime NOT NULL DEFAULT CURRENT_TIMESTAMP ON UPDATE CURRENT_TIMESTAMP,
  `deleted_at` datetime DEFAULT NULL
) ENGINE=InnoDB DEFAULT CHARSET=utf8mb4 COLLATE=utf8mb4_0900_ai_ci;

--
-- Dumping data for table `posts`
--

INSERT IGNORE INTO `posts` (`id`, `title`, `content`, `image_url`, `author_id`, `is_pinned`, `view_count`, `created_at`, `updated_at`, `deleted_at`) VALUES
('16f0ec61-4ed9-4881-88ec-0c3054632c2a', 'ม.อุบลฯ รวมใจเชียร์ไทยให้สุดเสียง! ร่วมส่งแรงใจสู้ศึกชิงแชมป์โลก เปตอง 2026', 'ตรียมเสียงเชียร์ให้พร้อม! เพราะชัยชนะครั้งนี้ต้องการกำลังใจจากพวกเราทุกคน 🤝 มหาวิทยาลัยอุบลราชธานีขอเชิญชวนพี่น้องชาว ม.อุบลฯ และชาวไทยทั่วประเทศ ร่วมส่งพลังใจเชียร์ \"ทีมชาติไทย\" ในการแข่งขันเปตองชิงแชมป์โลก\n📍 พบกันที่: ขอนแก่น, ประเทศไทย\n🗓 วันที่: 20 - 25 พฤศจิกายน 2569\nมาร่วมสร้างประวัติศาสตร์และประกาศศักดา \"Thai Spirit Strong Together\" ให้โลกรู้ว่าหัวใจไทยไม่แพ้ใครในโลก!\n#UbonRatchathaniUniversity #UBU #เปตองทีมชาติไทย #PetanqueWorldChampionship2026 #เชียร์ไทยให้สุดใจ #ทีมชาติไทย ', 'https://scontent.fnak4-2.fna.fbcdn.net/v/t39.30808-6/685183884_963440506233989_6177446274087467852_n.jpg?_nc_cat=111&ccb=1-7&_nc_sid=127cfc&_nc_ohc=_StEJu_GaDgQ7kNvwELUZRl&_nc_oc=AdrVHLAHYNJIsoo72GIrFRmyIVaS6QGdSXh7ucCl8sxZnt4qT3ynjRUl9FOUdWIzMCNFzlZOlKAW4J0uaxWjweEn&_nc_zt=23&_nc_ht=scontent.fnak4-2.fna&_nc_gid=kPFkzcUvF4zpahDQUCxQJw&_nc_ss=7b2a8&oh=00_Af4O_AW9pO-ocFB1WDqkbImklems0dZewqAtD3YjEDBYlw&oe=6A0A61AE', 'e3f1e673-571a-4405-aba7-c75cdfc32730', 0, 12, '2026-05-13 15:35:35', '2026-05-13 23:54:13', NULL),
('672a2a3d-3f25-4903-83dc-85082f33a322', 'ชมรมเปตองขอร่วมแสดงความยินดีและความภาคภูมิใจอย่างสุดซึ้ง ❤️🏆', 'โดย อาจารย์ที่ปรึกษาชมรม ที่ได้รับเกียรติและโอกาสอันทรงคุณค่าในการเข้าร่วม หลักสูตรอบรมผู้ตัดสิน ABSC ประจำปี 2025 (ABSC Umpire Course 2025)\nซึ่งเป็นหลักสูตรระดับนานาชาติที่จัดขึ้นควบคู่กับการแข่งขันเปตองชิงแชมป์เอเชีย 2025 ทั้งในประเภทเยาวชน ทีมหญิง และทีมชาย\n📅 ระหว่างวันที่ 3 – 5 พฤศจิกายน 2025 (หลักสูตร 3 วัน)\n📍 ณ Sunway Velocity Hotel ระดับ 4 ดาว\nย่าน Cheras กรุงกัวลาลัมเปอร์ ประเทศมาเลเซีย\nโดยได้รับเกียรติจากวิทยากรผู้ทรงคุณวุฒิระดับโลก\nMr. Alex Chen และ นายแพทย์วินิตย์ จารุพาณิชย์กุล\nผู้ตัดสินระดับสหพันธ์เปตองนานาชาติ (FIPJP)\nซึ่งสะท้อนถึงมาตรฐาน ความเชี่ยวชาญ และความเป็นมืออาชีพในวงการกีฬาเปตองระดับเอเชียและระดับโลก\nการได้รับโอกาสเข้าร่วมการอบรมในครั้งนี้\nนับเป็นความสำเร็จที่น่าภาคภูมิใจอย่างยิ่ง\nและเป็นอีกหนึ่งก้าวสำคัญในการพัฒนาศักยภาพบุคลากรด้านกีฬา\nที่จะนำองค์ความรู้ ประสบการณ์ และมาตรฐานสากล\nกลับมาถ่ายทอดและยกระดับวงการเปตองของสถาบันและประเทศไทยต่อไป 🇹🇭\n✨ ชมรมเปตองขอร่วมชื่นชมในความมุ่งมั่น ทุ่มเท และความเป็นแบบอย่างที่ดีของท่านอาจารย์ที่ปรึกษา ที่พัฒนาตนเองอยู่เสมอและคอยเป็นแรงผลักดันให้ชมรมของเรามีความเข้มแข็งมากขึ้น 🫶🏻💖\n#ชมรมเปตองมออุบล\n#เปตอง\n#เปตองมออู้บู้\n#ชมรมเปตองมหาวิทยาลัยอุบลราชธานี\n#petanque ', 'https://scontent.fnak4-2.fna.fbcdn.net/v/t39.30808-6/675012362_951575370753836_1526427468418321953_n.jpg?_nc_cat=111&ccb=1-7&_nc_sid=833d8c&_nc_ohc=qjmkhRf8aP8Q7kNvwFLgOtq&_nc_oc=Adq3tYDvrQYHRfNp-vjy0E8x4vdmd2Pj2wsYCBsEhN4wh0sxg5qVcDXIaDCGYo3kDl4qnTEC5ImkwgMP-4D8KZC-&_nc_zt=23&_nc_ht=scontent.fnak4-2.fna&_nc_gid=K4LX-oMAnhQZnYEECMnOLA&_nc_ss=7b2a8&oh=00_Af7dq1-8CAdLYN-jNsrtYHsOumhGuVan8fDCyXLn7ar3iA&oe=6A0A791B', 'e3f1e673-571a-4405-aba7-c75cdfc32730', 1, 11, '2026-05-13 15:42:12', '2026-05-18 10:45:12', NULL);
INSERT IGNORE INTO `posts` (`id`, `title`, `content`, `image_url`, `author_id`, `is_pinned`, `view_count`, `created_at`, `updated_at`, `deleted_at`) VALUES
('8b49da9a-1c70-450d-bce2-bd6d9c69260e', 'test ระบบแปป', 'มาเด้อเล่นเกม ', 'data:image/jpeg;base64,/9j/4AAQSkZJRgABAQEASABIAAD/2wCEAAQGBgkHCQkJCQkLCQoJCwsLCwsLCw0KDAsMCg0NDQ0ODg0NDQ0MEA8QDA0OEBAQEA4PEhISDxIRERIUEhQSEg4BBAUFCAYIBwgIBwkHCAcJCAgHBwgICgcIBwgHCgoJCAkJCAkKCQkJBwkJCQoKCwsKCgoICQgKCgoKCg8QDw8Pfv/CABEIAuAC4AMBIgACEQEDEQH/xADjAAABBQEBAQEAAAAAAAAAAAADAQIEBQYABwgJAQACAwEBAQAAAAAAAAAAAAABAgADBAUGBxAAAgICAgIDAQEBAQEBAAAAAgMBBAAFBhEQEgcTIBQwFRYXQBEAAgICAgMAAwEBAQAAAAAAAQIAAwQREBIFEyAGFDAVQBYSAAEDAQUGAwcDAwIFBQAAAAEAAhEhECAxQVEDEiIwQGFQcZETIzJCUoGhYrHRYMHhM3IEQ1Nw8IKQkqLxEwACAQMDAwMFAAMBAQAAAAAAAREQITEgQVEwYXGBkaFAscHR8FDh8WBw/9oACAEBAAAAAPonnGKEfDIga+lXnPV3PQ7ri9spPBEoBMEMYxiaq8vOJzVeNO7uVrRjaiMZzGJzWt5o2tRjSIFgmbhXveIasMwUGlTle5VehDWNpJWQokEEbGI3mcReTnvXlRETlRWjaxG80bWMRWo1jWs5GInMGFu3e9z47FSQIUKgcruUnK9xJ84kh7I4WNRVVqq5zu5yvXuavMVWo1iN5rWsYjW81GNaxitHzOQQ27Uj3lAzhFQcPPPd3K5yk5Zczl4fN7u4j1V7nKnPc7u7lROTmNa3kY1o05GNRrGtGisajeQQm7V7yljDUZ2ih50pGcruc5yFkJz+Vy8qPI5xFXue5/cncqpyI1GtRrR81vNYxOYNiI1qNb3MGLauIUkNvMkIGHQFVO5yOReKTlI5Xq5e57iOVXK56r3IjnJzE7kRgkaiI0Y05GtG1qI1jHcNo9uiS2Vz3NkOjRaIvInIqoqPevEIUiO5UV73Oe/icq9y9zuQaL3MaJiIiNG1EYxE5rWoLk5jG7lekQ4zWNm8KLRl7kROVqo570cYr+VFVSPc9yuVzuRHO53IxEREYMfciIxjGNanJzGta1qMY3akRvIoRyFDFojKnI1EaRHPcriPe9UVznueR3OXn8i9yv5Gt7mowTU5EawbWsRORGNazkHBy2S+jyuaiK1iKsbPSebyIg0J3Ec5zlcQj05zlIQiOXncqoruVnN5HNExvIzkaJjWonIg41bm8pkMhR1oP0cc7uRUYnczNSeexrUYiq4nKRyqplR7nOeR3K5eVzu5UVvNYicxERqINGMRrA1ubymLxOdhcnOSf+hTh01lNVjXM4OalueNrWsVXK5eKRUcVHOc8j38nEdyuXlVnd3DH3JzERg29Hq8vjcPkKOG5FbN0Gi1Wq0E70JyMhw2rMmu4OZlOVGoxF7lcrnFdyucRVI9yvVCO5VTlVvLyiGiog1i1OawOQx2frht6botjqdhrNFOVqNj2ipJkNGKIGcMOdOTkbzVRree9z3q5XPdziuXnP4iuerGqvNdzWDZDoMtkMVh6KsaQk/Teg7fc6+5kEenFaFrAVyLJNGRRk4Qs1Jf3I1vNG7uI4qq57lcpSuVHv5yvcqMa5zeXM+b4TA5WmD3Lc6K80Wmstz6tJMV68qKrY6RKyOJ0k8ViAkc0Wamdy8wLUj5XJ5WjrhFsbu6nbfYzJhCcvK9yud3Naqco/iTzaMO4v8AQXlvLsr+fJdT+ienPKVQDI+HQ1gIrKPdj6SeINGSWjHmJqtVG0XknleGrYzU5Fbz3ntr7eeo+sX6criOfyNRyJ3C+Hcb6DfbSbIe85pswyUWo9NOWRBgi8upySSaIfV++Z0o8ASNmsAzLzHozzLwbyqGxyDDHag2qZZEyQSTbese/wDoZHuV/Na7k5UF8PUfrUzUTOjzZ8uRJlrFkXwjSJlvnfIg2ZeZC0sX0RGy5NYLmzUipl5S+QfOeJjhZGj8U3OVz0RrUbHl28qf6x9GehucTuRUYvKP4lo/bJs7JY9voO+nzJNk+vm3M7RQs1rq7Mz7C3Diq6ow3uCrINWsIyS2MPK+XfOmFaOLEacnNG1UXnO5xTGSNHsrC692+j757ua7kajmfFeZ9rh+cR4CanWe4SZEo/RsdYXMWr9TtJ0UNr5Rkj1F3vleU8BrmSEi4D5q8RjgbFjkVEa3kRU56KriEfMnxINhZeifVfpMlOVqMc4XxVnfbPJbyUMUSw9L9KtCEAbxaDrLjOzdMQFfHiX01xtOriGhMVkgfy/8vQoCACThM5yKRzWpysXke9SyD3VfX3mh+pfeCr3Naqj+Ls96biLOBrs1Zwtr9BOaIcjy2p1R68l5JazOh0ehjs0yq8sRrBRfkn58jDSvG5qEIS61uhtph1DBpsfkY4+Zz3Okz5tHcXX059EyXN7mr3xhlfTqvJxPTcjY5X1H6L6GJbP55tvRYdTORbqHTDl6mDc6JvELHCzMfFvmdeHlk1RND6Lud/u9AUziEeq86u8/8n8d89jja5xJN3UTLv6u+gJbO7uT4yyHsOaxejsTU2X+mPSmsWUbxgbqBJS6nRAj1sfSXvatnFICLn/hLAwgMs/sz16sDbc9EV5iOI93c7ncuW+f/nbNBG4h7itmX32Z7O7lco/jPHe9Y6IyFWwNx7gc5JZ7HzWops2y3vJ8i4CFsyfb7JrSkDGg/C3jQBSNj9RezyEQbka1xCq8jnP5yq8q1/z18sZcDTkuKm30/wBx+iO5eT45wn0IPFUucL6b6sZSmMY/i1FaxIVhubORbHPWVtTa+oNacsQXnX5/ZiR6h7P4vqPUfcJvI3nCR73Oc5yvc57ik7q35b+X6hhDWddcelfcelaqM+PsB9AWx65ba0sWsed47HyDP3tVGm+haEspaiK2tH7EjZJq7CfAFV9x03pmI8TBL23slsTuVRIQquVyq8j3Ec53J598UeYR3ElDuvffsonInx55z71e2riGkn5UJM4uBrBRYa+gaZZVXhH6eHVe7BSS35U+esl93+wlqct41j9PSTtt6HdPUbBNkSncR3KR5F5zlIWH8ifL8NpzFvfr/wB953fIvmPvdzpoJnknnRvSCR8VRNixz7XWNPV4eNqokz2cTDeOfA0f1P7wuTgpPJvKqj0IUSy22oQcM0esNorKRMIq89ef3GejfJPiTGDdNtL77v3au+RvLPoqwmSXqcs2QJihh5eke159PpEZS5SDqQH90akT88/Ne9v+55JAwsB5x5cbQaeXMnvkS58+NnNFvGV8uvlEM7ic0jkGlV8u+Q+avtZnvn2GRPkbyj6NnGmTiySkR6DEHJVbXkLd3Zh5XPjvCzPdUT52+LBaT9AdbONFieceW5RtjoLLSWciQN9oemHp9DZRKqiPNQ0h685rUpPEPn7zeOe2tvuf0fvk7yP6KmrIkWM2VIaBio2izzkcF1icNfCc6XN+ghC+DPPY31r9K9jmfHWHtPTYN5eWltNc+wnukNhz+BrLekiFdVaWJAsiAqsH5/k827a/NNPaT/cPsk3yj5D9ISlNJlyDSDuRwAZ/OsRIzJDSzzWd7ZYf3QmM+HKpPuL40j5+ug2ql3npmuPY2EpZbbBYVRYajz3UbXMRJ2jHNFQQcpjqOoji1mr9P+IPLQXn0b9Uk+VvHvpQw5EyUcxEbNWCzP49qd0qxlyHut7uTU+oP8W+SayR6T46KKBtw9bL030eztrGSqxbyzoMjp975r2yyY5exn1/S5FFlfP4pb4u42fmHw3BF+i+w75c8V+kLaPIKRspawTpByUuZWTOkSStRpbfbbHT5RPDPkhczY6mlrakVw5xvWfUba3smJwpVzn8puNLQxLzJVNZ6Db5v0SqkWdXQ02cBqdjdFpPDfjL6K+rLv5l8D+j5oi80j2OI5onSZLDhVQIS2v9FrbWRl4Xx75C7M2+hpIdXWXyyPVPQdHq7Np48NCGosZr7yuj6WjoKjS3wPU8JdaYNDjYku02U1BZP83fYvqTc/Onz19E3YeRiOeIJjIx8yXNeSMEYHHm3ukrd54f8p0T8xbXVRHhxbY289X2dhLkWCC6IEdFhLWWM+vJlxX66DV4rW6amhRoMrSWLUZ4j8ZH9g+jfGPDfoa2RpoghKaYTikkSSyAxxcUsoqjyGQ+rfkPyOtXPWFrVAKKfv8A1m7YKROrKqjiWEq9JWlisLqLailrXF1NRtNdnmyAPz+k1DW/DvksTcfoX8y/PnvNw8gwvJJPInvGUjht5OlFV0y20OS8h+uPz+84hPpC2EKKQm69auY7tJcz814xj4tbSzd3t9ToK+mubgshuehyS+mXITy4fkfhGY9q+pbD4U8OsND+kHhXyz9F3D3yZBZDnFQASNZz3vOY1jo9lbzc58r/AEf+dedjPo1tYAjTPVt7ETX6y/lN8C8kx5EBeXPrXqtVl59uaQkRtTM0N9cziDxPzd5uT2P1j5s84Ja/ol4z8r/Td2U53kUIRiYqlI9VIc+u390ZI3ztjPePzir4zqV1nA4t76xYyb6fJdeamk+c/K2Ds9Q31j2GlZImGOKZifIco299T9W0pqbyXwKjs8ZYJa3v3X5B8pfU2jd0lWVwuTiEc9DKa62GstjDkpX/ADtSelfnZHiLUpYgHI0vosvVaVtXxZOpd435ETWm1EvfaaXYpNvKmb82+Awmu9Y03pV7Kpvn7EWVJ6x5Tp9j9b+UfKX01rX89YKGlnRrHkNcabS2M6fKHFRtL4XmNZ8CAgrVtnIGXqfQpW10kyVXRHB64sYoo2RrLfc31jKfdEqfm7yDPMD6Luvdx5oeL8Y6s+iPKZ+v+n/KPlj6F3rVUYpJDSJLHTNJqrOTKeSWZ7nRMR5hnD/BDYCV7ZjQkl+pei7NxZdt1b0BG2VhVZl5rLRaGQ67FgvNsl5hWL6B7P69Mqsb5l4ksP3jzbZ3/t+P+Qfpr0LTujyxmeN7Im+vi2Ek43q/nNh0Gcra3Pfno6sFELJaI197Z6raxa8AnNc08ySsZLCNHuL+36QDOYfb0fm8ja7SLXFpcJ41Cjer4D0rVbVvxx9N640lSS5E2fPvLq3lGXnzDAYVrM3mKhkam/POFXpzlSOW79j9Bu5rejCfFn2FgyZKWEghy7+dNmZiri6M1VTUwpKyMR881sva4f1jZ3Vl8h/QuxPJkTTWFxo5draFVDnmzHDCgK2giCwUCq+HacLAOO0BtB6ntXkFJtnEPeHU2jNIrvNgEtZBLHTzx01QseaanlSYdJ8w5GxtM36dpS6/5d989gt9ZhqWxn6eznUdpeT7lWjmSWo2BQVBouJk+N/P+DA1gpbBmP6f6LckHXyrrWX6V8GVZRdFpcz8+4O09QfHvNdqbWFS10MloKujZ35fxlsal3dtfeq/I3uPo1psqa2JX77WaXJSzMIg3qaU6sirUQqLLXvyvj/NgcyNMEzRy771fZSyHlV4dRobY9PW1t3pH47xij0UrzT1D3zbQ4EXPUNQorKXhPmvF2bIemk+lep/H8ySeRKtbG1tLW4tLq/0cmGe+vZLIY2wIDIecF4Hl/Ha53ddOdUwrX1r0NzZ10e20hw1kGLCsNRcEyvmdJf6/wBQ152ZuC7zPObN42eOeDUU+tmTze4+k+R5SBCDCqmKpFcrySTTLG0s51vcWEyxkSZQ8pU/MuevGQIzRGZZegep2+jnSbG7mBjBhQLERjxRZnB6D0Te6s0h7Mt5/wCcs63neB+RxjQJptJ9FFGAboNPlQ1c6HXRxDjAQCOd3KRSGcXvqxnzZkaQYJDBFbpfQPRNa2Xb3cpiwTRo0IwoSBp4HsF3gKysifRO1oM35cAk6i+bcO97o5fdfd/OLCCzIuvZ+Uo62z4UiS5WRocfOiJCeEQGIz7Ed415LThAZkjWTqzvQNjo7zTSLKspipDBz49fTVXp+gzvg1hdY6u9j+scv5ZVWcl+Q+Z8w9gDWP1zrslArMmPSxqulgTqeLaSzmVBBBitCg3GbGi4eP8AYRYHiWNjVensa7KT9DL9Q9FuJRWpJZAdWNFW5mqg+r+axc8zRzrPSN+s9Z5L5OWyTzbxvPFyKv3f1kSoxOetLGpoIJYlcYcMugOrWijYPTRyOI0Y8SL6vRCVdVlvJakl/YxdrvNFpUNIkwSxayPRVVMG00HjtdJ2GoxsLTegUf1x6jks54xCy3lGabibbqPWfTdflMzvW1dLELCVtahzwT3XKKJidFH53BCmRj/crFny40b5u80lM2Jct7Bu7SzfHjWrBsg5zIyotvi8JMmeiaDF5q49Eqvrn1ekqPEsj4h47HtLanpCTvo36EyWEqK6ui9GEg0pTWZg10uwYDM2ARme1kTKB++0PEIVcX863MXO7PQ5/wBV0sha2W+Y94a3NUkdcjg5Bd7scziLHdTPp32IWV898P8AmWdDyAL+fnj+6+4U2TykUgwCEkaMUS2KDDBjS5ikZXRyRouYZ9+MGy0SFXefYOdpJ0ywiWlpzYEiZKVgWVWIofM6+xZrPRqvz6Vqtj7t7dNyNN83eReQMvciH230D5j9smQ+J0YHMFXlnMWFX2XPVkGM63QQkZX4tPv4fRXti5SiSzhWtwKb0R5I5CzCmCCNU5PwTreNbepl8+i6X0T2b2y5zMT5Z8985x1LoNR7JkPE/YI1maNFc6EgDm4fIKnkzHBZw61JSMSBl++/hQKYhYlMhQWUqBavcOvCrY1lLOjxV9T8611h0j0jVYjOW25+gvYb+PjPMvl6qoDay4BT+Z+uEHDQD6+woZpntEXh9ChzyRxK0NK044NR33zWR40aaFpiW5IUUY4qTotJHEWaaRNYyv8Anij6S7cb2lw0rY/Rvsk+/wDO4/wpoLCVQsl4HNekgMJKWBj5FbomwNtTybBFe3F9YyjsagKiGONG+741VV2FstkaVNC1kOkqgxgqSmeTpE+bIh+A5OPZM03pj/NW6b6U9mlbHCxPm7PTaklNH8msNYrocGsoINrmdEzOTxutqbVz4MOrp2SpMuWXg1Kk+soMWbop7pJJJWC50Sp6sz3TW16FhrOlB8swFZdxrb0+687qZ/1H7ifXUuL87w0GBT9mfJ9xbjqIFE2hlbnFANBt6XQ3eF6TDsJcW5rdhh65z5jju+gwStJoDSohwPdxRRkaWkzrE6CKYeUhfPfLKq4ZL9E1mRy2k9199NZUtPVeXdl66vpvOdjFfjYRotVsqrOznwNzQUt3THuM7a6HH3IahkixFV3uo84+5LOw6BCFx+VJx4MSLWEG2kqJkyMY5JPZHxGvkyl2XoRfN/Qdf6dMlXIHeW3uOZm/PoETF1vRNpTZmzCzTZ5t3miaOgZrq3MXsENpB7U0dWSdDZ+kDnV2apTkupLhij8OPEbWxhpmJVxZiBMJUfNkQNoy/wDU7fz+80urtZHol7VZjbzD0/kHl3l2UlV9Lb1gb6ODS5WDZVN5o8WzQVMC5bSXWhzNYeNa6zGC/Szg1eJiXujEVrGQR1oSvYyHXV0Juj0ddSyH/NNfVXbNT6KwVTpvetFa7Wv8il7We2z7H/PfhPm1ctqes1Ls5KhF1VDWXdKK1gzNbmaI8uEzUxKEVwT9HkHAyse0lEng5YdatbMriSi14pYkgo4ll8346dpYVlotPj/RfWZZ85vLTx+X6ZPmn5lX85/OmMog8Rsopp5I4HI2BqpWRFMh29pnRbHPVIrWd+iytqsca6sSOjCEZjoopEBeISKFIU2wrq3y3yi5Oklvomr9VIyv8rl2Atjv9BON0cuZ+WPOc/W52qjtTuNLlSJ/RYgIM/Y0mYvRQznp5eib+hY41Zkb+3a6OVw4c3mDaJkSU4UOFZWUikgYvwqVNqQWnrtxY+gizBJU/Ha/0G1jvv3IHxn55y8QLeq8/WQkVVdIsrNRDhxQ302ir9YXNQTfpC0NJUatriQYjZzpMgMcsORBhV9mKSCaOOTNfN0SNC9G3F/pbI2gx3k3aTzn1H3KYQ1rLkrU/PniNZHh8yOja+tqYSO5eWXNlkfHhxekug6370jV1MW2sAxFOK7Oyxe0MPobq6uKHrJlIIHzTWQIek9/9F9TifNHiUqRfev5i49InSpljYmsG575KwI4YWDar3uFDrIqVENznOfKOQdiejifovTwQ6O2oYKXNxZQrB6ynAIOCOurHIJXRo0P50z1Wb6h13qliny18+yZll7Rks7vfQbOObfT7I8Pxn5gzzmNa1pXcjlcOdBytJFVV4wTXZab7nK2fa14J9rMsDnit6a9r1bX154tAgDSahfCcTC+h97c+hXEX5i+bJEuV6NWZSy9X1+pm2UmRYSK35U8JxqXNwdr3KiqvOI4ESvrKquRznKT7kI/QRm2dnNs2uesZsp73c2K01Tn47EJXQMB5f7bspV3t9fB+cPmBs09vd5vvRdxqZZrKZKk2PnXxzjslGWXb3VuVvOXnOK1jWrBqYAIla77uHdOLfaFskJjxmCGR5yIgVdWw6JkeFXNovOfoIZbnZb2P8/fKldPlkeAmk9duRvvZs6LphfLXkeHqgiTiW9vbzyuVOc5iOCNpGQaj7CdYnl6CyLMigGSOEfHkmcqM7q6njRc9Ct6rNemL1zp97YeEfKmbNPW4z+d2fq+lFJtradN1cXxzwnI01LCBHGqdJuby3MhVYjkRTIgfo2dfSr+aWMGVFHwYsYhDGmLyF6EGpqYT4WaJtJIbq49A0/g3zJjBTpUux87Z6BurGzsbg17dXflPzjlgR4YYMeDHa8DHT7e3uJLFVzTPaD6ftbewszhaEBYgEjx1V5pBDq9Wplc+SMCobqTzLebvdn498tYCHNmF1GMyD/UNTZXI9fZ2GxoPmrzLOBnSXxAghwoIh8vdYW9xdHY4zWfV9iezsQjNwx8EUBIqKRZckklwB12fqagEB2q68mSt7uvKvmHzirtZT5d35dRTNhvZeot59prrDzL57xNVDV9pYPiRGw4UWMwSrzbK9ubtF+qJVxZLHIKdxIzTVLYIRtNImPOxrKvNV8aDWC15NBKLtN75v8AN3ntDaGlC1tP5lUX+71Gim2Ntr72t+ePO8RCRHPJLnyBQhxwwYIhtTufdXP25b2BSFNMMUcJwgJno0cfFdKMhOrc/WwKmGmmmWt0ml32G+aclmi2xBTfRPNPPou502itbXVbacHGfNeMox81HNUsmdJkBgxIsaEALeRP0ssJ0ucaQ/lZEUcRtTX1VeYJpktYcePEj0lHWQL/AEcjTktN/lPmWkyce7JJrvRInn2J2bdXprnXbyWOD4T5BmII3Lyv5WsJZWjmjgw40KMIP6c2tjOloiscg2iixR19ICrCsmwcKHBixaSgomXOqlaWTM3Wf+aq/I1NlY2dNd6XGYX0WmvLjSanaFsoPn/iXnVUITue4yM7msbIs7ZYsQcKN+otvMOZoOGIbFjCighV8OliISURzKuFDpqSgJJ1UjT2j9dRfODcrnu0lnFh+n5HD7DZZe4tb3R2tqsTxbyXO0leriK/uV3IPuQtpOsX1n6fS3ndycxgAMjBCAEOtqoUAZyMHCgOh0VJDXRztdfRr+B82TM/monpfp3qs30uD4xQxvIZ9yfW2NhILl/J/Hc5DYHiEJyOciLys7ul3P6jySE5GvHw4oo4RiFEjRK/P1jijihrFHSVMclhY6TXHQ/zHeXG/wBYfQaukvNH5P5lofEIM260NpJl2YfNvCMRGrEe5j3GcvMVefyIxf1tkEV3MTmgjCC0Ywgixo0WjrHOixaisFXxhBkW13sruDY+R+87/P52kJPrYvFwkKrxdhY6CXYW99Lx/kPmGErgucxBlkSlajec9VYn62uIVw2NYISCGwTBDjRIkWvpRtFX5mMGGIkdLOz22h8ixf1vpdHl8f53W0tXILWUDpkOxt9DLPZ6C5rcp4v5HmFNFhuVrSyDtRFdyp365MfIMATWRBqxigHzIkWugRM7FN1dRQIhnjDDkTSeY05PtgXm+Oxs3RRTS7+ZnM1BSbL2FdZXehuIK/P3j1IKPWNevIjeMfkG1XP/AFscQpmhArQMcxiC5kaHFr6OihuNX5kQIA546yRmPPbCdTfVmcraMMrQ6YNW3IEnZwkm3szzdBe2gbzzLxHzrOwoivfylfCY5zmtV3f/2gAIAQIAAAAA8+byJxeanINj0RvKqL3ORXOcrlVznOVXuc91MzuTidzU5g1Xu5ebyK5ecruV6uc5/c9SkSmRWtUic1Wondyd3dyc5FcvKr3Oc56qpHu6la9R8RERETk7uTuTl7uf3Kqver3OcrnvctM1FZxE5WpyIitVE7nJ3LyuVykcTlVxSyJszEKiNXk7m9yJyORGovc5Fcjnc5xFfKnTZ0mQYnlCtVzWp3InI3u7k7ua7lVe5xJcybNmTZEkxXKnjKs5E5OREId3DCBHci8qOdJu5kgitLLuuTufED5jzFbysSVYzjP5eaMNZUNTnc5bLTtY5jXSLchbSTNxsTz9URvJKtpj15E5UVzkps8qKrrLTLN6CHnSTyZPMrg4zuRrrqx5y93cqJyI4gctDV3WGqlSUj13dJCrnS4CZJw+PemeoIkQA2KSVOmLyvXK1yrYayY80aq5ZkZpDWEKHlVD2kkCy7E5E5G93HtrcyOJjYbrDVEmpWC50orASysjZBAzLeDDJBG9Ro3u5UabQWnKuFdN1gkai8+yLGiuMceLSVaZtqnY0DBtVScvIqWl+VKvOTtYJidyvmuEFZEiHkH30akGiijhCNwzSEKRyowmnnHxb9Y1rUVXE5quOQONl2dW+TIqaSFHR6jUwjnOoyHl6Q1BC1qM5EXiOe5/Qo9BZTBlM2Ljq0TVJx+GU0hwTTmzL2gHqwo1Gq+VIKRY1LTLbnCSQPM5gRXIVyE7ikH0qxGy6l0WlCivc58g715GVtJZvRxM5lQrbWkiHDCxkgwBtfcWFTqZOU1TVe7nPc5zm1lHOjWT14GOgC6dqbWsrM801wRejjfsmJY4vWc9yqr04FZRQe04LF7kiZSCDukWgWVAJt7Ot5EHNR9TpbJPNtJMcqucyBS0yP5t0+zIqAx1YjVQIy9x7CRaS6qK+401xP8ALtLIe5sesh0okXmvJcWru6LkIKKoIwHWUw82BEd0mVb3064wVqckaBFr4YmOREfMvJaqjMxVtYOODi2twGwiVjySnTro0vM2TyhiSodfBaMQ+Kf0Cq5e6ozgmhDxCSrKUhAtKx1tP51ARxJBDMb3MYNnN1VKjuZEzUQaNUsidKkaPR22dytOtxMSNW8wc60fBjsYRyvPNMyIHmhzMBHPJJkn3GykFtsLTYo1sqxIzXWM7o8aMJhe5z7Pm8KsSNT16PIeUS19QsHyZ2I7HOKxOp7yXyBiRQO57yK6YMnUFCyM1EQpSG3+2MUxvPbmggP4jJqsZHrY3ERxV5SSxyIuBjDajiPJIcXXegyTEL5bekzsySOPKbEgjE1qPO3nPJJkFwedAxqkOYsiQe59HmnK/wAgttNkZUmOjq0Kk7kcwioqOdY1OGqwM7iHOaXKPO9KsJLMx55P1IqO2iujI5HObz0XncqvjwshWgHznkPJkyZJvRrZM/WZxNbXZ4cmxk9zHP5pEQjX93Qo+PqxNchHyJMsxXb6iNsPJPC9t6dGZGfOs5hHNREc0nK5ChrIeShDapEknkyCGJq7G3w/n2Q3frOJpIcyykzVO8hHInKjnPSjrM1Ge5COMU5HG6+3EPx8vt2if5HlK19hNmnVzl49ikdFVpKTOUre5OO+RJkDcths8nW13tell+a5TLRpdhLvjCGPl5XOMU7M1lAMYxjSlPKkyRKeexlP7Noz1GIwsOSaVPsDPUYmJyqr3ZfPBHyjYhTyJNijeKWXS+uaZ56PzmnDEtXznOeQpEYMXL2Rp46kUbWc6RMlEcpFtqX1fR9NucHhaeLYQpk5Wtc8hCu5g8CByqNjGNGSVNM5SLYRPSNM421f4rl4B6+PdGXuaqKUpSedGcMLWNYjRmkynuU7pG/1LHXnoflHkAHxK2zsyInLyonOxplawQBp3MKc70SeGTvdPlKEe5NhoHAgh0MwjWtRV4rcI9WNaJOVjilO5qTg2F9lAWFxbTKyiQceLLvyPcjGPTn+cl4bX83lR7zF5nTNLvMhmLycK0l5il4HCjaGZIReXk5P/9oACAEDEAAAAPYMVaRmaSLVYWkhBEgEUFJAoQhQq7CYZCXMgkjQGCQQAgKsgVRBErG4hjASSWkkMgggBWEKFBiLBFRJuIjwGRiTCZIsEkAkCwLAoAlYWbSYwhkJjGGEKDJIIEggVYIqVU58vp1JkJkJhMjFQGkEEUCSKEoyZslNda+6R1jMwhMLSEqAZBIBBXRny5c+emmtUh+jRgwLQw11KWuvlcIgJTPy81aBky85FIXfd7OMSC8z4stYAjNbt6LiSRcXCZ1si5+dUnLrx+w0epjFoc3OzrJJJIsPS67ARcfCGQbLWTNVmzm3o2+gjRxyccEYmQCAqtnf0QDH5/LTLuhJTcBM+xu0LJRyamlum62xjVnzZoqrO9tAy+bxrLujBk1Oq4tOntS2cGvT240MJJkowc+tVT0moY/P05j0bCmau3RnR7+6bMuHVrssWR4SCCauTgVZ6wZfO3BmU14a9OpEqs9FM2PtstlqxrWCUkESYuTRN/cyeduhIi5VtvbPTp76cjR1LFv1XW2XB6MspoRox4nNo9OvnrIZIFDkU13eiyY9qUL1Oxs02CEZra6couevj+fr6+zzdshIiqEg1aOlhzsldl/rehdYEsxyyumlbU5+fHy+xZ5/SxZxVlzVqLunvbnVW11P6j0srBrNaMaADm5tbcunrcfWFrVK6KUhLbOliEUeh9bauDj5d24l6K9CtXx+b0OBT6Hz9iqsCqADu6ueYxJf7HpsmPy/P2eh6DLyK7EtKeShx+m84Vgigm3f1NQ4y5Fja/V7r3XNy9O/Q2fh5uHV0fQXeW89gPuM3CiqA+vq9NMxvwU4kJ0es6VpDuzE0c6rkYuxeOL5vmY/e8GioS7obeq1cDrXhwETb6rc8W69wmuvlZdANOXj8HJy/YcymrVtt6GlzUSldWDIVa/0XUYtZpOam/p8fj6ZMi8/j1Z+7z66rtePobdjtUoRPK7rFM6/fsNjuKs91/G57OXTkc+TrKK6UqJLFmaHh9FlNuzv6mlhSqqvHxOXzrvRdVeLll25ntyc1dWiw1sEqx1G+9mv9BtKrA1Pj+LUMjdX1uflJL9DTFjlujQ7I8lfNLRujZo6e8yqo38byPPZKrud7Omow9Pk5obNGi8AKgXHei93sW3sWldYnl/N1vU3c8b6i5AjZZLLd2hq2RAIma+nZ6/Ra7VotVITieYpAnqvJaOrjztozzTsexiyVGCtKpPW9q5yVorqooqw+Yy1B/ZcHhenxZrWXdZK4Sr1gyBc/R9h1NDSV0UVZs9GbzeGjqe79JwOZ5Tpcy9LmRlVwpEBWLZu9Z0L3MWqnNnz56/OYdfu/Q34PH8rrzJhzrLFRjWWRqzBq0et6VrQqmfLnorr899cHznt+w6nM8dmKYcOKsExlesxGSzZt9XsssVZTRRmpoXjd7zH076f4zjeF6mi3LhzY1pRK4SIVAnU6no9SrESuuquqmc7g7PqfnfBcgew9DpTFjx51UQVZJaYGTr9/tsimVJRVS6Lk4fV17vA8pPRd7u25sGTi1u9gBiolSH0Hp7w7WMlFNNFNgqxQdPxHJXX3fU6s2fHkwUoLLHkUhR6TutY7WOKqM9GNiaqcXV8Zy1Tf6jpNZyVxKq1pWXdyJ6vp3kF3das2fOkCzi9XxvONXM9F6LptztObHJAiV1qXf290EZmusajNmqBR+Tf5nkMPNp73s35dt/JqBBEVKkr99WGsJd3ubNnoWBacnneQ78/xfvfYXVad3P59caBY0C+vSEvY5j21Z6xDlOTznJ7XWPiE9drl2qzh5lYSQrJ7IQkuQSy01q8yW4uV3bMvO5mLo9ZrLLs3Hrqra0qZPdrHCxljAU1xjm5vmer2OTmswYvQdYXJZdxM2MgRwD/AP/aAAgBAQABAgDxGdjLJicLBk5yxMx4j89ZHitIEDAfNuW9/bLZmZ+yWSyTkpLv8xkTk5Hif8JyfzPmfxOT5n8zkeJycnxPnrIxmR4LBgsnHx+Y8xORkYmQP3ghOT7ln3S37Pb2777yM77/AN+8me/xPmf8J/ffc5OT5jzGHkeCwcPJx+d/iPxGRkSqYL3E/tlxOlnv7+3t7d53H6j/AFn/AAn8T/hPmf1PmMjzGH46PAw8nH5OR+Y8x4jAKD+37ff39vx3E+Y//HP6nzPmfxOT5n/GcnxHiPJeSwMPJx2TkfuMjO+xmCyJ9u++/wARkZ3H7j/SfPXXicnxMdeZ8zGT/h3k5MTnWRkeJ8lgYeFjc6j/ADie/buJ8R+Os7jI/Uf6d+esnxP4nJ8T+JycmM68THjrJycnOvAiw/b3gixeHk43J/0ifMTEx+e8jz3H/wCCf1PiZ/E/if114nJ/E+fbsZ92B6ddYEnOOyYn9999+I8xkZH57yPxEf4x+Z/U5OT+p8Tkz+5/cz+JzqZickel4zw7Jn8T5n8R+IzvvuJ/EfiP9IyPxH5nJ/U+J/XXifzOTLbdjk1nnUZGd/ifHcz06Jjx15n/AAj8xMfiPxHmP9O/xGTk+evM5PifE/qcNjdm/lVjndrnb+TN2BMnxH6nx1gy7O/HU+Z/MeYyPxGR+4yP3H+U5Od99z+pzvJ8z4Jrdm/lVnndrndnkDLcl1kZ3EK1/gyHZBbgsn8Rjp8Rncz/AIR4jInx1EeI/Meesj/LvzP+M/g2u2ljldrnlrnD+Ss2P2Z116roI4yjgNb48Rwteiil4nJrHrJo+0XQuCycjHf49deY/Ef4xkeInzH+0+O/E+Jk7Ddta5Vb+Q7PyBY5Q3YyXiJXXRx6rwKv8bVfj2txMNcNf6Po+ia5V/I5E+0jKDphTkcdk5H+sf4R47jI/EfmPM/iIyPHczkky6/kVnnL/ke78iP5UzZEUeBhdSnxip8a1PjGpwdGlCn/ADxX+j6PohcqlP0Skk53geJzvsjGT8NwsiPPX478dx4jz3+IyMiOuuoj8R+ozvzsN3c+QrvyTY5w/elY9u+xWnUo4ivhlfjK9aCNKgECiFQv09fXrr09PUxxj2bOfIeC8ThYOF4bh5EficnO+2us8qf8hP8AkpnyOXP/AP3Y8+X8kJ+Tl/KCvkujzFd0WRkT+In/AFZPMrEyRDCdWniqeFq4iGhHUhWrYIAliizQsHImIgZgi9oH2Zcbvi5EV36pqNjrrofBeZgYZ4bhTE+O58X9tsfkW/zx20OxJd99+3t3Be8NFydonk+v+Qdf8iUNx/j33+mZzHKdVOqq1lrAYyciBX9C1Cv6iVYp6VQWfuFgxZau7sNgW8sWlMiYgd1W5O6/r7+TkYGdH57XjcjGYUR5Itvzvb/IDbkn7e0nLytze/smzLv6ItRc/sG2LoZBixGx03yDquZiUfqfx35ZnM404ChFdahAg+oFAEAIgH1/WS64hbnaDdC3NyvPIApstYpTIlIUh1v01w78BnZz3k4rHZGHhzEm3ffIO25aTCL2kpfNiAir9OfZ9kNhsl1Ifz/xTUk1XVvgk29HzXTcwgu8jzORk+e8ZnOB0eACYbYs8kdyVPJKXIq7IERARicMED/0UsRF+ZOkvaa+txv/AM8rQBp317RzUsssNnx0GTh5HicDG52ZMPf8523KCP2mTYT4CFe32fZJyXffv7wz7Pshn2C2LMgVCLC7YnVvcd5rrtr334nI/R5zrNNg4+3btFXIBiJ1d6s6WDPYRKmk3bpNV+5tEbPW323lXn7FW4Za3O2jYns/5KlCcjwE4WR4mQxmTmz5fyzmptk5L3J3rGe/t7e3v3Od9+e879oP3iVu+9mtnF21t03JdDysZ/M534ZnOc0kNl9xMybqy67MdnGrMKUEgOExgX6C3VtwR2na+wJQ5uSqzerwFaAlaMnIycDOy8dzgS9nMvkB1knScnLPYYIvbz1AwErlfp6evXnuJz2E4IGKsWaCngyhs+LcyBvfmfwec6zQZurKaBEq4CLD0DfZxLITGS+LLGrdstih6UkLgqM/o+2GNmxARWaIniUzkeB8T4nJm1e5hz9jJmcLOs79shf1Cutq0cFV8Yr+Jx+IP/j/AP8AHz+ID+JH/GNvh7K8x6/X1kTkGJreYkCXVrfEeXqb3+ijn0aDNojq9arooXbFVZObwxUZOSBAKVK35auIWWWC15XNtr7b6RVmBijDPSuc+R8FGTm42/J+Xmwy9pNCbFLIGlo6fxtU+JqXxvW0QxGddRER1114s0b/AMe7H4i2PBWr6kc77ggYDXIQ+tZ4bypR/jrJz5BjRZsQIrhU1rHu3YGOK0IbLPb1DGFdpRYZuS2DXpgq2pF9qGmTjg6lqTCJ8j4KSna7DknIDMjmZLXUeLcV9G6pWkhfr69dZGR4jInz1nXUD9ez4ru/h/aceKJHImJE0uelL6VzhnKPb8lnyHmjkgsIlWWHL2L3cf0QZBwcGDYdGbKmKmW2iAhYTeDZBYgigqsV1LCwps+R8FkxYRz7QyeEVerqp4/ydTOupjrOusjI/Ef4RkeLVPkHxRttBITEFEwanMBTdTtOM8g/Mz8iRpYTjqduudmw5FDVcVWiQgeowcGSPctAgW2YhQVUwYYNcKzRNRi2ar5nwGdHOcq5PvNuqDzjfCLWiahS9FyCtZ89Z1MR4jzE99995HiMjz1e1vKPiy5Uke+xmDglnxjfajZeO5mc+Qs1R1iDJg9cGqWleREz3ExkgIjO+OmLFyEQuaOLycGPe1eXcYTMQyY8Bk4yeScj3m71ur47wIfjdmvvK2qKgGrTbqvsYPvvzMdxPjrx1kTHmM78dznIuG8n4SQdQQmWJYJ8I5WpvfeTPyLmsmsa8GpERgyJ+/juDFkz3f18UWx6esTrWRMZ24trOtaWMwpnJ8BNh25+U+S8jqVeFcQCDh025261ysXVK9urvKWx8dzMs9oaLu5KJjzHiPHeRPfeDlqtzH4xaiRwSOEtqP4nzkT77z5GzWQgUmW19oyJiVnnWdjhT/TsLAvmyx0yC9fE5GCbn7Z2uZ9rWVgnJycDPkPkLWd8M5BQsBk4UWK+3Ver1bVe4+iCUjU3K9gy1/cdkHsJlld+uwFiyCzrxE99+O4mJme+VcF33HPEGEBmut8W23Xj5JzWEiRgMgvaJjBwZyY66PPW+v0+v6frEKQxPtJOPZZTkCMq75nJyxa5lv8AuM4Jxiukcme2jsqm1pNBWVbytl/GpH8/0LQCUiUGiwGqsiT6i6hAdv8AohkT4jzExJTnWx1m8+I9pwj0glnE8E3y2Z38l5rJr5BQwDGBXAjkj3BEXtMsK14jO4n2pv8A6oaxlpz8WC2QaC6yc+RuQH40mq0WqiFwQzLV7iLL3U1awNfVrkquyJAvrMkzAdNSpKWqeIMyxVOvWyc+/wCwS/Ulf2+75ls75jOLMZo2eJbbvPkyNblYs7CBkSCfYZkJyRgSgBvZ6evWHKWi/wDoJ7Lk2ftFgDAmePZyu2VP+L4047Gd3+V7Dk+4+SZ3aOR07xWapRWQQwImKgjPYYg/sg4gIbc11pwsdD1CyRUFdygsCfsyzY297lVrc2XMXHHr3CWonEH1wXdgffyXOtiumIiYITExmAEoOck4g8hlwiOGyz7TYB/0f0AYrHF1E6U9bdyPHKLrcY6gD7jvkaOYu2V16igvZZ6x1Jg4LgcnDkY++GJJmETX0bbhtlqbMus2vtQ0B/ngmsITXfOybTM5yFVNbSpTr+V6SyCjUXD+BrCZ+S41x1nEUEMjEQOQ37JaNgGG+bMN2DJbLhsk6DCBpjThXYmnYL3k7B2k8fIbXN9K+05H8gDTctA3CrYMdZUfrrCZjEgAzkEUe9SSy1lg9SrraBrJJtlwvXarMFlm0hcLgDp3KFisGuHVKppr6+mI8347FS5qqjuObGJnPkzKOVgLOhyD++bKnG8m+0HDRdLrWMqjTHXL1n/LDW/zenr6CFenU1Neimv1OfIzjwI22aiuSbwKG7FeAyZjAHT1aoDXWECQAkgiFD7W2da4pbYikNiWRYYm0i79xPTBtW6QdWZScxrVV666gDEinV/KeqzhPKNXcmfk6KZ02EfvBSft9kM+yMGOpnuCGeoj1ln2SJZDRNRIaiwlwZERlqxzXfzIlsy1hEy6SYvLWtYFlQtbSTUrLSH1fzwg0SedC285Vypc/tdaRaixax8fXVgrVBBY1tWOyyxL1/wQuvCBycnORVGL+PmplT/k3K00SjJHz7CXct9omCkvYSHAGIEJkpycnIEVgNa6e+1nK4zne1vtIhLYFrz97hoO7ihAojWaynUSAyLPYHlZi3LjnuXWnNiu4rk2xsU23cMxxUy6oyXMOgck93ZR2pKVR4mZnlXNbh663xTdMRz+/WykYtI8EWTDiIcGAn7PWEfSKoCB6IpLIGFQsRiOvbanVcT+Z3bJTMFcykUssmllrFLWnWa+prRYduHBZmw3aM5DY5anlX/sE8vXujfK4UYCJHQe93rIBjWLvq2LbuvYbDX7Dkh/U/nWs5H5+RWuYrOLOgfkegiaBZGRJR6xEKGsNQagIkO4mJnJP269PqFfr64qoGkRxvkuu0SmzzGy8u4yxlcu3yiXnWZr0UAM5cqEUgoRU2Ot2YkqHXak0q9mnu6+yq2SrmiRryeKEoELIwIEkKZy+YWHTx3da7SGxx75BpXM+VYVip1LKZfJ0Vp1y/rhcLFUVRRC4jIwpkvf7JZ31kZ31AipdOtqE0wUIbidiVxu6e0u4m0VWZmxKcdlQdWwbByrKikyo4FyuRU7kiTHBYnProP1KUrugcIERz1IBrMUZosquKeqMgSDbBv0yI5xrmGs+SOd2V1ayaq9YXybFWNZEBC4TCfSAkpZ9ksk+vT1gYjrrIH1Wijpa+sFEiOWT32wZGzO4bZ9va1lUiJ81sdOuCmomJJahn+sLyNwq7tqG31zMZgxTrkNOto8UdkV1RSNb+f+c0qrbm1b27+RDzCrzXVcqp7YH+1yvuKewRExFcJAR1SQq6vPkuKuaoIDqIiPUoOfHXrA9ddQPr6BXRpqugRrwCQgfX0tL3KLaN+6SfPt3YlM+zcTLGa64uwuaiQWwSwc7BlbY2qu64czSJ1Can/LTRWesuNJKfo6TApfXUnl7buAhqKRDWoW6u3jfDt78bRRHVOnF7TbTW8dQNfX58kRRVprEeO4P3MoEQFcL9PT6oRCAqp09fQqoDXWkK8JJMrgCi+Ty2jOYMibGdxNjFZ2cplka4gxNemQGEfQyp9YV2VwyvsiRPH/APitoWAnKVVBia89IUjLGOu79VtLx9E5Vt6nEVna19RdrchebTyngnt54+tMVM+RM19rRqUJjA9GmAEehYJwUWf6FDVoqqiIrEOhwZiff3+5ubQz1ew4/wA3ySsTnb8VnZSEsKnlNVCsCvSJBq3MSVKako9fsSyCsMsAtMysq7QL3AwP33xwva8cfMFXVSqaHVpD2sFZr7rLNiuOtyG3Z0CjVxy78g4udEestPkUsgl/R9efTKytVNZS0bqAJCBj19YX9XXv9stPLFlpHjZ5itgNmWS8iAcnBws1itWmsj1YolSz+j/pzsYtzaFi4iGScI1v8jKcqRCciIGBYDDbTp5s+Gn8bo4RS44snX5sxZtO2TLTgZoyl193HymOIN59i54+QzBCfcCERgCuuuinXBWUML+uBmBWI9+/r6/UUW7xuZYB7W8iKxEkSvrmfBRGTmujWlXuBsRuffK5o/wyqMAFwLZAasVDVEFkyTQvpvfasyXYrOSlq787B15tpjAOQBcq2ta9ba3SQ2xtGahij43Z5k8J0DIYLIMWQ4WLYiyu0NtVgWQfcGLRcLhLxOdEVpv2lYa15yWztXoKZmZPBLJkfFCdcsC+7+r+lTxbLIQC1p9PqUAQNnH0LrR3EPWyGC4X1bbjhVymKpD6gX/MWvXTMYPZht1WZoy91tlNyLmttcj2EFx0tdqa2mLi2z00UlpXNXWo0sceYlNldwCB0tIhILMXP6fuk3WXGQhlgjlgWNhtq5eTwZzuPCM1Z1yGZrnWkQBNapUXTLXMokFcStls6zgVtNTstXe2Wi3n3rda3+s3P/Sq59TtYSCVOLYtrXmf07ONtccSZYaJW37tRG9UOaCxX3NTfr5s3kMcijkI2a+61W3jbFtY2S7cM+yWfd7ZEjJGdv2LGSRWmFIS2zfhnk8jzGV9R/wKNWgwGRZ/qC/N5t9d+sperUh18rTYNNbFPbYuUtrqKVUmdTpdFxzW6aK7A+8isobnZCJKwp3d3Y7b7AljKOCw3a9eyEoXajYxth3YchXy0OYq5uHO087XzxfOk80RytfJS3v/AGwuouLf9n9LHiZWGWCZJsm2lTCobSlYDwWV6n/PF0711vKp6myDPuiwq2NqMrKEfcnGuR9DpKq1gFhlcrXKsSh1Cnr6olFhwtrwtmbKmF6tfNoucnkFq9ZTnbiryLPcxA9rxYuJHxguP/8AFbrs9/shn3fd933/ANEWhvf9ENyvkQcvXz5fyIr5NX8oh8nD8lh8if8Auw5l/wClDbDW2tG8uIjXTZfsIycnIycQ/WXarFqXoF6ecr2BAEMbFpu3PbjtJuDtItE5lw33sHK0U3UzVUnWr03/ABG0X1dgmwHYyibFvfzbMIKX4E96Grer13Mn29vZ2ydul6//AJs1RoHpz0haadLOnnWTTlExB+3fft9kN+2HQ/8Ao/o/pjGDt6R3JyfEZOTg5OazSJ09DYDuv7FvBiRkPUqxICodaZkhabmRBss2LWu1+v4dY2lv5T/9wW9jc8XQdg+RbhIYyV1v5dqGzNk9znX8oB8f611dqCw4jNjsqlFY+93Gv+lNthRg5Hjr1JRVf49gpOvLWlropzSmrId+/sJ+3K61lRLkJgcnK1MNCO5tbmvGvto1q6FfBFZ/1O2fuLivMKcCIk7DLTbsWdZx61y2427Wp3LXOHXjq8D5NNm9NhkVIMUlmybtiHBhs5BLs8YpTN1EC51zYUaHTCZaNjEjYeI2AYOR+JwsnLpDk51GRhYUMW+MhkHdrbPVEkkMHXcfIbPIcq1lKr0dTcVrYILAwVtcDUY+IY2MJ0vfcdtJsI1K7F3k48is7NNAdSO4rXCqQ/QOdrt3xuzr121uava3buAxmomcGOMa0C97JXdoFevrZl9ptgQIjIhkoxlZVxbO+5nCwsfnfcF7e8ljMbntI9d+ljSlwLaau9emAWjVFsTtL4zS31SsAsalHRSyyus4ihjWXCvtZC69e3e2FgBFdHXV0XRXlFklJcTzq6vaVXV+9jsr/KVL2ddbP+k6jBabZV6rnXNzSpoltw2NyMmSzuSYsWDkwVVV+D77LCxudSHp69FH1mLcnJp/yRUCiGELa/I9CdfEVI0TuW0tfRrLuKXCjZ7iAjM+hJZXt0irghi6hbU4yCUynn1bhYyg6hsjghJm4ERfRbftxeE5W239NrWe33LniW6ObjbFIqbmFY6nxMeJN4IfGdsX9S7/ANsmZuR7ScWIdDZZLWuOcnBXhEOen18g1TtOvRWtuGu1/GbgU9fSrQ9SGsgPtDIiI6MWrdrmpkinkTFkWAWra09uMYrNey2Hx24JsriOSr5DUt2lbi/pi8U7z0OrJXqUyTX29my2I9d+J8GychLaaH+JkgOp9yrc5E9ylmtjWlrS1raZTgwbMHAAy+2wWxufyL1qKH0rqTWLED/R0S5gWiQ4U56yL1XqaT2NpMzglrWqnYDMAVArYfHhqJs2c2Ve2W1o2adS/K3oiOK8b5RRpHSczcze9BDozjO5yZIgVC/aZamGgeR4nDR9IWwnCZ7yXdufBZ1hT/bEssWSJQ1O/WumD7BZxMrYViS+yLAPme5mZIXjcrgAyPioymxwWBEqDEl8f4kgzYBSPmtfY1UlarTgW9Jop2W6sa4VrimpJEedjE56kUwFeJ9pnwQHWTajxM+3Zq/mi7DJmS9rReZJtpprURMxghXYMVVUWRIpGcgjA68F9/2dLL74Z7dkRw1ZAWJIsUWuaWbBGVTU7gpBNZl1Vefk3V0XbbWAVLjqNdGfVu2a2uuM7KZ8exWLOrmwF3+n7JjILPXttX2Bsyf4YB1Rt+8k887JjShLLAEMEI1voWldU0zUJXtJkYugmqMIGbC3e/8AQDomc9XjeBuJJuLnVsXO0WcKyvPADGa7LQGO0TbpihmrKDD0hfJy0gFJMAvUiZYbYNDq7Wg57xv0JdZr2H5DvfuSt3FbUb4u95PvGQdUmRjF9dG19mCVMCChT9KkTEj6zBqsKjGCJm+IKZwUyZGDQtAzLMbxT4UTMCaLa52wdCjpP+PpGQJU7FaC5PraaTltclyLH8jdqljEwMssDl7V2K8X37t7qkPkVzrJRWsXt4u5rruxdXslprGjJMENuL4bH+v7MPCH3FbbjLIYoURIDI4MQf2E37odJHEjNd1RoIsRkqcYFk50sieTeTgyBnIyudE+rgDKz+NDKQmie3UJcvUKLKjkmPFkulC4kzm5YpTVZsbN6rLGbDK2tsasHRtWOpDs02cShtH0Tsj36LgpYCNLYpDVCvFkNh/YOFXiwMwFXVigMme5d90Wv6YbEFkt9paWNqvqg6W44VTAxAl0A8sVGFCZxM6s15tVACNXxC3LBYU1b9R25r6+bgMW5fe7nWVkwdw5brf+oW+btUjV1J0oiLLdkk6TLUoXOqZVXetb11mpGwrtisx+vlUvCzR29vY9Iq7nSMWGgXqhrGDI+yWjP8sVvqisurIEBjJsYLJsCT65Sqyav4JoDQisIe3JlY+KpdLzWNx6TgJef/T0N+Nhr5QmyxVV1J1JutfR2K/5XXryQa7ZpmrlustIUnChp7i2+vUt6R6UkO0sWa8pfYD0rak6o2lbhtlFerq5U4kpKuyQtekBMOban2g1MBQq/kmvMz4kyX9TElUJcS4HJQ5R+jYEoIF7yqUPFMtyJpnWyV7pFA0FpxrO2mz2Ablm4pfzJrRXmlZ0G44ZstQNFOzO/ZtVqpaZ1RT628fsa9e3onVVNK2061u3sbblVy0dhIHU2rthM103de2sJFkiFk9/YYgOsKXsuEqK6xInC2c9CROGJpgYL7DywK1Pp/xNWliLo2HjNUK1pNtbBDDBSl6/VzDdqvV2a9rXav6KlZeWxuu1zoH6BqjhRtNFvOO7LXnV+sTVtXbNUVkWtY8Vi6EWp3Fpqa8aYqcNDcWLNYahuTBQgccxLEbNpskQTr36zwWHluAgCHAV6kYmWHEwSzX/ADnVAID+cljW+gajKfcAVRdSKG/pnFOpBUUqsauw0rLNFxBaIwSfyPXcns2rbNa5TQwQjCESva/k2m2uotakx77k4wWLMbYWSD+VlQSG0y8A0at2nZWoDXAVdlY2FttdOv0TqEiJLut23iccx7lipMDCZyZJUDGEqEsBQ9lExJCtuQJx7FUUj62Vijk6mRUkq9ExZWamdVrkvLPbYSIKbFk10nVsXglEzkyJbqhv6LkWKh6l2qKvOd+RaNyLo2Byapa0qnZ4p6904+q+rdrZwLv9hGhVZFul7Sw2Mxh1hFf2T4HOyP3BpFOdzn1sCJ+2WzhwpgvU83utTHI1HmvOL9u4OIPWhE/ZT2VtjqlikhXJBrbOvbRENfeo7D2nOmZyXSbNDV+pR19VjWs1R0yHO++4IbC9mO2m1MTVOlNVcJ3Lt1bcldWtd1LK057+3sRWjr11GRCqVFhQOAMitRo+r6ySqYUytahWf1GQqiqtTRgPr3lZgrK00J4xUDWAI6H/AI1Woy7sOW2+SVbV9go0pLIWTKiBgsGSx6eQ6ew2TMJzuZLwSz1rdQyjI9x47yJB4XovQc0/+a+iaRsxfl4lTCYMjc568XXhTGQYuKkCwTNKK4BCzq/WyrCWLNC6xqgTACFv9DHQV4XCUOjvW2atbX6cFqqfJUe4HBUzrNa+ndXaiwDxatwMFowcbGnutdLiAsnxPnqJ7JR65mo/5J6JtXvvvvIILM3rDELio7j564gbZY2Yga6px7PsFaqK0/VNcGSUDGRhjIkH1NGIOpCZw7UHCyxsfVtksFua/W6fQUdbSR6+vykPssoKu3S7W5yAeQavZ1xhR2aGKSDFtkZDmWjuyew95zrrrIzrxExM5GDfJdzWnWzvv29hbJLaG5/6zymxB4kIY6QripdMYCIDJCZHIzucjxA2REBQwDz6ZWOTjYmeRokU0dHp1FVmkTQGPlRZwrIwJ0dq9t/+wi5Vs07giuAbLQcDva0rlWns6w6wbBW4Cz1+Ouus6GIzogOozVM07KEx3kT337gv2GUrfZXC1jKygDr9RkzORglJeZksgercLUceghKzObHI1+vFtSUJxWUTPOvk1bRXJTOVG0qTFqPT2Kogz7xfFj7Rf/RB8oq7PWWQerwu2rbq2QFMfnqPEx149WV264tV/wAptGZgjYClMLACs+BGr3JC+TLO5yZg4IZGZIpzv2eDxIZbLXPMxq7ZGrprxuBMlQxUlHyKuyuMHIwCuBUqgjUvqshhSkgcs1STUzbXyOmypaWKDDyBq2i9yu6OTkR47jzEYUesr9Sg6TNSIywD9lYqqKYf9pzOe0n9pt+2GC2Gg0iku5OcnGSa/R0HV+lcXmcYTGMhWRmvOsbI+QRvrIV4uRwM2NIICKFwLJMUYsrte6i8CdHJq1+vYU1B1SRKZX134VZXuk7oLPiJ7nInuc6jIyR6KJbWrxi8Sv6vQwifYsk/YsZPt7QXuo/f39omCmWT08CDv67Iyekz2CU4rKJVTiPkMdgtkDIzOKKwDhi3qrqrYOBqzW0jUyrZZHJq9uxF32OrKySVU6xplUD3MZGKuL3Stut/U+esjxOTC6ykgleBMQUdEOdsCJLCko7gvZZQwS9oKPH1mdq17CphTZaVTIJLAhcpZWJWc+XcB2dhgYBUD2dVkV7lC/Da7hsoJeQ2u5DLid0tqWEDhvwX8pLkSQVU68qlfr3310u+rdq2y2eI8T4gV5GJicnIODKfWMLOmBMxhYOSXv7AcTEjkzJEDUOdNg2/TMLkSURTEjNI65/IE3QsjGBAxMLO+lyWDSt192iwWVyFnsh1NxZyGjs6B1XzkTDFbIbUoNMxKjrHWJMqlee2ddq2St4naCXeQcYqAInfZ0QLggmJjr1cpYMiMLByJGfaD95L7JbZWYlhEbHMBqiHEyWDOuZVP5EyxllZjWzoYHNWzcat6hyYTbRgELUYnKY5dRsdPeqSmS9evEEFwbn1lUJXoSJqHWlcq+vO+vUGJ2694qFgMRHoNGKC0RWEP5yVKPQ1iloQJ4RBnsJCftEdSxz2kQsk4nBCqUZWZGLnXnVP5EyCuC2ESUJwopu9bGrfXI6zguJavK5VYr+Dzf0r2itgavp6yPxEi8L4u/lKqUEsqpVjUSZX13nShCBEFjVitAevr6yJLGCCQjGI+pggM57DgeTz1MJWxb4Y45VFBskkhxcVyQXyDgZaBkRISONXOa97R2yHrldZiGocoqIgXs2Wt3aHqJfvJ9+OvHtM4LE7KNnITROqSyQVUq8rlcrVXCuKATAevXXXUx0QzBjMSLxcuVtz191FHgzlpvkzl5tY1oRTLtcrIcDKR85Lu0LxLKzSxcFGsffHaQQcYr/yLhGIKk+HS2GfTttRtKVquwfXvO/aCycmYyfPa7CdnF4qZVuiUVaa6qwJgIX9cqlX1SqQ66mJiYIShkfWyCCQkRwSick2HONU1DabEDg4BAVfJES1zObEsrY3BPFHlObKUnXTY1zdbxZ3IKAggAECrt+xBd217XWWqja7FSUH9ncZ37e3t3468TANXsh2QidBiFjEREZ33kxkxIzGTk5OTBCQsFqziQ6Gfb3LGLz2djSeYyU1jgqpjgRUbzLK5My0DA+rX8b13AS4NX0evjaV9imuO+qewsA/eobJrQ1zjuBsk2arVeh+YOGd+O+++++58d9Yu4rchkZGdz4778Fk5OTM5PgsKJE8YuwnuD7mCkmssg9zDIwgCOoz2qMrk0VzySK8qGlxSl8cp1QSs1GTKBMndUzm3GxriSzViCY5DftLGV9xT2zPVmEcH7d+BP2j9e3f47GY8d9zPfftJkUzM5OT4nCwsnCw4dW+mInJMzbhETydJ5MKmSpGkzkc2c6jiOk4+cSViSNdqNke8/8AS/8AqJ5fe2wbvb4JLJZqlbQlGDMxsEbGneywuQgfXPaZ9RaLhiZyfHff69oKM6me+5KSkpmZmZyZ7nJgsLDztwGUHJTj4MvsPJH1+uEnHvWYgxdt+aBtQmsUY1e0v7DnaeS3b4Ohnb2e8sS9cLxMImMiVPUcsBm0q7SlekjGIh35nAP7+5j27gvb39/b27yJDOy8dlk533PkvMweFjJKWQ0vaDIWyxxlIivJOGNYEoLYcjs7e1lZ6LNrf3uU3NlKqwxJuBq4RqHcefq3VjwcgkvU5T0sVlfGEk79Xc0rVKFkBERZHmcgZiJg4OJmJKJ7gvYT94Mc7IpOWe8zOd5PifJYWFhSwWS3PaD9rAmyZJp2QZ2cOxBbXewayJpWZ3DbDCacKBdPUL4xLj5Kz5AP5CDkQvJgZApWMEpTEimZYsvXdazYLu2Ilx+Y8hBCQ57RPffcT33/AP/aAAgBAgEBAgA8ngRfkwwTv2Lfy1wOByP4D4M1DBxqahhGtBeutTWuNDkfA+BxrWhwPg8HgD/lHyOByPjQHO9qTGg51/A/R5HO/kDQHIg5E661ogAQ/Gudca4Hxr5HIg+liquInjk8dACJrX2f661qDkQcbVExE8cnjkxBWtQx/Rqd+/8ADZ/jv72IKkw08anj0xFqXGGGuKKdb11EPJH2tIw/0P0DiNT/ADxqV8euOsB32Wyog9u299GzP3hDyYIYeK8VMBaQNddaKmp8C3xdlQ+/H8Gbm5uuxcn3h8VKRZlWI3wQYOK8SrFnWb+d72y5HimSa4EwOFRKbKXrK6EDi+u0W/sWXszPyYZVXTh66zWvrWtAy/GysT4wOK+GNicDhop2D0cACa4qoqpns2+Q/kG8kfIfvfu/vL5FPJ15m+BznYXODFiQzWQ3AnZgB2qTVymAcA0wS2y2dprXzrVd9XkUsg4AzMXjB4R1L3WWcogrZetdhsMdRDDMbGtvuzarGD18n7PFV2Nmg6mRUQJhcGdz8CVqY4gKkBwAZjY5jNBDBc0MLmzv7Ow41Na1j51dk35HCEwuDNa5EWz2s0EQGXTaLWmTaVhiloXa3v332V+3uFm+TKb8a2VzJow+Na41BxuaAWdrD1xlB9K4NeIab8axnYsHDFuA/ZWUgswfSt76WE8pdhfwBE6hQvTrYEsmOE4DNFGRMlizQBSxUzr1XjRHVUqreY2Xi5GfRhxm79+++AEgUJ1292TkOwVFQOoXROfmPaG119YT0lEDL1Vbyh71MrHjx65WLjK81rqE6dAiqo+GrfBo4QmAWTNynnRVx8dMH/MtwGrPBNdfS1UXokx1swDMZSMea1169eoUCbB2XyPIXeUwb8QGJG4ubJLDQlFmE5S18mF/ZVEXp+q2Ga2rxnosyMD111VzQXWudaj22+UuzmKCk4nCRhq+OrwwHdWT/rfutkON0Mr0tUrJlG1VmFYDlUpWsEA69evWM9ubd5B7ANdAKrsOaVTxab2ZprUad+5IRUSV31ZlmbblG7eDBMhkTIqSK/s9htbLu8lbns29cGACYYHxfLoa+nWPHmlVMZaulVN1M7hEpCYkRrrKrs5EgRqXZicO2gp8GCDimrg8GZdJ46tGhAVUx7Ita1ZNXUItYHXHFcYrZkMCLDkNd2Ge2Ve/pNRDcKFLG2rg85iWCbY9evQIqUpFta79X9YpsTHVeGYkXftLlfse2E716v1/0/8AP/zf83/MYuvPa6XIYT16hAiJXUxx/FUfiOJ4DNwEXPxSEFSztlsoI6ynGSl48MM3U/u9wyBeJ3dWqnUs8yPgKqCpUSeN8QkUdMMZ9XksJkprHAmTBGVcevGVDGLRlMaVTXXqAJ27CWM1xvbJv5EBRlsVvHDHqBUiUPmWOMupE42K6sKrGCQxmewv27dFAHT1qkEA6Z2X7WuL9oYIIOEP47XvcUq2VdjzJReFT00ALxt7bLu01ocmBgYIgzb7bS/f2GxX4AC9QvgbVMEWA+RsxbfI1ytNWHG4Je93Zenr66DevrAwirtMd55PJZ+xfttSCIIIsVfGNSySua15dvH22pmStwchq49tl6qYYIOCvRZ2319YEbKyrcuND8AgqVKQRZitissrPkMvy3lsi3GycPI8mmFeLvY1xhizR4UNws1oAwAxZ2vbJLQ/AG1KxYhDI+I7WWZ2dmrM9qaf1rcq29MmrKrb1ssHKw8LGKw8LOnbtbMp2O4IDFCxYsWAzx9mVZZF/H/zL8sa78drHnsa65+4ZLKr0t7devXjfC8dljGdsiy0magHQBAAoXhePE2nx19vlfytrc3F8D4LF/BMnxtz962Q1vsFbRaLe069NdiVMHOWXMA1BNKOoGhBDPD2VP5ryerF8EqDKmVRdQVRqnU1t1E0OOyXLY9c114WWHMsaCb7GBgwZWBHAbt4+3KzHsuAngIpRs2jMpuG6yrV2Uua/UUJ3BwD3W0OFlr3NCSe29qwZGDo/XUrmfkUG5WH46QQc7G8liX1epKyqLS62izt1NRp6/AIf2ZlhLNACmusUqVKRGciPCaWslo/HoCCiZuHm4bUMN44U8dxYLVadPUaiIARmkw8ddEdesBVli8DhYh1ev4xBAamyMHyOC9V9PqqF5ptHGtdg4sFnadDSa7mFP6/qjDrrqUKpEZGgMVtUvkr+MTURvDX+U8V5XDu4AyBRZW3xrrO4cWezsFAKFCvWEGaK6EQgiGJxW1o/GTvc8dkvf56u2a3ZGGPap1r569d91gJOzDGh+CFVQIIYpE2G/G2vycn8lv/ACPHzMK/LXKUkR48rlLLx16/InUQEt379idEciCDg8KXGFh3TJuSJh04NBbMvJIj8XLj3VkuOOpTrNATupMPAQpuagCwADmqeO8VUn5A9dFCDMbymNl3ZOdZuPFW0K9LqvPadeutf//aAAgBAxEBAgCAn5H009AqCb/4j/AzcHIjQcg/GuNc7/gf6mH4P8N/9+98ah4EP/fv53v53vf8d/8AGfpoWOQ2a2ZO2+R/bf8AYzRZsls5s1ry5sNvsPHXrwP46g4P9TY2U2c+Y2Qztcclsj29+3bsSPgwfRtOV+7+4MlbtkfwMusbMa2a11ZbBCJqd1xP0/kxeXyGyzYW3vfbsLFy686tz9GZYEA4AmrEao1lcmywpjJYDBDARDBLMp7yed77dtzrFNPkFPOzMuLGse1LUsDdmhQ0WVNV6a6VAXg8CWWW5Pb41rXOtTUquoyeTMqbLEiI3wsYQjsrE8iW3WWQJpaVxBhjD/V/W/UbBbBfH41zi5XOVGhmpUvDTqpM62NusjgcEPxVWg673vfAPG3pswmBHDTGyOMrh6yErrrmo7exW7WKFEraAy++umrGZF/nvYNld2My8U2AzK4E6jnZjsIpEYEEqYJfcsUbMSevr1CCr1elq/oS7FeuawsqZXA53wQ1frCgGNxVNOxahA0EASdRWK/X1KOnr/XagpNa02Pk0tLJRdkwfwI1BCTNVzdxI9pyrMgPRekQBehUDShkCsHVq1p/XCOHrs48fVlQfOtanYt27AoWSWRp16wyiY6BV4aJHisz7fjexY11tqy/HyKcO3JiL6xV6gutNHhJbcSqqhVZmLFWLbVcDDWsgt279nsDMVYs7UBx0sD85bY+RkNTN9i5s9nc2MxPwHXJtm2m4gwsasd2stttzv8ASpzdjgR371s7d3mRFyxL2EvgbuX7du3bc1rXWnDqwMurJOyV4qXGUHTrYmUkqXHITrbLGVzeMvsHyEuSnM7vY/G9874ESqvArxYxtGRw0TimVspVt6txv8tMFKZ1tV0sR23gxGZcytpj2PY0Wvt379+2wK8arEVXbt7VewZPDMvFQoCgTe9wLNEGWqar8JcOrHFPXOBFCu9FjxqvT6hSuLVgV4SgwvwISZlfNEpgbfbssWdu62dWpyES2BO73M+ZHWpLasQtDal6QAZNbiBSpQCNDxZZwvCnGsB3uKQ5LN2rJsuyhf37s5hbIZ4oaukENWMZaOjeOXFpr9gfZ4PAiPAFm5jMh3uCBu7NEta7IPr9/wCytnVpkMeAJ6TinG/X9U1N+z3/ALH7X7f7X7YCtz0qNLAzYnbbMzq+T5SzzdvkEtavCvBdrW4oDEHtLch7FKQQcWL6fQcc0E9QVcTsqotEHPbvtUyGysphxlS27xmYr3OeDKIYpN9l7MIIsDQS2du3Ykt1CmIqV+paKRxogwRTmm66GGWrbRgvj2O3Gi1mVZf2giqqKnXr2aE9u5cwwwTExfStPr68GHkHzFnB5rqZaSeC3stJYcaWtKupm+01xphDGmJTVWFC9fWUIJMJ7b8ihEUwTHXytWHYZY8SXzShKVVW79+0K+ztCIzRraxhUKgQJ0AaEaMMJLZUsBh43iDylOK+OLEIpV4taVMw4MaaDd2nXW+5mvVjrjRAOdFWUghoY0tF4eNPE+O8B+O5nhv8bzOBgPl1erotW1jTa8NF4IB2YsJEM1QuPF43uGMGBjRpp1vHpx/EeM8d7E8j/wChTza4qUPjWY7g2KYYOGgMMUEjgztrrVMZF41qGGNGjQwmZC+Krqln5b43w6V4HjM78EzsRFK9XrtpevrO2+NbjcnnrjpWqwHU7EsdtGhjcZaYv5BZd+J/iORm3ZXkPy7K/Nv9NVIdXFi60azX6ys7d5100HxiKnBnbZO2PckkwwTOVhg4jeVR/IsxqlFtdkdbFYWDZ+NNWyK03vgxFxK0BMMEIIIIMPBXrl101KtRM8nwRTZi2pOrqyulqCz2hta50UNZXtKlpXYgnUL1ZGUqVZe3DjGqtFbCeUE1RZiW1P3dyXa1GrNfXsLRbv4K9PXipxqAwExgwIaMFjRBq5UNZ8keGai7FyfasYXwia6lfWyQN7BZvnEgirCwm+whjKwMb4Y2rKD5eAxxXk499dtdjPcaJbXNTXUqUNfWdxaLKk9nu9vYN37h+22DBlIAjDdyUHy/JHkqsHOxLUJLGg21vzubnXoV9ZTXYtsMDuAghlYxo0IMEYCWKh8qeFmZTWuC6GEVxTfUw43257Tr1bnQgI52GBaGHkwTTDyorqp8VT4u+jydGK9B1pIseWAzc39dta1169fgcNDDwIeBMm6uUVNGyLMu6LiUTWlhlRvqYdG479+e0FZXqF0TOvwYSTzZMjLuPjQ11z/rDAyMWrHw06iLGauMtlb89db79uP/2gAIAQECAz8C/wDc5AzTBmhkP6VaM0wIZBOTzmif6SaM0wIZJxTnZo33HK6P6GaM00IIlOKcc7xORW0Pyp57LUpgyTRldCCKIsHjgTdU1uaGSJTynHO6TktoflW0PZalMCYMkBl/QwGaYM0wZoJxwC2hzTjndcck92SccSm5mVs2/KmjL+iGsxKYFotoU85o3XHJPK7poyTRkh0ATRn1AGJhbJvzT5VTNCtGhP7Laaraap+qej9KH0pv0rZu7IHPp/eG485J5WpTU3RDoQM0F2TinHPp2M+JwCaPhEraOzjyROJ5rhmnjNPCafiCY/A9H7wqShogObFwoizdCe5O1uBuS3ck41yXbo9ns8OI9ltH4cI7InpCE9uNUx/Y9D7wqvQRknaLaFbRHNAqlk2HIJwU2OIhez6CExlG8R/CftMTfNg5IsKIuQnMzTNp2PP94q2gLROTlqp5ACaULk3AmiwlFuanntZRtSn7TE9Q0rREY2wiO4QfhzfeKtm6i9G5uqb0IWEIlG5CFx2SnFDm7LZmC6q3qNw6ycVoi20sQfjjzPeKqgLeNwBTZNL1EZRau1pRRROahO16H5dn62T1+iiwtU0PL94qqihQpVLglC9BU3O1gQ6EMEkwjtOFmFyeS52DSfstuf8Aln9lt+w+62n1NT/rb+U7/qD0TvrCf9bVtfqatuMgfuts3HZn0RGI5Yci2zdU0Knk+8XFclUhFQLK3+K9urfQvHlN2Qkp22PbS6XJw+U+lr3/AAsJ+y2xyDfMr6tp6BbFuRd5lbNuDGj7cxrsQCti/wCWPJfQ71W1Z8voo5Erds3VvUPJ94uK2VRRc3W3xvSUAiiiU8JxRb0G4JTts6vpd3yg0A2MOLWn7LZjBjfTpdntfias9m77FP2XxNjkRYWmQvaCM+R7xVUi5Fs1PIqghYUdUU7oJXsnTkbhK3Ssip6kOoRKa6uzp2yT9kYcIvxYWGQhtBf41WyURZKJyWblHIrf7dANg3vknbV0uM2u2tTQIbMQAoNkUKnqm7QQ4SorsvRFpgiLsqLPZlb4vcarcack3RRyq8uFPKGwbJTtq6SjtXbrU3Ztj5jmuOXGQoEBG5uoHq2bcVFdU/YY1Gt2bd0wVN3jCraeaCUB0cIteQACAnbZ0n7BF5gZobBv6jjdlQg5EWQg7qg4QaqOLZYfSovQZC3oabvGFWyPAvZsjM2jYuq2VvCbvZQoQd2XafwvMI5FaoXSiiiUehZt64O1T9iYcPve3SvaNucYVevNzdEr2rzplb7R0lBojkkLUIHBEL7IhT1LdoIcJWezd9inbMSXNnQKLm6YucQVernkbrd0Z2+0cAvZtF6FNp87I5UXZ5zWYlThRTd3St9tvEFXwKAvaPNu6N45oILZbOhctm1m9vBbV54Tujstofnd6p+bi7zTXjSyVoUc+bHJi4AmjNaJzrJUoez7i7uui2oVVTqycrYt3WG0ucBqV7DZStsfmKefmKLsesmyLSijclbqkoRC9k86HC2UTDn07KLKhV6gXCEUTknOt4LfYuDsYQ/4hm4GxhyY6mbxOSKDVNvtWHUImkJzPiESoIOi32A21Cr0E8yb3B1s3a21VLo0sJUqLjW4NAUs3vpsLBGIW+JswVVTpTcCamoXN2q9oYytrcpenp6KSqKt7W/vMcO1nFBzXsTq1SsFVU63dC3jFkU5RtlRfGtg5M36KvN3JaBKmTqt2qLnwc0dnhgg4CynXVpZL+Z3UKLpFpKbm/0QPzIFTy45TW4lbJua2e0+F1yNqqWRtGqQgINlOqJRsDQuJBe9dyzkVqLva2LCV2UZohGyeZVReccFuogzgnNo+oQeJFnvftbDm+a4QuEedlOqi0RVRMKinaO8+onqDb7EQRK2bseFDa7WQaW1C4QuBVVOmJWqAuumyi4j5nlNQuRclbwUKLZslRyt1d0PNdj6rzW9ndKi2sKLJVQuELgVVQdITZF/iVFDCq8oaIcpr1onBHOxxUKOVWwZygq2OCdpbIW7lb71SoEqlnCF7tSVSOhJsHKrZ7t3kq8oXpsFsWNdomoKOXAUmblVKqqLst2772zhcuFVVAvdrdK+a3tYdLTpZ2Xa2efKnNe7d5KvMN8IcqL8LfTh3Wt8WEW+8so5cAs3mr3Zs4RYdQnahO7J2oTuyd2T+ycU/sn6KUEBzYue7d5csp3bkmwc+cVBUhM2nYo6ojRAY1QFhsKK1FnFZwlcAsxC92bOHkFFHXoIRsFksPLKcjYEEChyJsjmRcNps7WVtoqBcIshxXuzZw9AebNlCqnljVd0bTadLRcAU2Fqm735RRsCohOBuSRbWVLDNnCt5CYQ1RbhVO0R0sJqnOT0W86blbKLHo3InMeoR7eoT9P7o6H0sAQXdBSi0p4T8HVtazEoPw5tEZucVtF7v7WURGaLSuyJNE5HRSgBCbGKbqmytmtn1j3YNKIxcxv/AKv4lMH/ADfRpP8ACZ+o+g/lN+n8r9I/K7D0R7egTtU76j6rut5DMpoysCCahbvWRZRSZsi5K72m4QFOSk3oaFOz+1pTtU7VO1TtU5FdkNEzRbNbLVbL6kz6k3VDVd+cFF0uwEqPicB5cRTB8pd5mPwE7KG/7RH+UXYknzsF+V9076fWi/8AMV5+iPf8I+adoij3uAqLZQFsoohSoRGaBQ5dGqiBMhO1T0/RP0ThlyyinalP+orafWVtR8y2uq2nZO+lfpTfpTO62eq2eq2Z+ZM+qyQq2R8R3f39E0YCe7v4TjnyZwqn/THnRNzePtVbNv1O/C0YB+f3Tz8yhBBAI6XJ5BOSKOoX6gnZEI5iwnAhEYiLve/vPF8BTknYwt5AYhNKFpTk5O0R6GHVUfDw/v68nabT4Wk98vVN2f8AqbVo7N4z/Cb8mzLu7/4Tvqjs2im0ruitaIdz+FpRDMkoZchz/hEqPjd9gtjsPpHnUofKC78Lbv8Aha0epX/E/wDUj/0rb/8AX/ZbV7A725nyBW3b9L//AKn+4QJhw3Hd/wCcECjqtR6UQy/NlF3uSijoql1kG5kFrbopRGHKCCAuFFFG9nfLzDQT5IN/1HhnYcTvRbPZ/wCns5P1bTi/GC2m2xcT+B6IM7mxxyUYu9K/4QyaXef+E4YlrP3/AJTf1P8Awo0b+Sj5XNfRT2QukmBUoY7SvZBvCwT2GCe4cb9waN/nFNmhWzbiC5OwaA0LaP1P2ThiCjsjunA/uit6hR2fCatOB0RyqtUFCkKDheK3GC7oszflRyuLm74hFtxz6/C36nUC2Oz12p/+Lf5TzQcA0bSyU51NmPv/AJTG/E+ezK/nBfS2PyU41ed0fq/hbMYAu86D0Tndh6BNHdHyUrv6IBStLkWEpzzjTVM2Df8AySjtP0t01W7RohOciUG/F6KPhaG/ZOdi4+qArj5oaKWNTTit6gKLcUUD2RyqsjRPFRD2+v4xC2bv0fkIgSOIatr/AJub7x2uQi5Rfi3RRipv8XPacl3jzXsatZP6nV/GCc+riTZKzc4AeqYPhbvf7v4C2m14anRo/gIbP/Wfu/oHE/8AgfdAf6bd3vi5F9fyUB3/AGUqUB3WvopwUY3pslDZjvoiTWpt1WirbSz3bVSyRZChTRwDx3/nFMJnZuOzdof5X1Nh31DA+aLcKIO+MT3FChi0z+9m4U8iQVtW5J/0okyVFhvxcjBa3uLnfZRhZK3TSwN7lP2pgAuOgWz2f+q6T9DKn7nAJ0buyaNkP0/EfN2Kc80ElN2ePEdBh6reUoDui5RgpUcmBKzzP4uSt0qt33QuQ4hR3W9hjoiDWxzc0zaYjdOoRHcai47Z0NW2BSo5WlyURgtblebF3fCfO60LZ7P4zvH6W/3Ke4breBv0tp6nE2ZuoFTdYN1v5PmoWtFpcjkEWYC9N73f3uYOU4JzTBQdR4nvmoq3ibb/APqDux1yKihs3hCohZPM1u6IhA3Ahb35cYqe1ob3KmwDzshTzfwt8k8qi4D521W802A0P+VCLME3a4cLtMiiKGyauw0TSw0VVAsJ50rdxvkYLXmxZK0uRhbHQ0Ply5C4Xed32e07Fe1FDxDA/wBl7SnwvH5X2Olm/R32KrLrOEqqp0UYKb0ojBa8yMVN/RHoceZR3nd3mhwW955rf4m/G38r240ePyp+JNbgLeFV5LgJkKEEORKI5EYLXkxhyj0XEeXwuuVW+whFjlg4IfEBGq3vO5w8mSnjVGyLNmcXwo7onBFuIi7BsF/TwSHX5FyjvO2RbDrc1vedskXt5FFEInFSm6qFKONjm4J7visZPFgtn8hNh2h4U9tSLTaLw8AqOXR3newN2bN510uT2p6JQTCBGKCLsE4UK3UcFKE1TJ4cLJRUJwwKfgTaFsz89hTkRYNE1DW0nKyOdPNoOUUNjQ52ndMYov2ZrULeEreaqeVyFAlZ2BByhPbmpxslNOaCqiEc1OK2eaapTsckRYXYqUM1s/lM2k1tKLMFvmbGzUpjRLXTYENLxR5k2RZKKKFzh5ErddZouDhNQi4VRZtMaFbu0IyK3HuaoUONkKbJdCiyU8JxQzTU1SnJyhAtiLJRYoRToi1kRFULHOwRCIRwslBw+KFFw8l2iN034sm0lFdrnAb82VUhUUuXsnrfIjJUY7NfBtFNVhYE3RNKiraqhRC1CFm8iit1RbwzIQRTrAmuwEWuA3srXNwU2BMgQbTaC2N0dTojmgLjTZ3UtKg3JRCpZIUKTACDPNAoDIWAghZLW8HCzdy7o2QnBStU1NC0TkSgE1wiPvZKpNhCOClBMgzjcKNlIuSi3qgoUKbSoNkVKkKiyxKihQRWb/RAYUtjBNONFOFVJRF8OsPkjyxYRbKb8yb8pkWlQoKDjpb7TNRaQpxvT1RFshcNFSEGWSmg7ziPJA28JrCztc74Uc+RvBQigU1FG+bk2FOsCG7uwFSwuwRGKIug40Qyrdr1ItpbumFNtLN2CEHUUI7TyW5XtXugCIH+E1sLSqBthb13eIKqVFwJpsN8orsmm7CLcKLf+I2g0wQacZtPVTcNvCbIU2SZ0Qnezsfot/BBvxQPum5keq2bcOLyT3GZhGUSNU9pmCt7tyt2uK7ckWHklDRNXeyEQjcGfKKlR0pLSLrmnhUNrV5/CiCLAFxt8rp3cJ/wnfSq8reCLTzRZ3TvNEYi+bJslFEKOZKjnBC9xG07QwE3ZCmOt3ib5XSB2QUqVOaIs3jemoW7iITee7z8004s9F9KPJdqib5PVCzisLjAXsh3zvVZ5G6M1sxl+E1VkWi/KINAndk4JwQzQOfPCFh5U2lN06Yo2hCzdG9mf2v1b972zNX665H/ACtn2TMuXIVTukz+yijo81FpFg6EWFEXx0s8jhW84DkfD970hNiSm/kqDyJNkhAUWtf3X+L7hYD0IN4oHFR1IsosTyPh+9+Cqqvlfi7mp5RCKCBz8P0sifPkfB978t8uTvXKLdwU5QgeaRmih5IHPwieRW78P3v/AJUGyFNwm7KhT2UI2DnOGaOaap8E7c2jfPkbzZtrbW+NLPK6U05IZHnOGa1Cac/AJUc3hb5ql/JZiyCs+TKIKA5EIZoHnQnDutR4X7sf7uRBsmyoUcmQsyVoEeSbGlaFHxb3f3HJkKHKtktB5NLP1KMTzSEDiE05wtCj4l7r7i/S2imzeDmrdMX5slBCcbI58IHFaFHw/wB0ftyYK3gnYbp9E4fKfRRtB3UHlBaBEZdGUM002EeF+6dZS5tHfLHnRfU70Wy0J8ytm3BjfRDS0Sp5hPTEI+Fzsn+VkrabTAU1NE0fEd78BNZ8IAtpbNswdQoN3O6LO39A+7d5Jx+Lh/dMZlJ1N6E1HIflO1CdoCpyAs3hPJopyWoXbxutyBVAUZXunPIJM3KrZ7P49oAdBxFN/wCXs/u7+E44resKPIjktHfx0bPudE7aYm2iDE92H8J5xefIUvFE52BRdpfkLugtPG92jbmiopuudkvqK2LM5/KYPlKpRgp3RPyBb2SB5koI/Uxv2kr9X46X/9oACAECAgM/Av8AvGfCTaPBjaOnKKKPNlDqTyhZHIrza8yOdpfr009EHfyt27XpZUXRYUUUUbBemhW7cr4JF6aFbptr0kqLZ50Kbm8P2tr0kdRSR97K+EkXIKr0m91MqvPK1uR08KVBVeeeulV60c+lledCKnpjdlRZXmk8+OfhZRVR8KwsoodeFlPBuK8fCK3jojopy62elCCHRwnv7BDMymD5U2KNQUeEAVNbtT5qfB63uJykKt2fAcTe4z1cKeZje4z1Uc6t7jNkhR9/Ba3NwSiN2MHZqSZMr8r+FTy8IAxKO03gIAH5W/su7VUSA3+6nO4fBKKTU1lSTSdEMT99FucGyoM3BTmjjVGFOPg+8exQ2TZ0W+IbTVBAGjSVtX5bje6ipdNK+a3c58IDRr2RKGi4G2GKc9vku/T1W6FNvALanwebnALZ8L4B4dwXJE+FcF2ijwjhuQQgRigfCKIBDKqceyJxPhJcjsh5onGw6IojNHwacVCwsAUIJqb0f//aAAgBAxIDPwL/ALxj+kh4VHgh6enVa9bHRQp8DCCHJ0U+HZhT1E9DN3dPh+Xhc3JVOkjqqc8dZKhUVPDYVPDK2U8GF6bKc2OfPQ1VEzdx4tPDKrh8OpeHhYtCGqjPrY8LAR8k45o6oqfB4U3TA8O4fDqKD1U9HTw7htnwn2jg1Ndv71SzJCGbo3d78I7xGba+aHFH+8f3VfCHOEhspux9m4yXOw7IbLbnJrwmsDgHF84aBNB3i3iiOyFJGE+htHgsN4RLS2TqSoa0h26I4q/21To3Rh8pOKc7ifJ87GuxCbkYW74PuMEYg/hHau81B33ZYJutE0HsgP4CdNP/AALfyg+ESVujdFlT0J6mblfDq+HcXh3Fcjwqvh1bsHwqbB4VC37QggUPDSndH//aAAgBAQMDPyH63gb/APk1v/OW/wDOW/8AnN//ACKF0r/+cv8A+MzIjneBdzq2L/8Ahksszqb0iA2LG6MzG9+tYv8A+BS3MiG5ImBgsZmG3G9LexhesHKG3FrsX/ziW5kQ3hMQYjfoG8vTid6GGHkyNBLIznGJRLC0NtQmHSe6oT3rYv8A5dMsQbT3F5GJG6ZGG99GBn6GFjJAY5JZjUxIhdVCEq2/yeZDZUC4TZsBwjO/uTowOY4G0+Bcg2jMS+wlhaV9HYv/AI7GSYLj2G7BlcbLb0N4TMYytIe45BsTgX66brrCxfpXUeTg2IEw7y0h/kNsfCT0H2rwjlF5CbI3I/U3v6MbcbvqMSMT3+lsxuR1bwmzC5khDBM3EwE2I0ISF0UtzMFxc4GFwbg5Jsl1bF9afkL+xY8x2Rgj4s/2Zx+XI3v03yYH9zemdz5Ng7ow7+/0VnSV4UbHUmlCHwPQ5LiMTg3v7lruqIuZK+YpxS4F3MurYvoSu3BYb4HuWG+R7jJbb0pCOw+B8D4HxoQqtF9NotvHuRpvtMnr2dKdSelsdm04EkJlIfChDwRklYcXQ9gyQXNtjmXchLIbS46ti9EktwiXygzscKyJ0QcDHNC41IXAxwzazMqTRiBXLhlh+t1rF/jQysS5D9hXknGBLKeuC1BuGwhUTRGw1sjuLdi7GyJuyRvxRPJz15YObZGZjjC0RRsQl9BswNZGAJ0ZhTfYeRct1LF/gsLCSWPsRIzSENlwJJ1ncM4deR3E1kS3ExBhRkvCdGUB3N1noOSn7DafzxJOmSPpIFgE8jMhMawOV47i0rPu6di7wSpeMuBbFxOhMhEJPSyRIzEN2YTIxUXeib2Zg2E8iOF1UrsiXdn+hN3dmDIs6yR0HV9WBOzNw7GSNzYUWid10bHwLSIGTIiYblBFiwogiu530kywmKDjpdhjlWCeq4si3ZIxrnzoWo6/FjMxo8x9zGyvMv4Hyj1b/Bu9of7I/wBdm35hcM9WvwYvAQ/eX2Ng8qDt0YEdxnYkbSixgkldH4FgnBCJsMXqxnQlkz1WddiK8CV1SuSKyrCdJl8R8kKYXGkyyk4HmUHIj4yYy/wMKT9X7jN7E9lB9nBGLdOz5xJnN8tBv6Kfknl2lvcOxr8a4EkMbSsEjZNMSSXJ6FngsLJnJKyIuFhRYJZE3lirNLDswwofA7yb00L7UmRE1VEJ9GeDcDDsW3DS4MDwlT5UX9GEeF+lVZffDM/weR8O+x+uubMnKwSJMEhnZ0LPBbQUiW1XIm7DfaItqTQrpgVZMESxNxQitf0OA28UkkQkQT0ErTHEiay3JrhUjU90TALD6lcJHs1JIyfK/wDoSn9j8PVKhkyRNgnzrt8FpYQ25QlRjYj7Akha7DmSRoSWBh8CYhCpHRcbu+A1+oHNk34uPEXP+inwebZhoZEsr6phVHyOV5c8+jGGmWz0wgbEjXezEtrVb4LS1EZEF2iwQ+hYTEltFtK0EPW7m2XLGn5+BREt/BPKUXEwqcKLm0JcCZn2kTf+opA7GJs/q8Y2pkfZwrj141IpFvWIJ86faLC1UdS6MbHotoY+ilbexbPU7mFr0EIrlhRu+RosSJCeHRaHkIz9U0lI+RyVO7cvH6GzTTTVYJvRo2DE8STo9gtLIlJNoJ6SEX6Ea5jTMj2ES5opDJ53Epd9CL4PwPZA3E5l2HmC9rviwufIpEwPw4fsxqyjbkCdG9QXP0CGnjb+SzHGx+uic0amhJe+j2WWll9dKy0JjbDemy1TQqyEE20p7kLM13yQyizld7oT/kUPAas9EO1JJHyNEMXVZUR8jloJfzc9ewfzjSjZ2ZKmvzlpZaF03qjQ9hiKw9Fwv9hejU+olEtMnMe4bG9zmhyoM0Sq8aLEkqpkCDVI6aJ9AaRa+Ryly3pgZDyq/KWFloY6zrXTnY7UbIE6JjJeysvSqh74eKjLJ+5AsUSPdmWXuOlzeYsRHDSTE5Dm1zdKHu+pik6WhPTJBIlCZAmKksTWlkcGyp3GN5ZghnAlmMkVgZ5sTT5y0s6EUWmdMkDpIjsYByhJW0J/Y3IErYQp9oX2GuYpslYze4NlpG99EEiOBomkkHNYpBLJRDrekCF6LU5E4TdhmOkjaEK53ZEM/IancG9LFuXkqutxCOKfOQvksukhCWuaSJiCo6XAxjs1ab0pJYuwNs33N8ZEQtcid9EaIrFbF7DpejbLUgakFibkInGDAHcRHc85MiihLcROjNq0JSRy7Uj5hJ4yvylnkshCqtE6zqqQRV0YQkKsQ5a1WLamWrBO4yRokissSogky1IISliTFE0nIgjagxsrJM3Du7Eaq7T6Us34B0XzLCzpLnUqwOhqu+jYNoSSHxDtWwtS1Xf5IpcWSEsD0KjQnSCxD0QyVSaQbByMjSSNm7MSJxpXOMRK4f2FPEMDk+BLKLeZYWdBdNaFoa3GtxZKqKV5Jdblq2pwVL8GUT3VCELmj4Et4GK7/A2KyXIpOpakE6yRMWlPIN5wS5TfuTgbGD5uYhMyXRZokjek1SOxP0ThuGOHhF6yy2iUW/2cp+xO31IbelXejNgjZexH/Edhd2l+BeTsbN4zc1opJGhYl0sS7s4qiUItN/RGEfbD0SLlIVHqiDuhKFuXLNbGP6HAOcjthXNEGT2raL1tSwvA+4NYGLZRRvdE0LgsMLJaTUGyRPmX+4Gkw8Xn7R80kyJ3kQkguQTSSBt0gboNi0YHuXNy2QDl2IfNboQfKdLf7kbpK7CfCj2hdFuhCELUhUnoSci2VnE2Uhyb3aL6LUXkS2FBOB7i5EqyiGWo3Rel4JwWIq9KQkJHcT3qhCjcnhwRRvgT+ZDkhElYSxSPMj2yzyiwt0KsdfAhugSrCJFNi1yHJb/E6L1tWyzQu79UIT2fud363HQ1gW4t1BzJUglJCMqFBNEPRaomW/AQv7DNietic2OyZPYk2RA2xHrSUNuMGQXHuI9s+aLPpJvCpLcWwS02JECT2ZdrtXkGW68ie8n9J3O3tT0O40RliR3aT4GRmg1hDeEJOTYoJESRWSCw7RkbvRBCUWitCGwmLn2H8ySawmdzO0E0JGONtkzLryeyfJDRAmm5ap0LU3tQSyJhaFRjpYuLEeQXa7VX+kUCkaJ3VSXI2flC5o95yZ0GukhBIQN4Q8urdJGskicN4uRYbID7CUJwJDHY3yKcCPkWJSWlnk9ou9C5mRR3IbwpGtmPkPhnIPhj4ZyHZncdwhcD2HKEtukhMSUSSmSFh7zpnNOTHvWBMT2o5wRumdjsf0j5GySCbUTqaSkRiYEygnaxrRF3SBtpHsoFDbgjJPqpPr1MuVSue0NOzGoBNwwcqKGBtI4CDlB3uiCFoWiNE0Tms+YQ6IROrb8ltvaOLx6CpFIpO52HK9ht4O6+TsqNqDdiYlikaWOSF5IyF2O4hHaS9jbTvku3KPE1cyGS9kVyWfcsz150l3LRUfJO4+R8sfLOTObOYW9yCNyd+ihEDwUj3ge6GEiB2ZDou4tcrMT/AKJz7nYYbeoS49iNkI7fka3T9P0Lsvcng8KcNCQhMQqXoz2F4HsOck4oe55epCbVhyTLMi5cWuWQgmhlPalnRQhciq9ukhZFSEStYadySjyPpcnIcVXybmdxjbvQfdeVAzgcL5O8C5RkaEUOnKFZo7jHNxEjzV0Tx94J2sJlkZSZwE23FwCxBYh8EJEDkjISRbNUZkaZ2Hww68c5ye1FwESoOwdD2HRsSJrGmBiKwJLhS3PSvkXJ2J2oqdh7JmUwu7S+9Ctsv65OX0j7Gb/cC4fzUp7BhJYmItY7oyPVW3c4V2ImXqLCcsbyoEzggY1/RXuSdi6ESIlkUmVLGXLE3oSzEQhIsx/9k5IOCOIlNCVU4M4yeVPcfYfAtsVWmDgmrGXrK6OZ94he7hHsY1b9pB90f9UsciGxvX9Uhf8AR+T+7+5sh4/UdvwkvwKKcs/kfZ5N6/FjH7hDnND9/cXC+7FyKDh7kSJqPAb25G92LNIhYo13FtIxAfkfIm0k7UQ9Ckb/AKVMs3pY8uCQQNHM5DkFC0E2TGdx3MjuGLbDiOEbZ7iez3O6JpBNFok4oxAidGa8EL2J+Bb5MfoJ/HcT7U+V/kfNhv70QXPydxjHTgLZehSdj0fcctLxP2IT5+hfdng7jan6Btq8s5x4G3+RGXPl0sZDZSBXNGCiWWbGbYMiIcmaZuGIOQnwWGt4HvetiFSWkQox7EpiTgOwWhzOPjWxjORyfuJ+4T9ggf6ou1+n+xcyN6e5z80bmHyk9B9y9BzsDgom+CGo7kL3v7F/eD+ceFveSy2jhWXsrao2I2+RMxRtwlJuh5dffcT46v52RtM8w+F+Rv5lS+4yQXCt8IXd3Eo4jkjxBe4lsSLCfsRv8iJEXokYGfoePljf9B/9DePUXL9yMN/czDtMP2Y39YnsNEDSE3KYeNUX1IjsStOdiSE7JNURc4U8DA2h8C5O5yoTYTcJsx9J6ZTE6ULhXY5pPLd/OI6ODOyE9VjMnH9iPkfMD8IQmVXhS+6F3eXNX2f2H/pcbZkbPJ39sjb/AAfyxrZ4593c/MRMEvli3z3FyPYnL9rCpYbDfHHvgyi9X5FXbO7/AGfBj8N+f0IsveX8I3p4ovuSz9v1JQYOVvwzh+zfzfcJ34FifCXChLJ/uhbPm5+vgbKO37D3QpDl5Il1SXcCYv4OYljayEzGTVp75vcxLYgvNjN5cCdsPoLg4I4mBEq53HzV4ibarob6pheEk/mK2WXqzE+Yei2/I6FnGD0QjN+obzjjYuyj2Xu7CwF2Sf4+Qzh/3fj9z2hSX2T8juO9n5Y8l2F+TA1k4fPuerGibRI90dg90O37yJiiRzRJLZshL0uLt6vcyeuynl4J3ph8rvgVoH3d2/yX2HshkEZ14GMA8qCTQ/2/2PISNMp7MZJhOy3Df2JXLwd/YeFn4Y2HHZjLdDuSTd7asOSFu7ul6JE2PkrBJFxRQ8roTx0ZRdG+hMY2bc1gVauQ9uc+kn9P+/4ESLh4+sXfq6b7Ldl0ws7F5ayLk3+jf7JEsXo+Z/g9wi/pkZR5+2X92KhPxfiO79kN2drDwUnPo/Ysr2X7He7ISUWd93RCEhwdk2rdwJWO+QddvgZ8mNICGVtnb8l958o/2fOlJ+7ln5GEK73DhkTkbIVZHdCRgfYJ3XDuZF+Bu+j9CumXs/ZinyO1vkGSW5X2s+w5H/Qaw9VouMXEKKqzcv4FSkN4pFHcTTdoHh9RYa7ehYvpnaTOvpZk39tL9smLf0vjF6yMkvd48bKjwUn7CfH7LPlY/a92xqlwm3pa+C+h+yzyvuhER+bm9cL0N4+Wflnf/wA9R5DxO97YLXwuA7LBXZcDY6JaMoISu2ORKf7CpJu0fcTf8Y000uTRPiJGGLvoW1jcLePwJzXhLBbk5leix8ja/q+xY8ofLNuU4+Ufwo9mMrPxhPT9EDTeExOcmZJkYsJwQu6NqkyRNJHc5tb1ti+hG+AsV+XkkSQxTpZkuwn4NvUR2QRj8JF3xn/DcsT3BvIfZBCY719/2yy652zzu8IeWOFZIdiRlu4WPcsYXCwLvcjYRnXAnONXfqaLCwRVKikhZosSoJjyiDx8GN745Le2zIFjpZUlw7otfwGMP4ZdUf2Ssqk5vRCum/AonZnFMXYLcJDJI1Q5E+arI5S4F2aHcPgfFFyIQhRokXc/gnQmoaRn+3Ey/wBP/ngYg9dfwXdFl7G7H5Sj5X4G5abXyy0WL7k3dkbKyohOmTegmeKfsJPuTkitjLaIZ7WL1j2GQuh7PZ9mMSIRbdtghP3FleaxltcJn15Qy8Ownz8Mb4GNNEM4khFOFAghiSNc0m6ybZaE8nKDOpR2NDbULkXIgktHGNPArvbuXpWcLfzScI/kgeRJ3Q3kyegl0EPKY1kPZKWpclErRKs95SxAhm0Zt2b/AAxrzLGwc919vI6Xj7M239hcDWiGtnRp6YWsmlb0IQuDe9CehNI0HZhyTpT2Mg8CdVtZGWxH5E0TFb7hsbMFSM15Yh0QidXuqzSGSSmRS5YIVVbwS772G5ehzIsJ/wBIXcHD4bF2ogz+lIK+15V2fKIg4wibKw73BKVx0G6Rpkd/sF2PUsjK9DZIJ0W1Ni7nA6pNkSNjVkOBF2TvScUiiJEtdhDfl6bUhulyI0aZRDN8I8Ft3EcGTlF+RQPhv7GQm18UCbMgU5I/IslrlxJcBdmbqi51ryMt0J41J5Hcw1hBOqT0P2UdJEKrEJIqnTuP0IJrOj5IT31WN6yj3KXJUkMeGGWuS+QSgM8PyLs+6tiIF1SCaJVcikjTh6iO5KUUIRcYm4cNmNhJGw/yFyKqsI5GE99KeaGskkVS7s96TSaLgXQkarCJwRpmliXvS9YdPRIpFif6Y0EOS8ckqgjYjybCPZ8kUiEKS1IIHgZMXeTYIOBPhGA3XJELHHJG4yWgSk0x2HNzevsM/GZI5CREmB8DQm4+Bbjb6IJobwR5N3RaJ1KiWxNdhPJBAmKrVGQzlEqlqykZIdZNeli1JYrKQ+C0+5DM1nekvsRCokrk4F2N43KTsi73FSRvMErkCyY0HZBDgS4IpW3GEk7HASzTXke82AdXCZyJ7E+BNkT7wJOExtiUJN+L0OUNkN2GwG9oJMdg3li0Y0TqSCIuTSSMa7vDrKrJchjbhXGzCJJGmV+Cb0aU1CVHYuK/3Id25KuLkwebKbr1o2JV9UbjcRxuIg2OKJ4BbInLENtU1scoPIdYfuE15syJMehIRZdxcyNYWCGOKJqVt4Eh98mLYhCIJxyNDofKL1LhJPsJvggVjkU8PkgTIgS20tsNsvuR/QLhInc9RLY4Ox2+aNVXGJENg2bCZbOCKTqwzDFmpPSZh+BbIE8ZK82yMJpafwKy3Ftc/tZOBd0LIjbPA2htMWeS5YHPdDsLL5MVjcSiLyN5VnRyWGuw+RJJWNg2RZIWiUb7i2vTBO+IOQmC4wT2EssaaXIhgl2MBvwehQVPYy1jKRhwZbUIk7iD81QuBjI7j4gjezl/AhEbjdxrsdyaTRmaGr/J6G4cRrNCdJ7BfTchSEfJD7UQLyN0qV+BQLDWKkJicHafUSpPTmGZZh+GI3pDbBqeGvkbrzBqDkkbVon1PQyeLFFrjYyRvHsHjYTxuTdsSRWdtxFwYowdxtyxI7EGGSyS1eQ4lsgzmpLm8k0Snt7oS3gdL3EoJXyCe+l7DG6JEDe1VsNE0fNbki3Q25odgawPcTNwezGg0O2gcKzHYi4Zjk9C4ppkTTl8GK7ZZkSfkxK9BNXSfkZEojwQlKEsbjdmkbJ3Gt6tQoGlGG3f3L3slu72G7vf15GrOw90G4Myw9pRuCTvEMywZEWOn7hIfgNwNDoKrnHFHqIit7GhRRsXA2SDYUMRJJhlsZDs9M0SJFVc1fJI0ShodFEujZscaHsFsggbo+eiEnkO1ljiH6KRMK7GtIrel+/6LKJO1qQSh5jLEK5vdCRtlZtcsGRNInGryohuVaJfhDxDhusKRMIjNZqkIncnueBO4qMjWUxbImTSaFyriv3ISdidyA7mhKcY5JSS8KSQcIo5GzXBBBcWxOZvRBcYWmR80nVBNjgapwN2H/wjYRwzA2Td5n70lQ7N+TJlCHGWS5IITsGO4wua+AyNJZLfsxkf0ETSI5eRHaca0eO8/cTsZBlumJi4m2prejsITFsEJhiD3EPkG4qMBtjoRp96LR2JEx0NDkV3Q0yHsiMs4qhUfSVWM7UcDJfxSG1ySNjYT2XrVqT3pJlzCdzfJ/A3gdmE5wJVZEEl3IvjLm+UJDV3eV+h5ZJul+tBGSGmB2z7H2DDfQ2UmYFA9mJsNbak3E7ieRuQJ8MXFO49kjJuLgd0jE8EsYmd25AgvKIeRo7tEqkEkiQ+53GMWuaNKwxCFrWGQcJOUTWlJKaTtdLIjMrttie5lh5JNtG1r453GqDVdf6zg/JoWWlxh7noAlgaUueZL5uHqQHtDbDbuWonm4lpk5h4STtrTGOGLsNa2tzyGz7Bt2hPCDGLggxMUjtbN6RSRjIyxUbYVy9hZKCcOjQmdqwZpKEIVIExDnFOVIhvRcGm7W3LDvMf2G5NZRYwo/rzogvK9DUZlofuhHZrZlxh/pkXKPU71QuRPQmrsQJiBt9NPYfYWzPA2r0GcXprTcbzchYSyLAzSMiaHRJJc5ot2STgfJHcQePRuQWJomWd78CewhLInhjZHkqqu/wu7LNO9s+heXl/AkoVY8/76YWVlx5yYQ3fMLEQLY07e5jujgO4QPsCWKzSDV5Nonn4XPc5QtmzjqtYcGEpOyTBBTlHcTbVFGsMWwtNkureBLuxm4JdxM4GhMgkjqpi2GNCi5zEsEM+b0WXLYod2XOq9/FtKclDsKi54ayT3v8A2Des5shQhn2G0qMJYtpkStO5akd5x6GW/i69djGmvsZfkbCDF1zbDHDF2GuhAxGRbDbITPsbOEPgTHsPrQjmnI3texGbi3schkmqXi/H/sXpDpKp7P4aYZJsXzCxZrwFS7o39zsDiG5IIo6RbkVi5JdLyXlC/A5bZIaflL7ol+selcDHupH7CeHPXT2G7HDOwzr2vokjA2JknDQnlIW2hPrrQiDgfB3JEKVsHGZfhaMUlUl+H4F62qQwSm5TeY2FsodmZzmNyzlV7j5OSR8jsqYHuSIfBteH+CVbHlKPZv8Aci2Usoa+5OlrDNyfIt0Yn9DkQtmRV0bAWFE6x9DFJyciESy5R9qlqStFyvpk8TwQnkjJqWwmtEWGRnksJ0WTZhcCuw9/30sDaFzDHymvkxJ1+CbsS2bJ2ohUgkj6JVW40tw9yx3Umt6W6RGu41ZjJpIkSXYi3FJRM5duDJPbcV5YWPoLjRiY3JMfMjAj6cVWuenOpI4G1Gu5yJkPzWBBes/1sZ1KYeLCZEURrA3sQXLkog0TcWa3dzfdzs/0YCbnKkfsPaGRtRdLAxsJ/A2bCwafQVfA/wCZyKkkfQyJD2gN9ieaQQyxfRZFkX/5boRJlUuP0YHKTVJEE0eeC9GuGm2mku539xtxVoTv5MkPA35BraiF0YP2Ln+g4HknF6sfJ3p2QqNEjRP0LHuo9azS1JRZVwXu37MkXptSVTNRAyGkuNxovBkdqRgfiPUmym+BZuThanuGwT+DE4HtcazROj6DwbRueoXB4p2Ef0i7ieGNV7abFi/TVJ0ybVtSGXPYfklPXASmXxZ8EEcBOIL6JZFbswKZHqRZjg3W6Doe9/JsR4E8HrYTbQ10I0TkXUik62PQkImRrcvS9IIMEqVzNZIN6QHqEP3pC7WdGq30Sxdy0Qm4OcIyD16bRvGAZiYcDEyqJ0f02xC6HnUxl9Uo/ryblyHonwpDglHwQTp74NnB1guSXVHcVxOHf4GyPtsbI3dZoYxofKJ3BNtUVX0G5JGlci0w6Q0W1em/vLGHW5KLxyQy5Ri5PqMyY7i8thwXdELuSbklyUXWaFeiN39C1hidxsDC4Hs0/gyL6Xke1qPQqsY1olUsSqQyfGn8qk+BajbspIYZOf4Y5Th7JPyxbv8AibQYF6H9zYi8JImSGQSk4e6IuM6MUhztuQ7exfBYkalrI6W/WZIzSPo9wTP00kd6d6MeqSOkly7CMPgP2Jl7cL/oKjwi/Oaz40c2Eo1sQyAE/fTMJRtkolCSxYSfpY49w1n/ABki0OiEqdtEPRakp5dELaHuHpr1A/1WCB8EbuBsX8CYF5HA8KTd5g3+INQnhCgbVg4IuTdUmiG4j7ESNYgN5I1tCOP8I6s7EdjtV0gjQTGyS5diyS5Y9FuMHcvGeKYJG4K/g/tk4VvkezSfgqwmlz7nCo5MfI+R8jhp8aUPyRdb1sdidpFLhR3d/wAm427KCcKOjByJ/wCGaw5Jydx9BcfpeRk+JbL0pEeSzwhN3L2RjQlzZ+2LhBeF67iWEXEssXk4Q+DLASy5FoisCG38hzc4pYvQcufRIjeEvMk4z3IIJ6a6T+kgWnmkDG6yiyLs274Ju6KLl4SSyOF9h3VbphguWNYUuxzfb9DCz2Q7POXD4aPViyj4Yhwya2IZuiScVuQMs9hMocL8I2uXaP8AoW0+v0n/2gAIAQIDAz8h/wDsTew2w9xf4ZjbD3EJsdhj/wAE3sNsPkQmx2GdxC4F9A3scKnAa26k6EttV9T4IO3SYW9xLbWnsNsPZyPJfSE8iQQpfRb7C6pOzUm/tGrPoJEIjVNO/SR9DkzsG18bPoIpb6B+GklvR2o5HM5nYcobfUtwvsN+U8PWmluhPQtanA5v1HgzmxOhJsP4HE/R86yRPQjX6BWnFUdV4C7HoUTysvpk5IWJzpXWizJqqBZ9BakkEW+lwDeaTKeGTIs+kbNncS7i4I+iaglUTKMrJZ9BiixIrFot1YJoyKeZGSThlnWjY8CaRpj6VqTKcLBZ10xXJerYmqYnsdxBHSTHtelhZ9cu4YaarE6IJpfW2JtWGSJvI7Cx8+mluJYvQmkRqtqYbVJ1wJ0inyER6T5ksW1wJDfYb0otpt1opJNJ0J9BL51IcCcN+tbpxWCBk0il1SxlVoY2NsyOlGmSOjAmurPqoxjGhEOD2HweOjbH0a5HgpI2jXCJGhj40oQhcHA4UIXNL6Z6bAu4zdfA2BszXA2fZoT2w9VvOhvosY9EkdWbI3BpSJBQNad6t/R/8ouk50QyUdz0DLkjQpJ8UjpR0Ysuou5qjzmxlcXrNL/SRJT1IhrcMunotpnfrpCerAtpg5VKaewmsEE9F1Wq/VhNCa6mDErcXgbchbrchL0DUe78EvzdWXR/R36t0YIeR6SE2TbJzn9BqhS0eGO6kOxJDIm/Hui/3HsjdROj+iv1pQlsIiXCQ1r7ez88DuZzFqcMOw4NHov2O5s3y3Ikz7L2LUSO5I1en0U9awmyrF/I3Cy+5ZnKJ/hdi5NruhH0xOH4HrF8J/IsEsTHkmTcRd9MVfXjr3ijMr+tx0uyz/pIZzDyLBtRnV3YbkjpsjuNz8hZSP7/AE8IXN9jJ6lLJnXP0EvqTWGiXjR8tfAjVHXhfQzo+esk5IdIrf8AwU0t8vRaepK03nryyfoJ0fJ6JlCuXqTn/D2Pm9IYsEOC+iP8FJf5MrgTD7EYo8DMMw9cP/A4F6kZPy4LjTRh40UP9E/4XPDgS2UEjmgh5G6lLG+qGT0//9oACAEDEwM/IerIqL/6mgh/4ZCVGN7/AOFXNHYY+aKr+hXIhCELnqQGPnqLkZ36SQx86+4m5yJ4fQt1GsDYY4XRSG+rGLH+xOq2mdTVO3ST9C8fYWPtpt9LBOhvYZ3FRwoQ+RrbVF8iPdZWi2mfr0zjS09xfIln3rbRJHQnXAxz9AhHjRc2ea2+jjBLuR9Hxocy9KWf0UUnqz0FkJYputiCZd9Ij2G6T0JL9GSHRqeNi76BxS9Jz9DJFZ0EoXE9XuLoSc/SSYF3XY+hGiBk9CatHNLi/XNiWSNcaJIfRSyxt6yqNegri58Om2N5F0V9SC5ER0HuITIMjJHwJW3W3Z0GxISox8FqX03600ZFIpmqfRqbGNOSNC+mik0jRZ0vWhMXIkJuielOmOmyKLpWoqEJjOZOQXJ9TFJHwLcT36ECYjvpYxjGMY620x09+XwhsJUF3f3iX+UNL5Wq+iOihC1LqJR4WQlWwkDOSSNaX0r6M5ONEolCGWJ0NRHUnoz1Htqldbb6VHUmNVpDktovpjbryR1ZWqwlEMg+xGiSPr7aGoaTe77CLzeLiY/4I5uBp3u5LkvsnAyZEm4s7PAhOHWKKvb6C3XbUpTGew80iy0iA3WDhJ+XckHcm3hN/wC18jtve9FiDLW4nDeUM5tyOPb9DjE2FvVFFR/QW61yOFyiOCKOd1gae6XKxIKaNwJVbep6GKQlhEt7ZIZyzsyhNCcxn/DXGo0W/DbKfYvMv6GEalD8sbY0lOLosnO5Siyv45YyQaadrz4MUZ7xb9BfXyNEOO5dZ578jUqYTyqylSJE9VOGPhr6exIit9bLGuPoIXXlMjRfWPpp+hjRdrmtv8DavwWiUP6WPo70+Ojccwyf8R8dEpjwEf4i6HghvNhO4lhEPXK/wKyE19hLCIE3PI2BMIj/AAlyLIbIkgbGxm2hvOqSOn//xAArEAACAQMDAwQCAwEBAQAAAAAAAREhMUEQUWFxgZEgobHwwdEw4fFgQFD/2gAIAQEAAz8Q9NfRBOlCv8kaQhK5NheYssSshsbyL/gZ9FP5Y0erORL/AIGv/nIj/hK+mulRX/ma6VFf+Ur6Ka0K/wDHv0QP10f/ACRLjEj1fop/ypk+iulP+MJXaQtuM5P7IX3qcfxNE6Vf8Osi7lidyX2jOdWS09Bd7bgvL7yXG/kjSr/gl5F3PzrRPypSj0I/MC+5cb9Nhn0Ul79tWkqok2nLTNZp+qCr/wC6vIhfyi2j7k0/kTSfwZvdl5i4Pv6J5Pahi+aHERlR9wsrsLort6LqDWoXQ5hRbgsaqv8A66CyoxhTnwB8N2Eky9h+Pdn50XGff0exDM+X0P74U+2jNeT50fAAlkLbTj+BMTGwPgZMkaq//RSu0i0O5c8xjE3YCn3r/Qx+0v2XP4DubfXVuybLp7DkqjcgaukReahFljmpZfYWhdhCFsLY2CWBbCEL+Fj9FX/z1FZsSSqPuHTm+CSPMfGD5U9F5di89xE+4iZi53BNEdhLIhulFLEaL0z6Yuy4ruXpfy1FH8SIFur5FFsbI/cqe595HqxZ+5MQe0X7s+KKM3ewy7qZeaKcxz3G9B1IbzwET3QsI+//AJY6DF7GklGvtoj5FTTP6JbPqZZSwq7DtGlVE4EbB9R3QppOqQ2blxEKlBndGguUe4vs6FG0bjcg/wCU1fwGnwDk3ZUnZf6yuU5DD8w+WO7PkXg/4XuLZi2ejGT6uSBQ9qiFM7xCE+PmPD/xeJnhRdYMQYoTwKKJD0SEyRCWNZ0SuRuYJsew4NNOwbbsDn4I9/4DcmPq5G+hLRE0ME1R2VJAldxU6H1V9dRR6EtBFdtwkTRLFjrZ4klnWPkv+Ccx5blj39GQUWNBvm8bnuNYYhaGs9EWGMTYspwMXB7/ACVxuj5Ekppp5X8/gZHQRCUJdRJatiPWsiTPwAlZXLPyhopChFVVRcAKUhog30ESUphctlt2SUMe1i+bJZAAkND9VfXUe7RxJV23CRYH2H+R7+zFF+R3PWBBuwv0FlImBMNeBbCeDYja8HELKJl9htQWaCy0fRnvh12ZC6XFj6MTUpyt1/LV0I6IpKCm4uVpE8erA9w0gpKMUbrIpKkY9tIExtmSEJvYVYELCwNxNSwJ1VIqqB7F2Ka0aRVU7nxIVooIi8bV9SvroxKrcJFFn6NydPbfwIm/oN0RccC3rqMf8b3N6lyTwVpxsMMkEj1WhzvMoF03usr+So8EgpDzOw5BxjYRE0OgNtRUhToVyu4ujQtKCgyNZ2GaTsJqSsvyLvCIlQnKIcVX0mxKElBdxOoRtpCGuSuG3uJdT6q+qBxZRuI9cB55NesW8tz6XcYel/xvSdHmLhBXje2BuDe6OEZLQxlNl5dUNNex0E2r/FV0PF0ErYRSsEISgoJl9FRIaUrFMyhCKacCMmGW3HVP5QtSuRE2Gb3Y2TZlxiY2RlQvBuGRmBWBpEP+NLZCWWZ7Z44DdsbKtty2xoDfUYXqMehj0MY/4ZG1NFX4RlmBWCjTQwKlFaXddRKZKf8ADUQ/3c8xT3dCyvyKwVNCFZoRJo0JUHUpyCKlSBLApqi1croX0ECSmCRLBDpIi7ovNrqSoonZolkixiiUNjmfVX0JkctkGEG7H/Ubrqitx+iRsEXYuWU/vjYTI0PqC6tL+ay7msf5jsp9JnI+q7k9yL9ofDeo+QssJ2Yx+hrRmuoKroYlF3wJPLYEGSn/AAUZH3zoVIuBEoDJshLACVcdbBOxvjRaSORjLmxDpCpJNmilaCVhtFRi0JaURoxIqQ1UdUMqyL/wpGiUWQ5I9Q+WRrBU6Zgrxb3vogc0QdQ2Pqitj2PpE3X6HLkM4RR0jZz8uWQihsqL2/jRBX9yCbuF7bCr9OwH9Bj/AGOlJrDUhMj0uwukuDTis0IREw2JE1n10Pp3PKN7QSUhHKBDrtIPIobi3gaFg5GIIat0SAGbQqEgqFFQk6GKlKj5QyQLijbom6iE5Eo2Jo/4avUbhcDjaXxJ+yNJIE5QbN+JSqlIxtjxYdLTkhkvfpsJKFRbKi/8ad1I4mTwUHdVPpXRfydftqelYLNCPRAluD/wQkIANMjFQr66H07nnKHAsGKomkCKIUmWxNMJVSRSWQxjGhzUYkmSti483MrRJUUoZR/IirvwViQa8ewtI40O5MQrCaF/CRVGNuqUlDd1GqC6bhBVQVpEJtf/ANLd3ySe5v8A98/IfdcO/tDJI1gRDoWEg2ih1G82V9VBd/8AJHWJQXao3yEI5JD4c7EkBBEJaMaGJCKoIjbjYdAlsLGktEgNb2Eqx7aCsRQkbCBtKJ/geCQe63+hjGbpsnA8OJR/AR1OEVHJTBFURVpVmQq5KNj02VuJMmfVP/kvS5ImSLNNR9rMpkNohr0QKRqmaXgcVY9Udd8kQ7lAmNRwyq0WAsC6IbSSNXA0JNJzCVzISsMholCMEsgS0UtCf4Co5Jtz7BO5tRYTZEyX4bvTgD78IZAmwVgpwI9LqTSiKDcamUEmmdifTJH/AI5GF0rIS5Ww0EaQQ5JwzKHJnJIJbhPpfe/JHWKETRXIy16DQ36GidJRIFSoMqFKiWlGinSVBMkrWHT02KQv5AmTzUb4McpJ2aEhARp2eFpQiaMqf5gVT5THvLaSPQG1VFnHkhh+5SqRTJO3pWkCbjRf+BRShpJTH3iYFTODTUNPn0FSuYZljMkUUcUMiRNWfo8o8hHQINg1gX6CFqhbiZEHYzcmhI2NkEohfSGStHuMnBTL9Kwln57DczlvTiisqTTCTW+qdyDaoz+iEjdYXiSI+a0CrqT+yeD4oDU3C+gJkb3WzFUQuVRFyBGhbUgpliJEmSHAT/mwINRUR7GRh9MFen+GsMTzRwYGVENEuoUP0QB50eIkS/lr6IGh6wVE1IkU0VL3obkJGINS+hv31qEqFiE0ppORn4JITYmHJSjhlDxZahoTKujwe0Abref2Qq8ryjraQlQ7id1c4hhiCWVcmE7kCiNCdmT/AAvc5FnaySSGO10X8jTVHebG9C7CXJUnTYBEpLNTq5uB5UeIjRMb0MZuLSpsSqMYxjWhMTEK6C8MONIGmRq3RqfTIbloqKSuwiI4Uk+iOR1UdShV3G/3AzH3FsjtZ9hujuqg2+AcxAt6CuXBLqhsywJ7XIXgtUTKiFQIlXEmIG0itP8ACldpEZdFW+w8uTyIjLgnSGSOUiolG5oa+MR10J9L0I6ENFvoXpSG0QtIIGPSMD0D20GxYEbIQ5aW/Z1ETQ3kpYw0JkivgVHUYmslYbji5dBoEociR/05GwDkCMYbciMmOQ7lOKkWPYzdUFhD0ahdoY1VIsXRUSjZmQiqVC0oMx0ulANG0YYmItPcKr0k5IlJ3Y+X2qIqyPrLG255GKXcd3EIPchpFSWrpYUE1ZqdJNPVRHQ9c50J6ESQRojOiI0PQbyPIarUimF7dAbqVM9hvrWKzgdWu6vvoud7hX2P8gw2QZsAsKhO2erlQHItJtHV+h1ptGbquSioo3aEaiFZQoqSqBEkjMkhwFZbDrOw4RCuIJm4QJXG4TE1RiyRbK6pClvuShYyRar3HdL6iCJbECqZYisJIGFORs/BUQUCbaiSuxrTBWTdRISyQu2u7EeLRjJ0SHokNkfIqjJsTdCihu9F6G49BbECOUWoM5lMXy1VrBbp7k6GlWS7k7NIHAJgVod9G9Fo11hMoukcKSRMemSRYE2ZujAnJMNiTD94R+40q5GWQBpCXVliJjoWiUhO2QmUjpkbQkBlRxkqlMtYTSu8rQJ7NRo0oUvKGt+bMMmhqxSYYlCZdHgJW6w+Cdd4xPTQi0JCEOBPBA9SQhDsHwMTN4sMeRuIGMNYY2zEujH6KZkgTpVITQkI06QOCBsZqjgd3YlJDTtQ5QK0LiR7PJdFcTuONyU5FAxAoJpvGjVhVm8dRkTVy5DUmyDoVZYShbxZQxs2JqNIZUcMCVL0SNOqY9gMiSW9zMQdVGVkWnqIIMonSr8vgjqob6KGtedGh7nOjBLOkHIhhCEHsh7uDJOib0uIjsEKBOw99H20QgkKVye+lSe4UMko6koJITwCS+lmCv7AlKkyS8nMdx4n2IrHtDLph8pv4Nmu1C+nHleS02vdDWRipwXROzFaREAiaqrEHUrQipZEAnvHhJZSKVoiodCVNyX2A4UNlB9xpV9Depgew3Zdy+BTMSuNiSzhyJ3KZ9Wx5EPsk6ojRG4WrHoxv0ErE5FnQtGZA9SJlw5To3pRR39Fcg1p7lOlEWMbVFQQXFUl3ky9jFGCWQpUEE2k+pxR/sdfLQiqz7yXm9xbT4+TNtyheOfDGtxog6DLiMbDTkaIcFBuyKJIoKwuMSbqTElDBORdR3Dq1EVvTCdVW58ihIbDYOuW6CTpXlzYr/CMKWZR5kW9kMkYrnAtwWw9CZgE7B6EL0QN6N6JC21gcZFmOqkCqzH2/wBH6TENKFEhf2mE+4fyJFHgV/kUy72HcLpoSd6kJTkwX1M1dFfyxrVLwjJS5E/yZjdnuMJD6I8pItq+huE9I0iEUVsSiXcgNkqjxQzZZG4HYSMEtw9hSQkof5RYuv7n7D9HNgaC0k9PkUyqR8EMJX3KR9sejJ0ew2BtDyJYEsCFsbLSBvRv1WRngV6yqXTYxRCUlZlLZl4IqvXQhBFEtyNp9n9C/YF+BbHQPf3G+y5Fj4Yso+bFigOTgkUQIpFDLbwU62V/L2F5JiHk2A+77kCd+dEaqkCGw+Q2GiEp30b9E1gd1RJwQRQsjdP3g2X3uLImqCGkLliUlbWJCRZtD9h7HO+zFwSnRLkT5DIWnCfISN/i0jzHh1Q2hMGw40Wi04Gw/SnI9yRtuTDQQIIIiJ0yUiVbEng5H22W9GukIkUU+CiPgJUp4IoY7kjOJCZd7GwJqjTJExEvI09BqpWbIRRDaVHEiqCZMPAQyTFNEYHgcXG3L1Bl0J2QwPInWZFto5ElRMk1szQbRGm0BU2HpVHl17iBljqTySNiZPvrjfR6NcJ6a1nVuILVsb0j0L0OqEbYg0lo2wM6wTfedm/g5z5HpV0nRWtRnLomIUELsxlesm/RNldC/RmSSLsfLSUp2i35CdCqOotclTE1QiOkoIJNKElLGoJ1QndCOES4RxJwzYdUCVkOYI/CwT9Ah2RAqGntV/RGIdVvI2vIQsu4SOa+4ycAZTRAhPXBycbtNBSZBiPtVPDJUvILtIS9MZ0Y9HsP13xjKqBIbyWkMBIydFOo3pbks7HEP9htm7b8ldakaoFSUUqDlMQc9IYQtRhISqS5D2b6ieGxheSIp+BJHkKyj3GXVH6ERHdD8E/gJgKyO7JGgcQQSbGiDJiMFUQMtysudyRWsO5+hUQhcMjyge8QVx4dSOGOEEqtHwFTTsZiVhwSEzeoiVBZuPEjeSBM2TxCEcSX+lRN1dEiaUar0olqhMC2OCcacDKDBBWrLJqs6NjYbCCHqJve4p1PubaFda+knBHVe4dIiHxBUSc8UIqeWL4DRGF2FijCnT9FxXlMJfdmzdQVE33qKY+BUnbwp8lYPc4PbTJrRoCQ6OCYUFBAuo2pTv8AsupEtCSuYQZCoKoiNiJ3gUqUDaiaiQI2HAOzkJ2voQ2DsM1+pEFnB1dkHKeHyR0BPX+RaQoe4ydAtpLp0F5XY/qE49oTkE/UL+o/oDV5ug5/AP8AoNo4sxJCyIshsjRoej2IutcwCYz1Llpyy9FdaEEkEDhSnPFSC9xfsRWPsLYSyzdJfRfh3Jb91+iFG+Jh3glh2Iy/AnZNDcfWpSuNh4KBOkcCipkVyIsicDkpUTY+w1wSOjMwNsigdAQmrlZ3HSkFFLYhRCFc0LcS9B5+HoGvkNv2J3sIT6E1/UC7KIqsEeTDJ7BR10kBCnLIJdOxCkQ1KYSgiCFLo/ZlypC0rwNsSUykxkBECWBG7V6mSIOhDru0bsRPrA5SVoTS1pTShKpdo+D9YFT5RsExVVEskriV2n3FZD3Gyw8fUWPFJObsnyhp+4oHs35IiVPA7s9yhI+U/JW34HCg3/goOBkJV9FN1Mx0C7oQ2JsBGU5ioamweBVKRwfSB8/kaRikdR3hGOXc2ZBrC5IQEO3+4hPCJTIfMT0igXZEtQ5fkwbyO5vI2S7ifuP7Q/7jBQ1/MJc+oSQqEAnllKzGNnOkDZuyFzcIUDObFXVMsPZlBC3JXlM7DNyYXE9xJ0UerEdypMjADyy7yIq197FhGXh7P3kwAl+IZ0S+B5ZcqPkfIo/L8GbZx+yJzV7aDwyFQpkrQ3KklFHGk2UOKOGKoTRR+RpWeR8DAmYUh7vcwSPiPczz7C/oDRH1VFgBK9VaUB0odMIELcnlkVXqkzkgU1Ik7jWQ3Cdjk3jIgTJ0WiHhjBdI3RCZKQmwGcI3BD2+b+CuipZ0ZQ/aIVzqoNy9x5fsx7Iuxue6F/o3Sfee4riHcnuqhKyn1S/Q11nwPg+rCTqEKBQYFWYqlOB9p2ymo9ieRQIeG8jxDDhJg1hYIsGRvDFdGu6g3cdpE2PpIXEOXJFL4PmCJ4EAnRZXHKmcmJFFu+moxBvgSLVL5nFSUKuBJEC0BFMngWj8It09w7DcCSJinWRP7MZoPYzJkWGy7CLaEhLRwVJHoujYkUQIEpKJwQO5+inorotgSKGSHYhOD6Yk6STl7l6HkhU3EHuQi79NxPgETN9lwhRfXYWr7n7G++8Dv9wJVnagmBn2DFFiIWZGhn0B3QTUbIqvZfxW7iDk4SGUzDCqJTBQv1M0dGOl+5gXIfuK28ixCIuginX2EUhpciOT8kS0S1wT7CIK2Sv0SUfL4KoXTREJQVmXkhDRhNQ0SDXGR0quwzCHECRB/cQrY72SIrHsOsnoM32hC3N3pQbohKokiBKrXoikFTr6Keiomgcv3TOl6ydhPxjMe1X8hLjriW3ffynZPZ+QzdADc+ioLnkIbVk2Kd/0Qt46P2KyW1mpiKzML8jXT3Hf1fCIKUcfIjd8QL1bVEraXrQSyJ0VMIdsoJklh1QQpXIqFhSkrsLrHsFOQ7xPu5x7P0TijqirQHnQldC2cdxo+Hcdn2CtBAo2Cr3aQW9uEFZb4JNbC4TEz8ifsEDLLkhNmfmhknk/QPwIa7TsYC6jKeVDW86HVH9y14BV9gL+xCyELQSENhvRCKhwYRNglqoNjuwu7sj7HGPnN/d/zKbdfLEOlj9WWjMvuUpQFLmJwbvcluJqib6H0oSVVt+AJku7J9yfsQu3S/g9ykn0kfcY0w15As9AX5UKfvX2TEc9p38kUQ9YfJCPKfyN0TT6IdAh3CeQ5GsFAOSyhkIoJXUhKDcdTDdBQNBs2kuGxlOBcqn5oLgiw26Dck+wtw3kNJXZQdG5FpF5aQ9rhiaNVBqTaWsCWZ2F/sbjuLkWWM4k2sQRTTke49x7m43G4SzeWLj7y35JZX5FsLE+o+RMLDzIyvT+pu9gaz8fvSR+QP1pVU8qHdPKIg1WXsQSsK7ELZSt6FMz6nj5gJ4b+LhT0VHg8VEyyCUxtyAG8KWMpU7Dvd8CyOX/AF7lrnE8EwqLt/dm+AnvRD2UXmm3VfvobPJQlntEkKStnTzYVCJdxExXNxPF+iZQT4vMGSLu+JFs2yFxk6Db7CTQnYh60mjyMqrsDDLmQtkcQEc8LJfKFRG3VHlF8DpR8MZW/oQFTtvDR/gVjDLyh5QVdtxtC8qaeC4QlpVErR87LsK1/gUU2Kka7p5HpTwNxQJ0TfIhQCDYQI7zY4zE2etD9EJh+PVyPce49zcPTjSNwXNKIl/C7nZVr8xdAly6t3b1p6Wcm8ggXyRcgXl+SIx2j9aL3bFR/SOBFS7dwfC7E7CMG7o8uEIpadG/wWXzaaT+R/Nz8E/AfThqPq9BVXOk+6+Be92nHuN8eveckpaeSWT+COpyy51N0PYu8SxRE+CpSTVZhR1sd2RSndO708IpBZm+znwCvq+F+UOsg/sgb7dcjcQXpSZ+unyC/uvYjaLLfaNxqUuHke0i2n2HKEbT7+lAVvCPZT4Ewcq3lF9BRKHa1jSMMxesNehmCDAS5Q9t6FwMJK/7mAhIRKgEtNR2DYqFwMl+pbIe6eBy2RVpsgbVFgYCGDZoMqw1hnI9YgUs38FF6FNJkeS/sM+8P6bPpCJ90GIJv7OF8DqPZ/p8i46C0QouQ18B7jzogHiMvi+TZfdvD3yDPz39s09r/dkJ2+B1dbvEHL8hdcDpNxwTpeT3dl7sRFTilvrcKKd7vyLgsqpuoJTUtgCoR5XbfsoqG2lT9rvdkCs/0+0B0snN5QjRWB2iCSllonwvgq9VBJ9G2/UHUzB/biT3yZX+8k314ThZi3H4MHVofiRKGG6DLPpUVZ9hBBsaVfIkoW4Kq4gllY0ayOq2xNWPJpMiC4OVZsaYIIIXHaOnXdDSQq7Mp9YJlv4iovUhQ6FY9cwokTlhqkc0fnSrpUZO8QL68ZvdmkqoQkY25R9ANs+yZtgw8N+xuehHTc2N+nX4Qn7rK8g8ANfsn3FZ+z17lBdD81xsOb7diebuebfElMr9JFVOyQJ6CUEVCoYuRJWoQSf6SMselyer2/oe52/a2Ry0MjJe8uSta90N9FcQvNB9lPwLNoQHH1s4Sl7EgZyfzPnkhku6FirWf0g6XJ9iqFGRENraf9GYcV/b5EU9I0v8iHJq/EJ+xAA/sb9HJ9eXp9xADzQQJLeknUIJCWVFpkW0fSJlQyu1LEtHZDzUQbGwtlCSUJ0ZWoFPsBEsn/AU9KYtxSqKYhjQx0uDmpRSbyvwEK6uykOwRiK8D8vfB79C7Fjolo6HNwKISvHiwkLsFvj/AGahUxwPaEUd+vuRfgPp2lHwhjaThAsrndE7X+AyWnZYXRWLR0u3RLuNieOheru+xRwVP2X5KFDi4m9gLtlZYEGlBJwN2JVENCf4hFGBXbd8cnRk9lDyNhJqN4qMXy6+RKJrpCHbIZM4ERD7Ay4Bm7m2H+h2BDdy2O58fSFzAWfTxYU3tP5M/uWgrwsb8Pfj3kchTr94JDpWFigqHwMkkYejPZjpDJscB3JIVByQWDfA7oVmiodRlJxghwT3wJ2r6ZQnRjGM5IbUhC4E1KNx56K7Pa1PZhDaXVvLGEJzQeiTysJlBJKz4v8ALoMCchDovgFkuX6ssTTno7F3QEXpmFU+W+QpU832zv8AUUppJbxBDKplzyVHX9Clo8CfsRFWX6G6bu2I3ZcySSRJOgkxQTPrmyJmfdgrzo01gSyKLySvfSGiXchpvhj4za92SCW4YnNlQQaE2ESgrpsGl3RPq/s4GENGHp90527FxIgW3pdj7NfI1ZwP6GJtGBWvyDrS0SujGleIMlLtoZD7loZQh3CE6wLOgKh00QUkkrvyBqJP2E7OdXVdDJhK8oYbkbtEhXV2FrrOzosjaW5ejZuWY/c7Oy+dhzi2j2SgncH1rY4MV8FHSwp5Dw+4v2FXVYRCcT+BEwulfqZcchT94xtiITg3SInWFisLjbCKib5BjliT1KQNmXhLwShXSxXwytbH3IR7l+UQ2solFSRqSFoSnRucRj9WOvTk6LVvWegAQ6Z/QE+iA2AygVRWsq7YyiW0ncQIJ1ggYk2CHF8vRZSRdH9xHK2eu+iaYlE7vJv+TcJ01K6Twldk0o9z66SxIjgmgXJ2XfoaVf8A6F2JupNKTkicL2A6aupKFRlWPiQ6aiHjQk+ESQrjLSYSJ1laJjEHCInvy+DcKF0Kk9BDIidglI0qcSdspXQmexWwxQMtKV+PclzhvW2PheSptafg/uzHYHnoYOtpfIj9kv5Bs77QQu6tzyOl+RxD5RT3WkoSXPSMmNE9IG1BsQhjFffczGASyn6tlFsxJwkvYSUckemvWegtJSQuOUoS7dhLH7Ow3qxPI3+qC4a5F4zNEJereiq7CSLUI4xneRnb8EG4azkfRqzckTXv5IHUhkHpCQ6ogEnpATHHtT/gqSmXboEhWSYSKtnYn5CT6TnP5yo7Ibg67vQpVRX/ALJwY53gkxFC2OtNFblwORaW1Qeda3ItoxoT9CWHUfdQoPoepUImVKfcNXDcSSnOvPppXEqIo3kqvOC/kvuFhKy7EKLjZ2CWFbnIuUSuxVh8iXMKBc0EqTOhGTbI8wjdLJXKItxjJ0knnRD4PchliGypKcEvRQyEHISzdPhaS43IbyofTYxKv95IOfiCzH0J/wDEe5A4GzSH0FyV0zvdkfA9iVRV7bjkunZLM6DWXpLIFASWWUpye60WVhsjYCZGiY1pXtuKK8hdaTrAmEJ+yKDOQspIJWsDM1bhu/wKSofl/RNWNo3EpI9ieESosjFmAyQsB7kXaEXE1KoJLJmNOAnirE1GJDVNErWH0M659yHpUqYG04LbkQ9OyUvuiKEJoGpaGK+tNAibVcobbNJ9hk1cSFnYJiibP4sacNQ1cejqGhwO0yQ3ohJURUU0cDSuOyJeBtTWUogRr7iIa2HdaC1EW5GsmfqISk3hCkrtC4wbKFuJrcbUECVEMsFhBC1oJJEto4Lb0UlFfgOZ+BNWOEIcVJCsl5ehOyJtYWzFhHAniBonAhdGntPJKkvUQph9ZD0gQtF+x2ZlnolJkPQldVOglpU2T6WGlSE6oVSywdeR8n+g2HGpqtmLY9p+xUu6IUI4FydsUSKCAiyAkMjlMhaRdmNosrYp89Aq7BVKoqkkJIRXIbsGlTPTI2gzgvg4gnv1+KlDDeWnlJiomR1IVyOW64qljI0bgyGBosGcjJuiUqgkqMUaERhOrJNT+xOrZgbkaKxfki2nA9jdDE4GBJZCjZ8EXwIUMhW+48aaECR6DoMmjlzQhpk6Ya0UpeCQrp2D4EhUlkXpWqNOSj3UPsK6wwhlEQPoHQoRxbNyJexu0mIDglNCFfRcOxZfuKoiods2IG5CORnkSg6BvAk6FoNYmR0hXTxOETZpqi8EqdFZ3710h5Bsh2SB2A+o3AyzukTQJmDKFNxbgy/oPSIzhj4QaSkFJ43HuaBbYqBWoEqsdHWMibkIoJ3EkN48jSPgjMC3k6HQSNcaSRpGqv2N4eCENVJt8jWskBNGVgSyJ6JnUHuUIejnSEEw3RV3IRJ7F4nyxExSHyQoI5TqnvIhItSWhzh3M0SXU1ybIp1I3KkOYqNvx7E7uKo6WGxHR1Qg1uK7bcjsyr6hR7iqBtxybxRqQn4hkNYUFnGNkSsu48hOoi0FRG2yyaEX0MYKRTyLVi1G0A9OoLwwoTtBY3cQI4kLEw+oMbwFda82Hwkb3xcVAvxuK/16fBr8jCIZuC2NgbU9xLBFkMttBWauv4CuTfSEP9D5YsnaELnqYiHArd8jGPYHNveREskV5ZZMbCXtcsYqhjUfdyOpOC9hbjKBJ2FNsyCGYIbKwQEPYaHOBlaSXq9mKbyTZ8onZxZENsrTUdwNXfnuEFIXWUW6ib5Y96Jr6/4J8Xek0e4+qr3XsUKbipVVjg/0yw6Nv6Jk1umBHZndPsJFYy+gVDCwhYNzTuIo8BvglOD8ErGBQNCLnbFRYi+yMXEw6JoqRIqnCyzSSyLcp87R0pCtUGdiTFqTQJdJqxIrPcUCWPIiaEaBisBs9xSySoi90KpodAXZNEIJRSZtgagls32Q/wC11Y6s92ybD+udKb+YMIdxwuCRgitoMH2IsKl5sJpdYwQhJLkolTYZTkWEY/Axk5IrOgngT6QhkSuhDIfUqQI4GnNLQyBwjujp6uxTLrbmhllEukElNo4y9mh9QIl0bbex8zBVUXj8NwzLVg4bYG3E4S4FYSrcpj3U3lUZ4withTDZlMidGYbLcmjqUIperHkaAlFi6ZaIbBEJWLvgoMyZLnIDewZOduUuZEJCKoFuRiC26GT1MleRUiNRKVcgoLsuS4E4yXBtcbkKupIzv4EyGDZtfgxMWK3FbaWBnWDA5J1nudI3c8L8iVSpkvL/AAI/BD+sTuXMP37f2LEizgXMi4mYewlVCYOA7mpdZJkn61/JZN9RLGJTcDIoe6RK6vBVE7mWJUStJTRzA2GWLscYR1HPsPe25sS7sFOwnVfkpHilWTkRLRIb8JYLG8Ex6pFaLch5mETXuRRKFZ2ggGoZP/R2Aa2x1GKBJFxURhVELENddROFhcj60PsRI3N1Ep3dAyh3FphueouGoYqihXBUhHDEE1irz1LyE1RGMWhATF2VGoFMS5MWUNiT6lTwdJCW0GcwSZx0IKqFRVBYiuGndgIrowJQSSbAZW9p+jgluNcFjRKWJK3lyL6j6ITs/YYjuGthgpMjpTp0ESklWKBViiniS4+wmpJR0JQosdkG55R/gDtcmWBlCrJiiqeGUEYsIeYqqj43voVjeeApU3M73ESh5EvyXDaEQTvWwSIIwiT203R3GmqKlnwv2LNyn5FX2FrJOuzpckyxzwMVQZRBNhse+jumPIlNrIi5UfkR+Wb7Gi44Qzp8m7KFo7tKQ2Klm5iBXpC6JDqNoQto5A7hOWVA8OGmO2BSbkbYkJvZUjor0STRWL3Ycm1nCRho+UjoJSMVB2NDn27+hI9LBFuJ0XsJc+7OPcTpC8iqVOgtJMauYEG6GugoFJAjgbJERYqNXWMYlWWH+xDqLcG17nxBjTmPDSVrEr9EXMlkqpyKLXFFfJI5V2yiq7GRLUlYN4oVFdD1lMJ3LdO9hE6DwMwY71OHVhUSfgTqJLuzIqNqPVehpRX54J8hrrQvCOFzks0yk5CLsX3Grr02AmZNw+YMiZgGEovujK4wwSyilhrTtaRwolgonE+HA2n7htUZViPlgj8tb0RLZI0MvcLpH7EuLBZbG7UEubjkTkbQ9I0khQQiIMqsbHVyToqCbM3O2DCD19iVFvg9OEfBeObaTZXdpDQnQdk3S0a7NxU45Q9NNs4qfBKdnuLpblk4W5OqB4JypBUK+k6jYVMvzCVW6hf2TIfh3Ekjk3RW5jSSCg8tN9jDiq4o6qgtzJ7cIeiEQkMh4Eym+6Fxl6YLDm2PxZY7hmBwsUGkXSCkuYGplG6GRB8jJQ0yEE0RpiQZcXUkNkDbliSPZGdR8V1gtV5mRP6IXE3ybCV2hbkDiUNuo4bG2ObGnwJQMhKbFx08CdgPlPuOl0JUi3GCTYh14/Jch2McjoVEsWJE3sQSbMLOn243SSbbIRJotWxtLlKpQQkkVmFkbSSzJbC/II2H03EOF2/x/EluVw3m75FmczyT5FE6oUzATunKZ3Qi4K6Rx2ISuiYSGxRVFscnbSRI1uKzI3CVOfZEVjI9zZ7SLBHpoNIxx0HpO4vXaCXS6tLfOC/B8Iun6RcqUUH7DV7ibttS3LUOoS/Ayq5EtgxfgSqpkZWS8MTce4fHcEQoWacF26EgnVEOGJpRHUVFUQidCdkNhMbdh3Jo3KZIOHYfY3keJJBDb7VIBD0hiD5zOiCFwFUozy7YG6jbUmzV+vAqGr3JM29SrGfoSW4u+OUQXo0RhWImih+Yhl80CaQRJkxd3sZBqeBtVIIFLlHUVegx5YwlVc5O38V9DZaB2qc2FqlOZ7jt67bkRcIvFOw+ICrQsZ/ArLUS3FFYQuBbHn8CtlrwN6vchNPaTf8AARESOl20Sq30V1pBLkppIgyYEp2EjCFi7AzEhaJjKI5wfgHDKW+csanL5KTsSiVTXeH4DBOiln8EKyml7Swvy8n+gIKn3tnohok3UvSj2ISWalu5/KxQcIswrKN9GJcGRdf6Roh7Nm10VHdQzo3rGggTicio2IoX0jrhbcsoWSOcz3GyXBDukywhPvYTulb/AMklVnQ4FXQCB74aCp0GBfci/pdBJjBEHgoprpoSSMgV/wBAlqGw7jpmRxdJIq35Oc4XogSI9aJUEU0SmBtanB0FdLcsuIrP5JUh2ES3khLPZyUGkfhJfbCq1qb7bosElSxDcFSfsJEMkqQxrwKVU6ZEbBCyF3s1sGyv9l+yvj05JDSIew3R4E1SZbdh3Rbk5E8iCKg7yNpOuPo+4qwS/dX/AGo2hcBmXAuPQWD+ZPBcQtUGh3XQuKPW1cV3gekrcCUJSt7Iu95fogdXoPdiyxzUR1dc6KVYS+k6R6516rKShNnBCk9qUG+v7iqk5gXuHcItuWr6J9EU+3cVLch6FiB8Dkk5DZDLPSIiisZmcrIK6mmbJzMdjjsyEVp6q3IzcZGwmlUk3EZGaSrWpLiuy/0bcBhckIk77kC1tekuBd2F1EfIxGG+hcnUcDUbXMt+Gt5FtdFC+58lVHQ/56zRmLs0N/cbTuEabDqdEJIXuXreCrLxQVHQ/wCiarshHNPFikRBHDIuVF/NJToHl5MBOBN4dxbGOq3YnUrQcgAiCGmVLku5ZzJDxQh6cQ2konoIaKmUNghBCFnkepLgCGf2DqZLRVLuJCdh8BXh3JVVjB1jI0KqPYcmsSuBFhwTGUMXnWo28wzyJy/1Cf0BJXxgcMP9iH6LgjYQ2PoWlPZ0J5/knXgsBmIudSYnwUooNg3Ai4/cu/ch1Qg8CHYU9VCSX6J1mpwJVCbl3klRuoqVSbyCnJRPyQTLYlS8HZISJRLTO4vgiGI0uiokSdUdCliRhIRTIb4e6nhoQYmbMVpY0SGUfsp+FHVTnsNJXzoQTnCngaqtdh+zwRF/q4oj4IHtoxr0+WPss/VIuzvX+eQ2sIVC9gNqL8m410JZ+Xo8xCRgz6qfwJEqxkc+RJxMj1SBxouqnuMpSrEulJCrRKgagVRPSNS+qIyV0sxX0fN8SGZm3PAiRKbIbgyESQy8CXmV75FJVZ7GNOsQDVuPy/L3Kv4V20i5KehAngqMe2jRlB8C31/vAn6w/ui9j2YdfA/4kIEriWH0OfRGibDSgc6R6IWl3p3EnJ6RqYu7ssPwFagsE0ZSUJcFTcTEGYKLlEHjKCnD0SoINkA8JjQ3pM9SHDKXIFkJtOJCxsQlcJNssareRPQnWVFiOsxqBKQt2HxX+BNoqjZTIm17TO38oar9F1HdDqhMbGj2GtHotGj5FUTyqqMrrR7WP17iKbCdiIle48PyRuXgRs9xtMCROlNJWtfWtI3grRIjaWiy2pZM2odB3BNXnqTIdSiZZlSQko5H3cvyQ2tJSZDKyiIeURKV1GiOg3pSiaGQ6XGRVp1Iqr7C3QKFFbElKba/BZuKXkrZTfbue0HPEjsndJiTg9VhlN+CTPdzYXxQX2+dGxoY1jRjWi0fAss1sH73j2Z+Jx72Essk4c6syi3sNXbwO8Sf4DYQmVEQ/A+cEbQyCepKGn10rpX+BIayL0ehUl5YueoQ94HZgcqUSpUoaFiVBThJ9lUK0WKiGTO7SVaTIRKqZWkBgVgGi0VR0bHFyKJkxOPipFSkq4SHJLRL3KKS7tQndGU5ibFdRGwQ/Q0Zh+1HsXri6mx0MsGiTALDExq0MWtbpDguJ0fzce7yafZi5fQSj9tHD7MPs61GjnkwxbFGmImCpSURgliO0hiSvBFFq99ZEILaTZBO4h9R2JTgo9mkONypElDcoRX291CHwZKkPWG0TOYFnSqE3igNmspwNDh7kLXVT2KETU3eipZuudCKlI8NnDqfhPPglHsooz+4NetLOBBKfILsourgLrxuqr20TuhO1NB7C0a0WiSkvTgTsKx3FwRpzrJQkoykEy4ItweFcbSR01QjY3aOp36izpYEEm42sypPSgyJmST5KsfX50T0aQyKySLYMh0LqqodI+aJh7Dv72hLERuIkiRCT3IholSJC45VNs0JhncL2I5lqMTy/Z/A1rkLI8uKjPeCo3XucCasb3E9Db0GhjIwcEfyImiMCkrjVLsirpo5ORCWjEvxBOTkYlsPagstsSjmNIJRZ/aFSEmWxKrkQ/JIRJUqTrIqXHJA8tFlxuSN4h2GRRoWE3YoWCC3Q0zYSWE5gMbuetisKO1FPc7AQp/I9zlGCHyN/wAjRbZmf4LZ0AVaE2Lv5ikT0Y9o0LYWxsF/JAru+imipKohz6Fug2wmcsYnP7Y80EiasShUlIgRg7y9pI7y+DOkCBiqWExByHBGMVG4Aiv7HkB+spWUmKez9C7Robdj9hCIF6z2JWS7eUTkS9jJT+O41LU3tIx7aT/LfEXmKfsn9mP7aKDV8EaMj1L+CSCaCy7KrY1kOSOXogRyNkWGNDYXc2JdH+y5bhGYJIXTQqJIJyGr0gg2PqUFQ7wk0EExtkpb7IXyApff8CC931DsIXUJHiAvxvM8yZHBf4CIcKkrwyTGlh/JQoQijuRECaklssFE1fPQ5Tw5/Zc+XwUVeBQaErlVEOKExio5KWf0iqUfJ1LNWhfzNWZacoLP/lSxXQ8H3Qbwu8iDeZ0KcM2RN0LHyTkctKaEyTBBWdyq3Oif2aeoTmu/pZq7I+xDMv7FEXYn6ckMoiuIcEGyr6HKyJmxO5UOMH+H8GwVREDJndEKVjA5GyhrjoLptx0/RVMgz3FU8C2THkr+65I3OU+scnOk/wDw1cPYSEhiCyNUyMUb9hfcDwSKiyRe5DK6TMc7fdxP2lFS4ltUXWSuDhr2MdxEf8Cw7Io0VaEz0Lk0KxHuMqmsCki6HwY9RmMLOKU9ht9GV8MWwq+tfZ30v1G0ocSGmwVSoePxwPPvgSWG2G2ntkrhS2SGNbQkx2HCFc+2j1nTkHxA8pN6f+CP5+NJuzKgT/BnJ1DisiTuFkTZj0NlFSJ7r4JghlEKC1VkF3Yx8M4+YMGjdlFrEWZcJW00OJk8VEn2mWXcX1Xc5SflipiuCjwQDpsI/YNxpkVW8lTl5GVWZJqNi2kyQTx8EkWq4ZaUw52ZZ+VsTECVhMoKopCePBfXA2O1TyyX7zHovU7GOciwP+N+iP5kcC2ZKoyt/cazJuTuugr5FSxWn0HhBv8ADcS0T4ZFXuSiGQddUR05PjpcUlLDTpCYZPgnyS1K7PY6MG50ES9hA02c83Uqu7GWPnyOgVYHdJGyupjLoh6mkLkUsP8ABKcaoQwzcYHN8O3IWrM35688iy8kQNUDYTsUEsPCiS+g6CoaFjIetJGj1betEnQdxaQT/NM4HeMxInSVKuOYQWB1GxjDuQpJUXCTH2oXI2bJbu3VsgUZkmnAnK6XQMlVjd2K1ywhqir0PiBJGh5/sUIp3fvQ+0/WtRJVd/UWiRXflL8jORJVWVokoJoPiZCilbL8CVNV3TUCSaOCLOomudCgKmqw0JeT7LZ9QYhLcdQ3T+Cf4//aAAgBAgMDPxDqx/79E/RT9a/8NgakbKBctusf4NsJ0j5JG9zQRhBtqO9WLgX1cmJqRsohcuaBbfAfYe/5C5bYoTCSELrYmHHYLt8i7zM3t1LDcCdzEglRVlKt0bwc3sKyG2hvCLz0tmFyxAxjtqzI/Q4wnxHkZDF0Ph0IaORPknDFsTlgiyVg8dC/gd7qpsncmWesbBDW2r4UkcJOB6NDQhBLcSELMk5ettC9xOnl9yCTjqwJhY2BGS7DhrT8KJ46Q6ShpxqbxyEllRY3ptvcTefBx7zsP+R/wP8AgdwXAftk1iiGiX+QfwX+dFvqYIriHOhQSRvRiCdNxQohPdQPl9SE/vCwc0gkeXPzOUMYvYVs0bpOdMCEISTpby7J8i/sLR7x7isfoxv2rPSfd6Fh6Bnk/wABDa4pb6lqPVbTNJqr0sYY3bypBKlHI2LEUmi6Hc7XkSyr1RFRwrW6ELW5UkkQIQ3IrAiKN1gkjROhl/psKpSXVljc7O3ilbrzSJY4uTAe4/aGWBmsEaJpcgsXHWFI3SMZMryJTVO0Cit0J0MZsJXJetUoeHQJLUUkX1yW0QVD2G3F5ksatR2UEruKlC0N9F4Oxtmg8iXBAuXpCIGyJ1tUikshImqgmiJYeKYRFgt1rDQ/QBuIRlpH3Q2jE0kkglEIZBlZCX8NyMntk+JkKu5bqRlmK4wWGE277l3S5csQZkVmJIEjAUVlkIkwoyCNoFSgiZgJ7SZ+T5i3Szoi0G7HYYuhJCxml6WpvpupkSkckOkMTQiUoZYSNIew2uTFBlPag+f7kKh361kY7mJwG3bohcl0TUsuJIreQ6TrmjHBMSwxZMwWBear+RZeCEQPItT+k7CMgnuHIOW43odexkjRcXrGpuqUSY6DqQyewSW+CX7iw3Hc2hNiVK53oeViNUlyNTAlpmk0eZgEsjA2JZE8UjYkvgvSEXBYT0HH5HNrcUUHFjmeQvDwQPga1WFhDXDp21wQRlwPsb8l5vgN7t5KKQTokdRwoIT2J2FR2DcD7BqpzZyEkNo9T/j99JJy+C5/FWFuzH5w/Z6hcBSOwXFLlq4oQIi4wYlpa3G3nWF2HkPxTj3IL6myBtlbwQeF4qhSi17hYT9jIexL0K0rCeGjihBGvOm1G+xFFuwuaJ1yWpKWyEt3Gk7RIl5uRKcF/K0kENubiyuKsUnAyck1I7ipySRdnEfThjpmEJaYZ5AUvl+SHvWNK7SkZJonoQ9E0TL3GxupLwEpUtX3ifa9UJbV2fqXa4rcWbqkPgPUkYx0buOkCdeaBPC6vqolC2lSLi5C+FHsPZi/lUQW8kEhF4uBnanFL4ESJRcDUaPQnCJT6yX3JIZcYBIWXclskVjJH7Ewc4rRMQ49iSC3a/5AlVkh+S1xHiQsJ+o28nanfoSMROixd0ZIpBHkRb0iRKKTEFE2QwMOks87LCGxsLLX/PsIyBY9yX7MmU+Bo3ACbdws2o+SNkaRyLQtbptS1yW65uBiZ5IzQ15lG08JERkcoN/Qm9RA5Us8+we2llhn6sVDQ4RMrN+4sivGcMVcGQd9CYT0PUkTgdFSE5JPRPSl1wMpke5LiO5fTkX4Ke7LQFuffm7tz1kL57CVVvKk8DxR3e1KMuYhCncu4bcpG2B+LOSGPkmkiaQiarVNHoSdySSKLROqHEMWrZrbKfyMmn/psEXAfZca0oUikrtx27mIOU6u2lDcvBn/ABoq8Hx7NLOSMF46ckaEvaHcbu83czT5/vSBIW/3IdHTDICZwNbEanRDd6Z27knVRROdxrWyEqkOkvTa6N6xC1ExD2GttMDGi0urBNciGSqe591ceS5IN9iNqZZKuY0epUY1ovnQ6yR0bEMgRJPbq3Rv8KwkcXRmxcggiAnQxnfSnR+SZnIjIkQTtSKx0VoPkwrQXO90Wu47RieiH0H9TDJFy0Scbi9xRkXKEzJtEQpCJMumyPpYZAs8FDa17stv7w2B2X92XPKMm92Zd8Pcc+GRXNSejP0lqPh7+C9SB5zh8Bsl+7Jwm/BikQUwba+BabCVznQiIdLaJ6DJrJHUsSXjciIhBW7xJPI4EbyG39CMrhlZfBkdlGh0uqUS/S//2gAIAQMTAz8Q6qyGvkjt4E/94/8AyyWWjcEwpHxb/DJlo3hbIbCik5YhaEcMf1cCZQTcWwfFhxyxNyNhnIfXgTYLvJxZ3nMfCCe/TuZH7DZYbGOtnq4PcZTMJiWek3J8DYsNnWa3UCeMd0JlD6POuVRkD1yO+JohZtB56GC7OyuNC1J0gdzS7EQl9AllOV0MeR8j5F5aE9xuhN4miXiCMLWkvngdmPoOR8vK3KZyWWytN5Ek1hrQqqkMnUl78D3Ua8UwMcYOR3nD5ocPk5tGyRn9mmBvNCfPkXF/R40XlnolWwyCaJeSSNNmOXOaXuKLC46edDWc9hrNqwJWPgcMTTOzh1vMkUeBHTI6o1YrP2Lnyb+ykE9XIvUffoNCcC/klTS8vRcaLEaLaIq2SbyeRkSQsaOBnYfA6Ma6E3y4GuzrdZmuvrkl6bUU3pBsklLwtPbQtC7BcjQ9OB6jvyIGoyXIjPXzQv0J13pLjYUiEoOBgsNXkwwydEaSxAntSXEiW4lsRkTt+w2J0TLK9BfoRpRvYmqLiMZHeLwXpdDhTSNEIhikVZOjk4Q8qTTmOSUETdWdCVUJdCSdiF3TIIRd0sXdJDyEttNyRaZkh0gvVQ5RsZeSZC4qKjrOpMMtI31S5ElEQNieELtJrBBIkSpJdSFMWdzg9ws8kt4IfVyqEcwTpqPBgik0lkFogxgx5G0lWEXpshgO6c+B0obExkeQRA+Iv0sCOAd4SJkbkvSxYuWDtoTFQyQTuLAmkohjSk5uZLU0m5CC4+Ijye4j4iLg3Erltth8zYXIuRci5O5I2dgyXZgQ9nAjzJ3CW27Dh21LCy1TrhBmKI9x+KO5bxLkN5In4Um4zuOkmYENnAth3gew3lnASrcnRcsujLEydxjAkEKiSaEDl5Ij2LiT2yPyNsIJcFq95Fg9DI0rSYlUdJGqxRnlkBJOSROGNZJO5AuSaSyI9hSN6iUqU7D0t7ltj1N15MXIhc6Jo5u6quC3TPC4m5GSHkS2a8HJJO5BNZaqOTEGPkgZ3HcJucznoj41Obff2Fh8/oldHkse6PdnvY7s3C8FxtdgyGeWPggdw+aWJdd2xIxuwkFsN6U9hcI4UciNyHSKcp7I4t4OfYn+sW1SSXBOvJ5O4x0ugbQWub3ciSVuQ0TKi5GxzYwEk68aMkN0S7knA3+ztJu1RSLl7wRdrSPARYZEeHbxpNay4kthvA3p5ERg5qfkfA6wSzJnY7C6ECNLB5rKpKMIbl3JSfNUj1PkTok5Io140PyKlq8klawlSWmCNVwidXCm5Lr1R8k9qWGFSRsQX4IoqcCxWRrvXgmQnTHQ9AhukUgkfOhqEtv9rokuSx4CzUiXI+S/NEOMj8kCZOGPkaonW62LdWWL1nEsYNz9SJuCsiy9btlkRyhLpahteBbUHFqUsXCd1yLiDig4o8ad4HKwwy9hkPI8tegiw0N7jnmjuSztTg7nYgQ9N+qks/BYeYS5km0nfg3EWCUZ8x2FNKSsTbRO4Q2WzYQgvL8gk2SSGyxJa07cEj5MExPILcoiU5MfIieQ55SmxvmwgYfFF7HYLgvwdx8HOjtqbZCdaGRHSGpPYePsjz49iibyLu62I0EnfeG1nYjS7mrcuduwiEJcJQSEIrhWbfcc3yv3L/JE+BOGix2LUQ1i41oQ6dqQNnIqOktEJUWudMBy2ztlH7gS3WZChPRcL1FINUjtK5uNlsYECSXAk43JqFZM3ZkTbLFz1sXHl5pwPBo3nJYW5h9FFwRSVXgKjWhOjVFWBt6npnRZOjfylfEeolNorb1O13ApT4I7MaubkiO9xBcWlGpMnDg/5DMH9ppVJNyOlGiX7Fj3MSI07YHh/BOjJIaOUJ761R1wQdSKwOxF8sikpaDdelq70mrQ0MXgT30yIRIgnryikFiz2VYU8EQ0xNQTQoIJkcipIh+aNb0XgXOi2OhPRlySxDJIrLHfsHelqSSoZGrsKjo0dhEURSdc64LESp8VZIhNhvaHIargla+ULn3+hnVakohlj7NDXgQus+BsidEnYir0RRPtTt1J1WpJDPaGQxir/wAzP7jEIvRYVuxKXfREVI6T+jhui5b03JiONvIqEL0N1jJGhln5HTB6jaNtEE6IpAunBPVXZeRt3J2JNhzs22cYOwJlz6mBjJFIJLECRC0xp//Z', '00000000-0000-0000-0000-000000000001', 0, 117, '2026-04-25 14:25:00', '2026-05-13 23:54:19', NULL);
INSERT IGNORE INTO `posts` (`id`, `title`, `content`, `image_url`, `author_id`, `is_pinned`, `view_count`, `created_at`, `updated_at`, `deleted_at`) VALUES
('de213a52-676b-42b8-9a7b-e93ff6136f07', 'test ', 'มาเด้อเล่นเกม', 'data:image/jpeg;base64,/9j/4AAQSkZJRgABAQEASABIAAD/2wCEAAQGBgkHCQkJCQkLCQoJCwsLCwsLCw0KDAsMCg0NDQ0ODg0NDQ0MEA8QDA0OEBAQEA4PEhISDxIRERIUEhQSEg4BBAUFCAYIBwgIBwkHCAcJCAgHBwgICgcIBwgHCgoJCAkJCAkKCQkJBwkJCQoKCwsKCgoICQgKCgoKCg8QDw8Pfv/CABEIAuAC4AMBIgACEQEDEQH/xADjAAABBQEBAQEAAAAAAAAAAAADAQIEBQYABwgJAQACAwEBAQAAAAAAAAAAAAABAgADBAUGBxAAAgICAgIDAQEBAQEBAAAAAgMBBAAFBhEQEgcTIBQwFRYXQBEAAgICAgMAAwEBAQAAAAAAAQIAAwQREBIFEyAGFDAVQBYSAAEDAQUGAwcDAwIFBQAAAAEAAhEhECAxQVEDEiIwQGFQcZETIzJCUoGhYrHRYMHhM3IEQ1Nw8IKQkqLxEwACAQMDAwMFAAMBAQAAAAAAAREQITEgQVEwYXGBkaFAscHR8FDh8WBw/9oACAEBAAAAAPonnGKEfDIga+lXnPV3PQ7ri9spPBEoBMEMYxiaq8vOJzVeNO7uVrRjaiMZzGJzWt5o2tRjSIFgmbhXveIasMwUGlTle5VehDWNpJWQokEEbGI3mcReTnvXlRETlRWjaxG80bWMRWo1jWs5GInMGFu3e9z47FSQIUKgcruUnK9xJ84kh7I4WNRVVqq5zu5yvXuavMVWo1iN5rWsYjW81GNaxitHzOQQ27Uj3lAzhFQcPPPd3K5yk5Zczl4fN7u4j1V7nKnPc7u7lROTmNa3kY1o05GNRrGtGisajeQQm7V7yljDUZ2ih50pGcruc5yFkJz+Vy8qPI5xFXue5/cncqpyI1GtRrR81vNYxOYNiI1qNb3MGLauIUkNvMkIGHQFVO5yOReKTlI5Xq5e57iOVXK56r3IjnJzE7kRgkaiI0Y05GtG1qI1jHcNo9uiS2Vz3NkOjRaIvInIqoqPevEIUiO5UV73Oe/icq9y9zuQaL3MaJiIiNG1EYxE5rWoLk5jG7lekQ4zWNm8KLRl7kROVqo570cYr+VFVSPc9yuVzuRHO53IxEREYMfciIxjGNanJzGta1qMY3akRvIoRyFDFojKnI1EaRHPcriPe9UVznueR3OXn8i9yv5Gt7mowTU5EawbWsRORGNazkHBy2S+jyuaiK1iKsbPSebyIg0J3Ec5zlcQj05zlIQiOXncqoruVnN5HNExvIzkaJjWonIg41bm8pkMhR1oP0cc7uRUYnczNSeexrUYiq4nKRyqplR7nOeR3K5eVzu5UVvNYicxERqINGMRrA1ubymLxOdhcnOSf+hTh01lNVjXM4OalueNrWsVXK5eKRUcVHOc8j38nEdyuXlVnd3DH3JzERg29Hq8vjcPkKOG5FbN0Gi1Wq0E70JyMhw2rMmu4OZlOVGoxF7lcrnFdyucRVI9yvVCO5VTlVvLyiGiog1i1OawOQx2frht6botjqdhrNFOVqNj2ipJkNGKIGcMOdOTkbzVRree9z3q5XPdziuXnP4iuerGqvNdzWDZDoMtkMVh6KsaQk/Teg7fc6+5kEenFaFrAVyLJNGRRk4Qs1Jf3I1vNG7uI4qq57lcpSuVHv5yvcqMa5zeXM+b4TA5WmD3Lc6K80Wmstz6tJMV68qKrY6RKyOJ0k8ViAkc0Wamdy8wLUj5XJ5WjrhFsbu6nbfYzJhCcvK9yud3Naqco/iTzaMO4v8AQXlvLsr+fJdT+ienPKVQDI+HQ1gIrKPdj6SeINGSWjHmJqtVG0XknleGrYzU5Fbz3ntr7eeo+sX6criOfyNRyJ3C+Hcb6DfbSbIe85pswyUWo9NOWRBgi8upySSaIfV++Z0o8ASNmsAzLzHozzLwbyqGxyDDHag2qZZEyQSTbese/wDoZHuV/Na7k5UF8PUfrUzUTOjzZ8uRJlrFkXwjSJlvnfIg2ZeZC0sX0RGy5NYLmzUipl5S+QfOeJjhZGj8U3OVz0RrUbHl28qf6x9GehucTuRUYvKP4lo/bJs7JY9voO+nzJNk+vm3M7RQs1rq7Mz7C3Diq6ow3uCrINWsIyS2MPK+XfOmFaOLEacnNG1UXnO5xTGSNHsrC692+j757ua7kajmfFeZ9rh+cR4CanWe4SZEo/RsdYXMWr9TtJ0UNr5Rkj1F3vleU8BrmSEi4D5q8RjgbFjkVEa3kRU56KriEfMnxINhZeifVfpMlOVqMc4XxVnfbPJbyUMUSw9L9KtCEAbxaDrLjOzdMQFfHiX01xtOriGhMVkgfy/8vQoCACThM5yKRzWpysXke9SyD3VfX3mh+pfeCr3Naqj+Ls96biLOBrs1Zwtr9BOaIcjy2p1R68l5JazOh0ehjs0yq8sRrBRfkn58jDSvG5qEIS61uhtph1DBpsfkY4+Zz3Okz5tHcXX059EyXN7mr3xhlfTqvJxPTcjY5X1H6L6GJbP55tvRYdTORbqHTDl6mDc6JvELHCzMfFvmdeHlk1RND6Lud/u9AUziEeq86u8/8n8d89jja5xJN3UTLv6u+gJbO7uT4yyHsOaxejsTU2X+mPSmsWUbxgbqBJS6nRAj1sfSXvatnFICLn/hLAwgMs/sz16sDbc9EV5iOI93c7ncuW+f/nbNBG4h7itmX32Z7O7lco/jPHe9Y6IyFWwNx7gc5JZ7HzWops2y3vJ8i4CFsyfb7JrSkDGg/C3jQBSNj9RezyEQbka1xCq8jnP5yq8q1/z18sZcDTkuKm30/wBx+iO5eT45wn0IPFUucL6b6sZSmMY/i1FaxIVhubORbHPWVtTa+oNacsQXnX5/ZiR6h7P4vqPUfcJvI3nCR73Oc5yvc57ik7q35b+X6hhDWddcelfcelaqM+PsB9AWx65ba0sWsed47HyDP3tVGm+haEspaiK2tH7EjZJq7CfAFV9x03pmI8TBL23slsTuVRIQquVyq8j3Ec53J598UeYR3ElDuvffsonInx55z71e2riGkn5UJM4uBrBRYa+gaZZVXhH6eHVe7BSS35U+esl93+wlqct41j9PSTtt6HdPUbBNkSncR3KR5F5zlIWH8ifL8NpzFvfr/wB953fIvmPvdzpoJnknnRvSCR8VRNixz7XWNPV4eNqokz2cTDeOfA0f1P7wuTgpPJvKqj0IUSy22oQcM0esNorKRMIq89ef3GejfJPiTGDdNtL77v3au+RvLPoqwmSXqcs2QJihh5eke159PpEZS5SDqQH90akT88/Ne9v+55JAwsB5x5cbQaeXMnvkS58+NnNFvGV8uvlEM7ic0jkGlV8u+Q+avtZnvn2GRPkbyj6NnGmTiySkR6DEHJVbXkLd3Zh5XPjvCzPdUT52+LBaT9AdbONFieceW5RtjoLLSWciQN9oemHp9DZRKqiPNQ0h685rUpPEPn7zeOe2tvuf0fvk7yP6KmrIkWM2VIaBio2izzkcF1icNfCc6XN+ghC+DPPY31r9K9jmfHWHtPTYN5eWltNc+wnukNhz+BrLekiFdVaWJAsiAqsH5/k827a/NNPaT/cPsk3yj5D9ISlNJlyDSDuRwAZ/OsRIzJDSzzWd7ZYf3QmM+HKpPuL40j5+ug2ql3npmuPY2EpZbbBYVRYajz3UbXMRJ2jHNFQQcpjqOoji1mr9P+IPLQXn0b9Uk+VvHvpQw5EyUcxEbNWCzP49qd0qxlyHut7uTU+oP8W+SayR6T46KKBtw9bL030eztrGSqxbyzoMjp975r2yyY5exn1/S5FFlfP4pb4u42fmHw3BF+i+w75c8V+kLaPIKRspawTpByUuZWTOkSStRpbfbbHT5RPDPkhczY6mlrakVw5xvWfUba3smJwpVzn8puNLQxLzJVNZ6Db5v0SqkWdXQ02cBqdjdFpPDfjL6K+rLv5l8D+j5oi80j2OI5onSZLDhVQIS2v9FrbWRl4Xx75C7M2+hpIdXWXyyPVPQdHq7Np48NCGosZr7yuj6WjoKjS3wPU8JdaYNDjYku02U1BZP83fYvqTc/Onz19E3YeRiOeIJjIx8yXNeSMEYHHm3ukrd54f8p0T8xbXVRHhxbY289X2dhLkWCC6IEdFhLWWM+vJlxX66DV4rW6amhRoMrSWLUZ4j8ZH9g+jfGPDfoa2RpoghKaYTikkSSyAxxcUsoqjyGQ+rfkPyOtXPWFrVAKKfv8A1m7YKROrKqjiWEq9JWlisLqLailrXF1NRtNdnmyAPz+k1DW/DvksTcfoX8y/PnvNw8gwvJJPInvGUjht5OlFV0y20OS8h+uPz+84hPpC2EKKQm69auY7tJcz814xj4tbSzd3t9ToK+mubgshuehyS+mXITy4fkfhGY9q+pbD4U8OsND+kHhXyz9F3D3yZBZDnFQASNZz3vOY1jo9lbzc58r/AEf+dedjPo1tYAjTPVt7ETX6y/lN8C8kx5EBeXPrXqtVl59uaQkRtTM0N9cziDxPzd5uT2P1j5s84Ja/ol4z8r/Td2U53kUIRiYqlI9VIc+u390ZI3ztjPePzir4zqV1nA4t76xYyb6fJdeamk+c/K2Ds9Q31j2GlZImGOKZifIco299T9W0pqbyXwKjs8ZYJa3v3X5B8pfU2jd0lWVwuTiEc9DKa62GstjDkpX/ADtSelfnZHiLUpYgHI0vosvVaVtXxZOpd435ETWm1EvfaaXYpNvKmb82+Awmu9Y03pV7Kpvn7EWVJ6x5Tp9j9b+UfKX01rX89YKGlnRrHkNcabS2M6fKHFRtL4XmNZ8CAgrVtnIGXqfQpW10kyVXRHB64sYoo2RrLfc31jKfdEqfm7yDPMD6Luvdx5oeL8Y6s+iPKZ+v+n/KPlj6F3rVUYpJDSJLHTNJqrOTKeSWZ7nRMR5hnD/BDYCV7ZjQkl+pei7NxZdt1b0BG2VhVZl5rLRaGQ67FgvNsl5hWL6B7P69Mqsb5l4ksP3jzbZ3/t+P+Qfpr0LTujyxmeN7Im+vi2Ek43q/nNh0Gcra3Pfno6sFELJaI197Z6raxa8AnNc08ySsZLCNHuL+36QDOYfb0fm8ja7SLXFpcJ41Cjer4D0rVbVvxx9N640lSS5E2fPvLq3lGXnzDAYVrM3mKhkam/POFXpzlSOW79j9Bu5rejCfFn2FgyZKWEghy7+dNmZiri6M1VTUwpKyMR881sva4f1jZ3Vl8h/QuxPJkTTWFxo5draFVDnmzHDCgK2giCwUCq+HacLAOO0BtB6ntXkFJtnEPeHU2jNIrvNgEtZBLHTzx01QseaanlSYdJ8w5GxtM36dpS6/5d989gt9ZhqWxn6eznUdpeT7lWjmSWo2BQVBouJk+N/P+DA1gpbBmP6f6LckHXyrrWX6V8GVZRdFpcz8+4O09QfHvNdqbWFS10MloKujZ35fxlsal3dtfeq/I3uPo1psqa2JX77WaXJSzMIg3qaU6sirUQqLLXvyvj/NgcyNMEzRy771fZSyHlV4dRobY9PW1t3pH47xij0UrzT1D3zbQ4EXPUNQorKXhPmvF2bIemk+lep/H8ySeRKtbG1tLW4tLq/0cmGe+vZLIY2wIDIecF4Hl/Ha53ddOdUwrX1r0NzZ10e20hw1kGLCsNRcEyvmdJf6/wBQ152ZuC7zPObN42eOeDUU+tmTze4+k+R5SBCDCqmKpFcrySTTLG0s51vcWEyxkSZQ8pU/MuevGQIzRGZZegep2+jnSbG7mBjBhQLERjxRZnB6D0Te6s0h7Mt5/wCcs63neB+RxjQJptJ9FFGAboNPlQ1c6HXRxDjAQCOd3KRSGcXvqxnzZkaQYJDBFbpfQPRNa2Xb3cpiwTRo0IwoSBp4HsF3gKysifRO1oM35cAk6i+bcO97o5fdfd/OLCCzIuvZ+Uo62z4UiS5WRocfOiJCeEQGIz7Ed415LThAZkjWTqzvQNjo7zTSLKspipDBz49fTVXp+gzvg1hdY6u9j+scv5ZVWcl+Q+Z8w9gDWP1zrslArMmPSxqulgTqeLaSzmVBBBitCg3GbGi4eP8AYRYHiWNjVensa7KT9DL9Q9FuJRWpJZAdWNFW5mqg+r+axc8zRzrPSN+s9Z5L5OWyTzbxvPFyKv3f1kSoxOetLGpoIJYlcYcMugOrWijYPTRyOI0Y8SL6vRCVdVlvJakl/YxdrvNFpUNIkwSxayPRVVMG00HjtdJ2GoxsLTegUf1x6jks54xCy3lGabibbqPWfTdflMzvW1dLELCVtahzwT3XKKJidFH53BCmRj/crFny40b5u80lM2Jct7Bu7SzfHjWrBsg5zIyotvi8JMmeiaDF5q49Eqvrn1ekqPEsj4h47HtLanpCTvo36EyWEqK6ui9GEg0pTWZg10uwYDM2ARme1kTKB++0PEIVcX863MXO7PQ5/wBV0sha2W+Y94a3NUkdcjg5Bd7scziLHdTPp32IWV898P8AmWdDyAL+fnj+6+4U2TykUgwCEkaMUS2KDDBjS5ikZXRyRouYZ9+MGy0SFXefYOdpJ0ywiWlpzYEiZKVgWVWIofM6+xZrPRqvz6Vqtj7t7dNyNN83eReQMvciH230D5j9smQ+J0YHMFXlnMWFX2XPVkGM63QQkZX4tPv4fRXti5SiSzhWtwKb0R5I5CzCmCCNU5PwTreNbepl8+i6X0T2b2y5zMT5Z8985x1LoNR7JkPE/YI1maNFc6EgDm4fIKnkzHBZw61JSMSBl++/hQKYhYlMhQWUqBavcOvCrY1lLOjxV9T8611h0j0jVYjOW25+gvYb+PjPMvl6qoDay4BT+Z+uEHDQD6+woZpntEXh9ChzyRxK0NK044NR33zWR40aaFpiW5IUUY4qTotJHEWaaRNYyv8Anij6S7cb2lw0rY/Rvsk+/wDO4/wpoLCVQsl4HNekgMJKWBj5FbomwNtTybBFe3F9YyjsagKiGONG+741VV2FstkaVNC1kOkqgxgqSmeTpE+bIh+A5OPZM03pj/NW6b6U9mlbHCxPm7PTaklNH8msNYrocGsoINrmdEzOTxutqbVz4MOrp2SpMuWXg1Kk+soMWbop7pJJJWC50Sp6sz3TW16FhrOlB8swFZdxrb0+687qZ/1H7ifXUuL87w0GBT9mfJ9xbjqIFE2hlbnFANBt6XQ3eF6TDsJcW5rdhh65z5jju+gwStJoDSohwPdxRRkaWkzrE6CKYeUhfPfLKq4ZL9E1mRy2k9199NZUtPVeXdl66vpvOdjFfjYRotVsqrOznwNzQUt3THuM7a6HH3IahkixFV3uo84+5LOw6BCFx+VJx4MSLWEG2kqJkyMY5JPZHxGvkyl2XoRfN/Qdf6dMlXIHeW3uOZm/PoETF1vRNpTZmzCzTZ5t3miaOgZrq3MXsENpB7U0dWSdDZ+kDnV2apTkupLhij8OPEbWxhpmJVxZiBMJUfNkQNoy/wDU7fz+80urtZHol7VZjbzD0/kHl3l2UlV9Lb1gb6ODS5WDZVN5o8WzQVMC5bSXWhzNYeNa6zGC/Szg1eJiXujEVrGQR1oSvYyHXV0Juj0ddSyH/NNfVXbNT6KwVTpvetFa7Wv8il7We2z7H/PfhPm1ctqes1Ls5KhF1VDWXdKK1gzNbmaI8uEzUxKEVwT9HkHAyse0lEng5YdatbMriSi14pYkgo4ll8346dpYVlotPj/RfWZZ85vLTx+X6ZPmn5lX85/OmMog8Rsopp5I4HI2BqpWRFMh29pnRbHPVIrWd+iytqsca6sSOjCEZjoopEBeISKFIU2wrq3y3yi5Oklvomr9VIyv8rl2Atjv9BON0cuZ+WPOc/W52qjtTuNLlSJ/RYgIM/Y0mYvRQznp5eib+hY41Zkb+3a6OVw4c3mDaJkSU4UOFZWUikgYvwqVNqQWnrtxY+gizBJU/Ha/0G1jvv3IHxn55y8QLeq8/WQkVVdIsrNRDhxQ302ir9YXNQTfpC0NJUatriQYjZzpMgMcsORBhV9mKSCaOOTNfN0SNC9G3F/pbI2gx3k3aTzn1H3KYQ1rLkrU/PniNZHh8yOja+tqYSO5eWXNlkfHhxekug6370jV1MW2sAxFOK7Oyxe0MPobq6uKHrJlIIHzTWQIek9/9F9TifNHiUqRfev5i49InSpljYmsG575KwI4YWDar3uFDrIqVENznOfKOQdiejifovTwQ6O2oYKXNxZQrB6ynAIOCOurHIJXRo0P50z1Wb6h13qliny18+yZll7Rks7vfQbOObfT7I8Pxn5gzzmNa1pXcjlcOdBytJFVV4wTXZab7nK2fa14J9rMsDnit6a9r1bX154tAgDSahfCcTC+h97c+hXEX5i+bJEuV6NWZSy9X1+pm2UmRYSK35U8JxqXNwdr3KiqvOI4ESvrKquRznKT7kI/QRm2dnNs2uesZsp73c2K01Tn47EJXQMB5f7bspV3t9fB+cPmBs09vd5vvRdxqZZrKZKk2PnXxzjslGWXb3VuVvOXnOK1jWrBqYAIla77uHdOLfaFskJjxmCGR5yIgVdWw6JkeFXNovOfoIZbnZb2P8/fKldPlkeAmk9duRvvZs6LphfLXkeHqgiTiW9vbzyuVOc5iOCNpGQaj7CdYnl6CyLMigGSOEfHkmcqM7q6njRc9Ct6rNemL1zp97YeEfKmbNPW4z+d2fq+lFJtradN1cXxzwnI01LCBHGqdJuby3MhVYjkRTIgfo2dfSr+aWMGVFHwYsYhDGmLyF6EGpqYT4WaJtJIbq49A0/g3zJjBTpUux87Z6BurGzsbg17dXflPzjlgR4YYMeDHa8DHT7e3uJLFVzTPaD6ftbewszhaEBYgEjx1V5pBDq9Wplc+SMCobqTzLebvdn498tYCHNmF1GMyD/UNTZXI9fZ2GxoPmrzLOBnSXxAghwoIh8vdYW9xdHY4zWfV9iezsQjNwx8EUBIqKRZckklwB12fqagEB2q68mSt7uvKvmHzirtZT5d35dRTNhvZeot59prrDzL57xNVDV9pYPiRGw4UWMwSrzbK9ubtF+qJVxZLHIKdxIzTVLYIRtNImPOxrKvNV8aDWC15NBKLtN75v8AN3ntDaGlC1tP5lUX+71Gim2Ntr72t+ePO8RCRHPJLnyBQhxwwYIhtTufdXP25b2BSFNMMUcJwgJno0cfFdKMhOrc/WwKmGmmmWt0ml32G+aclmi2xBTfRPNPPou502itbXVbacHGfNeMox81HNUsmdJkBgxIsaEALeRP0ssJ0ucaQ/lZEUcRtTX1VeYJpktYcePEj0lHWQL/AEcjTktN/lPmWkyce7JJrvRInn2J2bdXprnXbyWOD4T5BmII3Lyv5WsJZWjmjgw40KMIP6c2tjOloiscg2iixR19ICrCsmwcKHBixaSgomXOqlaWTM3Wf+aq/I1NlY2dNd6XGYX0WmvLjSanaFsoPn/iXnVUITue4yM7msbIs7ZYsQcKN+otvMOZoOGIbFjCighV8OliISURzKuFDpqSgJJ1UjT2j9dRfODcrnu0lnFh+n5HD7DZZe4tb3R2tqsTxbyXO0leriK/uV3IPuQtpOsX1n6fS3ndycxgAMjBCAEOtqoUAZyMHCgOh0VJDXRztdfRr+B82TM/monpfp3qs30uD4xQxvIZ9yfW2NhILl/J/Hc5DYHiEJyOciLys7ul3P6jySE5GvHw4oo4RiFEjRK/P1jijihrFHSVMclhY6TXHQ/zHeXG/wBYfQaukvNH5P5lofEIM260NpJl2YfNvCMRGrEe5j3GcvMVefyIxf1tkEV3MTmgjCC0Ywgixo0WjrHOixaisFXxhBkW13sruDY+R+87/P52kJPrYvFwkKrxdhY6CXYW99Lx/kPmGErgucxBlkSlajec9VYn62uIVw2NYISCGwTBDjRIkWvpRtFX5mMGGIkdLOz22h8ixf1vpdHl8f53W0tXILWUDpkOxt9DLPZ6C5rcp4v5HmFNFhuVrSyDtRFdyp365MfIMATWRBqxigHzIkWugRM7FN1dRQIhnjDDkTSeY05PtgXm+Oxs3RRTS7+ZnM1BSbL2FdZXehuIK/P3j1IKPWNevIjeMfkG1XP/AFscQpmhArQMcxiC5kaHFr6OihuNX5kQIA546yRmPPbCdTfVmcraMMrQ6YNW3IEnZwkm3szzdBe2gbzzLxHzrOwoivfylfCY5zmtV3f/2gAIAQIAAAAA8+byJxeanINj0RvKqL3ORXOcrlVznOVXuc91MzuTidzU5g1Xu5ebyK5ecruV6uc5/c9SkSmRWtUic1Wondyd3dyc5FcvKr3Oc56qpHu6la9R8RERETk7uTuTl7uf3Kqver3OcrnvctM1FZxE5WpyIitVE7nJ3LyuVykcTlVxSyJszEKiNXk7m9yJyORGovc5Fcjnc5xFfKnTZ0mQYnlCtVzWp3InI3u7k7ua7lVe5xJcybNmTZEkxXKnjKs5E5OREId3DCBHci8qOdJu5kgitLLuuTufED5jzFbysSVYzjP5eaMNZUNTnc5bLTtY5jXSLchbSTNxsTz9URvJKtpj15E5UVzkps8qKrrLTLN6CHnSTyZPMrg4zuRrrqx5y93cqJyI4gctDV3WGqlSUj13dJCrnS4CZJw+PemeoIkQA2KSVOmLyvXK1yrYayY80aq5ZkZpDWEKHlVD2kkCy7E5E5G93HtrcyOJjYbrDVEmpWC50orASysjZBAzLeDDJBG9Ro3u5UabQWnKuFdN1gkai8+yLGiuMceLSVaZtqnY0DBtVScvIqWl+VKvOTtYJidyvmuEFZEiHkH30akGiijhCNwzSEKRyowmnnHxb9Y1rUVXE5quOQONl2dW+TIqaSFHR6jUwjnOoyHl6Q1BC1qM5EXiOe5/Qo9BZTBlM2Ljq0TVJx+GU0hwTTmzL2gHqwo1Gq+VIKRY1LTLbnCSQPM5gRXIVyE7ikH0qxGy6l0WlCivc58g715GVtJZvRxM5lQrbWkiHDCxkgwBtfcWFTqZOU1TVe7nPc5zm1lHOjWT14GOgC6dqbWsrM801wRejjfsmJY4vWc9yqr04FZRQe04LF7kiZSCDukWgWVAJt7Ot5EHNR9TpbJPNtJMcqucyBS0yP5t0+zIqAx1YjVQIy9x7CRaS6qK+401xP8ALtLIe5sesh0okXmvJcWru6LkIKKoIwHWUw82BEd0mVb3064wVqckaBFr4YmOREfMvJaqjMxVtYOODi2twGwiVjySnTro0vM2TyhiSodfBaMQ+Kf0Cq5e6ozgmhDxCSrKUhAtKx1tP51ARxJBDMb3MYNnN1VKjuZEzUQaNUsidKkaPR22dytOtxMSNW8wc60fBjsYRyvPNMyIHmhzMBHPJJkn3GykFtsLTYo1sqxIzXWM7o8aMJhe5z7Pm8KsSNT16PIeUS19QsHyZ2I7HOKxOp7yXyBiRQO57yK6YMnUFCyM1EQpSG3+2MUxvPbmggP4jJqsZHrY3ERxV5SSxyIuBjDajiPJIcXXegyTEL5bekzsySOPKbEgjE1qPO3nPJJkFwedAxqkOYsiQe59HmnK/wAgttNkZUmOjq0Kk7kcwioqOdY1OGqwM7iHOaXKPO9KsJLMx55P1IqO2iujI5HObz0XncqvjwshWgHznkPJkyZJvRrZM/WZxNbXZ4cmxk9zHP5pEQjX93Qo+PqxNchHyJMsxXb6iNsPJPC9t6dGZGfOs5hHNREc0nK5ChrIeShDapEknkyCGJq7G3w/n2Q3frOJpIcyykzVO8hHInKjnPSjrM1Ge5COMU5HG6+3EPx8vt2if5HlK19hNmnVzl49ikdFVpKTOUre5OO+RJkDcths8nW13tell+a5TLRpdhLvjCGPl5XOMU7M1lAMYxjSlPKkyRKeexlP7Noz1GIwsOSaVPsDPUYmJyqr3ZfPBHyjYhTyJNijeKWXS+uaZ56PzmnDEtXznOeQpEYMXL2Rp46kUbWc6RMlEcpFtqX1fR9NucHhaeLYQpk5Wtc8hCu5g8CByqNjGNGSVNM5SLYRPSNM421f4rl4B6+PdGXuaqKUpSedGcMLWNYjRmkynuU7pG/1LHXnoflHkAHxK2zsyInLyonOxplawQBp3MKc70SeGTvdPlKEe5NhoHAgh0MwjWtRV4rcI9WNaJOVjilO5qTg2F9lAWFxbTKyiQceLLvyPcjGPTn+cl4bX83lR7zF5nTNLvMhmLycK0l5il4HCjaGZIReXk5P/9oACAEDEAAAAPYMVaRmaSLVYWkhBEgEUFJAoQhQq7CYZCXMgkjQGCQQAgKsgVRBErG4hjASSWkkMgggBWEKFBiLBFRJuIjwGRiTCZIsEkAkCwLAoAlYWbSYwhkJjGGEKDJIIEggVYIqVU58vp1JkJkJhMjFQGkEEUCSKEoyZslNda+6R1jMwhMLSEqAZBIBBXRny5c+emmtUh+jRgwLQw11KWuvlcIgJTPy81aBky85FIXfd7OMSC8z4stYAjNbt6LiSRcXCZ1si5+dUnLrx+w0epjFoc3OzrJJJIsPS67ARcfCGQbLWTNVmzm3o2+gjRxyccEYmQCAqtnf0QDH5/LTLuhJTcBM+xu0LJRyamlum62xjVnzZoqrO9tAy+bxrLujBk1Oq4tOntS2cGvT240MJJkowc+tVT0moY/P05j0bCmau3RnR7+6bMuHVrssWR4SCCauTgVZ6wZfO3BmU14a9OpEqs9FM2PtstlqxrWCUkESYuTRN/cyeduhIi5VtvbPTp76cjR1LFv1XW2XB6MspoRox4nNo9OvnrIZIFDkU13eiyY9qUL1Oxs02CEZra6couevj+fr6+zzdshIiqEg1aOlhzsldl/rehdYEsxyyumlbU5+fHy+xZ5/SxZxVlzVqLunvbnVW11P6j0srBrNaMaADm5tbcunrcfWFrVK6KUhLbOliEUeh9bauDj5d24l6K9CtXx+b0OBT6Hz9iqsCqADu6ueYxJf7HpsmPy/P2eh6DLyK7EtKeShx+m84Vgigm3f1NQ4y5Fja/V7r3XNy9O/Q2fh5uHV0fQXeW89gPuM3CiqA+vq9NMxvwU4kJ0es6VpDuzE0c6rkYuxeOL5vmY/e8GioS7obeq1cDrXhwETb6rc8W69wmuvlZdANOXj8HJy/YcymrVtt6GlzUSldWDIVa/0XUYtZpOam/p8fj6ZMi8/j1Z+7z66rtePobdjtUoRPK7rFM6/fsNjuKs91/G57OXTkc+TrKK6UqJLFmaHh9FlNuzv6mlhSqqvHxOXzrvRdVeLll25ntyc1dWiw1sEqx1G+9mv9BtKrA1Pj+LUMjdX1uflJL9DTFjlujQ7I8lfNLRujZo6e8yqo38byPPZKrud7Omow9Pk5obNGi8AKgXHei93sW3sWldYnl/N1vU3c8b6i5AjZZLLd2hq2RAIma+nZ6/Ra7VotVITieYpAnqvJaOrjztozzTsexiyVGCtKpPW9q5yVorqooqw+Yy1B/ZcHhenxZrWXdZK4Sr1gyBc/R9h1NDSV0UVZs9GbzeGjqe79JwOZ5Tpcy9LmRlVwpEBWLZu9Z0L3MWqnNnz56/OYdfu/Q34PH8rrzJhzrLFRjWWRqzBq0et6VrQqmfLnorr899cHznt+w6nM8dmKYcOKsExlesxGSzZt9XsssVZTRRmpoXjd7zH076f4zjeF6mi3LhzY1pRK4SIVAnU6no9SrESuuquqmc7g7PqfnfBcgew9DpTFjx51UQVZJaYGTr9/tsimVJRVS6Lk4fV17vA8pPRd7u25sGTi1u9gBiolSH0Hp7w7WMlFNNFNgqxQdPxHJXX3fU6s2fHkwUoLLHkUhR6TutY7WOKqM9GNiaqcXV8Zy1Tf6jpNZyVxKq1pWXdyJ6vp3kF3das2fOkCzi9XxvONXM9F6LptztObHJAiV1qXf290EZmusajNmqBR+Tf5nkMPNp73s35dt/JqBBEVKkr99WGsJd3ubNnoWBacnneQ78/xfvfYXVad3P59caBY0C+vSEvY5j21Z6xDlOTznJ7XWPiE9drl2qzh5lYSQrJ7IQkuQSy01q8yW4uV3bMvO5mLo9ZrLLs3Hrqra0qZPdrHCxljAU1xjm5vmer2OTmswYvQdYXJZdxM2MgRwD/AP/aAAgBAQABAgDxGdjLJicLBk5yxMx4j89ZHitIEDAfNuW9/bLZmZ+yWSyTkpLv8xkTk5Hif8JyfzPmfxOT5n8zkeJycnxPnrIxmR4LBgsnHx+Y8xORkYmQP3ghOT7ln3S37Pb2777yM77/AN+8me/xPmf8J/ffc5OT5jzGHkeCwcPJx+d/iPxGRkSqYL3E/tlxOlnv7+3t7d53H6j/AFn/AAn8T/hPmf1PmMjzGH46PAw8nH5OR+Y8x4jAKD+37ff39vx3E+Y//HP6nzPmfxOT5n/GcnxHiPJeSwMPJx2TkfuMjO+xmCyJ9u++/wARkZ3H7j/SfPXXicnxMdeZ8zGT/h3k5MTnWRkeJ8lgYeFjc6j/ADie/buJ8R+Os7jI/Uf6d+esnxP4nJ8T+JycmM68THjrJycnOvAiw/b3gixeHk43J/0ifMTEx+e8jz3H/wCCf1PiZ/E/if114nJ/E+fbsZ92B6ddYEnOOyYn9999+I8xkZH57yPxEf4x+Z/U5OT+p8Tkz+5/cz+JzqZickel4zw7Jn8T5n8R+IzvvuJ/EfiP9IyPxH5nJ/U+J/XXifzOTLbdjk1nnUZGd/ifHcz06Jjx15n/AAj8xMfiPxHmP9O/xGTk+evM5PifE/qcNjdm/lVjndrnb+TN2BMnxH6nx1gy7O/HU+Z/MeYyPxGR+4yP3H+U5Od99z+pzvJ8z4Jrdm/lVnndrndnkDLcl1kZ3EK1/gyHZBbgsn8Rjp8Rncz/AIR4jInx1EeI/Meesj/LvzP+M/g2u2ljldrnlrnD+Ss2P2Z116roI4yjgNb48Rwteiil4nJrHrJo+0XQuCycjHf49deY/Ef4xkeInzH+0+O/E+Jk7Ddta5Vb+Q7PyBY5Q3YyXiJXXRx6rwKv8bVfj2txMNcNf6Po+ia5V/I5E+0jKDphTkcdk5H+sf4R47jI/EfmPM/iIyPHczkky6/kVnnL/ke78iP5UzZEUeBhdSnxip8a1PjGpwdGlCn/ADxX+j6PohcqlP0Skk53geJzvsjGT8NwsiPPX478dx4jz3+IyMiOuuoj8R+ozvzsN3c+QrvyTY5w/elY9u+xWnUo4ivhlfjK9aCNKgECiFQv09fXrr09PUxxj2bOfIeC8ThYOF4bh5EficnO+2us8qf8hP8AkpnyOXP/AP3Y8+X8kJ+Tl/KCvkujzFd0WRkT+In/AFZPMrEyRDCdWniqeFq4iGhHUhWrYIAliizQsHImIgZgi9oH2Zcbvi5EV36pqNjrrofBeZgYZ4bhTE+O58X9tsfkW/zx20OxJd99+3t3Be8NFydonk+v+Qdf8iUNx/j33+mZzHKdVOqq1lrAYyciBX9C1Cv6iVYp6VQWfuFgxZau7sNgW8sWlMiYgd1W5O6/r7+TkYGdH57XjcjGYUR5Itvzvb/IDbkn7e0nLytze/smzLv6ItRc/sG2LoZBixGx03yDquZiUfqfx35ZnM404ChFdahAg+oFAEAIgH1/WS64hbnaDdC3NyvPIApstYpTIlIUh1v01w78BnZz3k4rHZGHhzEm3ffIO25aTCL2kpfNiAir9OfZ9kNhsl1Ifz/xTUk1XVvgk29HzXTcwgu8jzORk+e8ZnOB0eACYbYs8kdyVPJKXIq7IERARicMED/0UsRF+ZOkvaa+txv/AM8rQBp317RzUsssNnx0GTh5HicDG52ZMPf8523KCP2mTYT4CFe32fZJyXffv7wz7Pshn2C2LMgVCLC7YnVvcd5rrtr334nI/R5zrNNg4+3btFXIBiJ1d6s6WDPYRKmk3bpNV+5tEbPW323lXn7FW4Za3O2jYns/5KlCcjwE4WR4mQxmTmz5fyzmptk5L3J3rGe/t7e3v3Od9+e879oP3iVu+9mtnF21t03JdDysZ/M534ZnOc0kNl9xMybqy67MdnGrMKUEgOExgX6C3VtwR2na+wJQ5uSqzerwFaAlaMnIycDOy8dzgS9nMvkB1knScnLPYYIvbz1AwErlfp6evXnuJz2E4IGKsWaCngyhs+LcyBvfmfwec6zQZurKaBEq4CLD0DfZxLITGS+LLGrdstih6UkLgqM/o+2GNmxARWaIniUzkeB8T4nJm1e5hz9jJmcLOs79shf1Cutq0cFV8Yr+Jx+IP/j/AP8AHz+ID+JH/GNvh7K8x6/X1kTkGJreYkCXVrfEeXqb3+ijn0aDNojq9arooXbFVZObwxUZOSBAKVK35auIWWWC15XNtr7b6RVmBijDPSuc+R8FGTm42/J+Xmwy9pNCbFLIGlo6fxtU+JqXxvW0QxGddRER1114s0b/AMe7H4i2PBWr6kc77ggYDXIQ+tZ4bypR/jrJz5BjRZsQIrhU1rHu3YGOK0IbLPb1DGFdpRYZuS2DXpgq2pF9qGmTjg6lqTCJ8j4KSna7DknIDMjmZLXUeLcV9G6pWkhfr69dZGR4jInz1nXUD9ez4ru/h/aceKJHImJE0uelL6VzhnKPb8lnyHmjkgsIlWWHL2L3cf0QZBwcGDYdGbKmKmW2iAhYTeDZBYgigqsV1LCwps+R8FkxYRz7QyeEVerqp4/ydTOupjrOusjI/Ef4RkeLVPkHxRttBITEFEwanMBTdTtOM8g/Mz8iRpYTjqduudmw5FDVcVWiQgeowcGSPctAgW2YhQVUwYYNcKzRNRi2ar5nwGdHOcq5PvNuqDzjfCLWiahS9FyCtZ89Z1MR4jzE99995HiMjz1e1vKPiy5Uke+xmDglnxjfajZeO5mc+Qs1R1iDJg9cGqWleREz3ExkgIjO+OmLFyEQuaOLycGPe1eXcYTMQyY8Bk4yeScj3m71ur47wIfjdmvvK2qKgGrTbqvsYPvvzMdxPjrx1kTHmM78dznIuG8n4SQdQQmWJYJ8I5WpvfeTPyLmsmsa8GpERgyJ+/juDFkz3f18UWx6esTrWRMZ24trOtaWMwpnJ8BNh25+U+S8jqVeFcQCDh025261ysXVK9urvKWx8dzMs9oaLu5KJjzHiPHeRPfeDlqtzH4xaiRwSOEtqP4nzkT77z5GzWQgUmW19oyJiVnnWdjhT/TsLAvmyx0yC9fE5GCbn7Z2uZ9rWVgnJycDPkPkLWd8M5BQsBk4UWK+3Ver1bVe4+iCUjU3K9gy1/cdkHsJlld+uwFiyCzrxE99+O4mJme+VcF33HPEGEBmut8W23Xj5JzWEiRgMgvaJjBwZyY66PPW+v0+v6frEKQxPtJOPZZTkCMq75nJyxa5lv8AuM4Jxiukcme2jsqm1pNBWVbytl/GpH8/0LQCUiUGiwGqsiT6i6hAdv8AohkT4jzExJTnWx1m8+I9pwj0glnE8E3y2Z38l5rJr5BQwDGBXAjkj3BEXtMsK14jO4n2pv8A6oaxlpz8WC2QaC6yc+RuQH40mq0WqiFwQzLV7iLL3U1awNfVrkquyJAvrMkzAdNSpKWqeIMyxVOvWyc+/wCwS/Ulf2+75ls75jOLMZo2eJbbvPkyNblYs7CBkSCfYZkJyRgSgBvZ6evWHKWi/wDoJ7Lk2ftFgDAmePZyu2VP+L4047Gd3+V7Dk+4+SZ3aOR07xWapRWQQwImKgjPYYg/sg4gIbc11pwsdD1CyRUFdygsCfsyzY297lVrc2XMXHHr3CWonEH1wXdgffyXOtiumIiYITExmAEoOck4g8hlwiOGyz7TYB/0f0AYrHF1E6U9bdyPHKLrcY6gD7jvkaOYu2V16igvZZ6x1Jg4LgcnDkY++GJJmETX0bbhtlqbMus2vtQ0B/ngmsITXfOybTM5yFVNbSpTr+V6SyCjUXD+BrCZ+S41x1nEUEMjEQOQ37JaNgGG+bMN2DJbLhsk6DCBpjThXYmnYL3k7B2k8fIbXN9K+05H8gDTctA3CrYMdZUfrrCZjEgAzkEUe9SSy1lg9SrraBrJJtlwvXarMFlm0hcLgDp3KFisGuHVKppr6+mI8347FS5qqjuObGJnPkzKOVgLOhyD++bKnG8m+0HDRdLrWMqjTHXL1n/LDW/zenr6CFenU1Neimv1OfIzjwI22aiuSbwKG7FeAyZjAHT1aoDXWECQAkgiFD7W2da4pbYikNiWRYYm0i79xPTBtW6QdWZScxrVV666gDEinV/KeqzhPKNXcmfk6KZ02EfvBSft9kM+yMGOpnuCGeoj1ln2SJZDRNRIaiwlwZERlqxzXfzIlsy1hEy6SYvLWtYFlQtbSTUrLSH1fzwg0SedC285Vypc/tdaRaixax8fXVgrVBBY1tWOyyxL1/wQuvCBycnORVGL+PmplT/k3K00SjJHz7CXct9omCkvYSHAGIEJkpycnIEVgNa6e+1nK4zne1vtIhLYFrz97hoO7ihAojWaynUSAyLPYHlZi3LjnuXWnNiu4rk2xsU23cMxxUy6oyXMOgck93ZR2pKVR4mZnlXNbh663xTdMRz+/WykYtI8EWTDiIcGAn7PWEfSKoCB6IpLIGFQsRiOvbanVcT+Z3bJTMFcykUssmllrFLWnWa+prRYduHBZmw3aM5DY5anlX/sE8vXujfK4UYCJHQe93rIBjWLvq2LbuvYbDX7Dkh/U/nWs5H5+RWuYrOLOgfkegiaBZGRJR6xEKGsNQagIkO4mJnJP269PqFfr64qoGkRxvkuu0SmzzGy8u4yxlcu3yiXnWZr0UAM5cqEUgoRU2Ot2YkqHXak0q9mnu6+yq2SrmiRryeKEoELIwIEkKZy+YWHTx3da7SGxx75BpXM+VYVip1LKZfJ0Vp1y/rhcLFUVRRC4jIwpkvf7JZ31kZ31AipdOtqE0wUIbidiVxu6e0u4m0VWZmxKcdlQdWwbByrKikyo4FyuRU7kiTHBYnProP1KUrugcIERz1IBrMUZosquKeqMgSDbBv0yI5xrmGs+SOd2V1ayaq9YXybFWNZEBC4TCfSAkpZ9ksk+vT1gYjrrIH1Wijpa+sFEiOWT32wZGzO4bZ9va1lUiJ81sdOuCmomJJahn+sLyNwq7tqG31zMZgxTrkNOto8UdkV1RSNb+f+c0qrbm1b27+RDzCrzXVcqp7YH+1yvuKewRExFcJAR1SQq6vPkuKuaoIDqIiPUoOfHXrA9ddQPr6BXRpqugRrwCQgfX0tL3KLaN+6SfPt3YlM+zcTLGa64uwuaiQWwSwc7BlbY2qu64czSJ1Can/LTRWesuNJKfo6TApfXUnl7buAhqKRDWoW6u3jfDt78bRRHVOnF7TbTW8dQNfX58kRRVprEeO4P3MoEQFcL9PT6oRCAqp09fQqoDXWkK8JJMrgCi+Ty2jOYMibGdxNjFZ2cplka4gxNemQGEfQyp9YV2VwyvsiRPH/APitoWAnKVVBia89IUjLGOu79VtLx9E5Vt6nEVna19RdrchebTyngnt54+tMVM+RM19rRqUJjA9GmAEehYJwUWf6FDVoqqiIrEOhwZiff3+5ubQz1ew4/wA3ySsTnb8VnZSEsKnlNVCsCvSJBq3MSVKako9fsSyCsMsAtMysq7QL3AwP33xwva8cfMFXVSqaHVpD2sFZr7rLNiuOtyG3Z0CjVxy78g4udEestPkUsgl/R9efTKytVNZS0bqAJCBj19YX9XXv9stPLFlpHjZ5itgNmWS8iAcnBws1itWmsj1YolSz+j/pzsYtzaFi4iGScI1v8jKcqRCciIGBYDDbTp5s+Gn8bo4RS44snX5sxZtO2TLTgZoyl193HymOIN59i54+QzBCfcCERgCuuuinXBWUML+uBmBWI9+/r6/UUW7xuZYB7W8iKxEkSvrmfBRGTmujWlXuBsRuffK5o/wyqMAFwLZAasVDVEFkyTQvpvfasyXYrOSlq787B15tpjAOQBcq2ta9ba3SQ2xtGahij43Z5k8J0DIYLIMWQ4WLYiyu0NtVgWQfcGLRcLhLxOdEVpv2lYa15yWztXoKZmZPBLJkfFCdcsC+7+r+lTxbLIQC1p9PqUAQNnH0LrR3EPWyGC4X1bbjhVymKpD6gX/MWvXTMYPZht1WZoy91tlNyLmttcj2EFx0tdqa2mLi2z00UlpXNXWo0sceYlNldwCB0tIhILMXP6fuk3WXGQhlgjlgWNhtq5eTwZzuPCM1Z1yGZrnWkQBNapUXTLXMokFcStls6zgVtNTstXe2Wi3n3rda3+s3P/Sq59TtYSCVOLYtrXmf07ONtccSZYaJW37tRG9UOaCxX3NTfr5s3kMcijkI2a+61W3jbFtY2S7cM+yWfd7ZEjJGdv2LGSRWmFIS2zfhnk8jzGV9R/wKNWgwGRZ/qC/N5t9d+sperUh18rTYNNbFPbYuUtrqKVUmdTpdFxzW6aK7A+8isobnZCJKwp3d3Y7b7AljKOCw3a9eyEoXajYxth3YchXy0OYq5uHO087XzxfOk80RytfJS3v/AGwuouLf9n9LHiZWGWCZJsm2lTCobSlYDwWV6n/PF0711vKp6myDPuiwq2NqMrKEfcnGuR9DpKq1gFhlcrXKsSh1Cnr6olFhwtrwtmbKmF6tfNoucnkFq9ZTnbiryLPcxA9rxYuJHxguP/8AFbrs9/shn3fd933/ANEWhvf9ENyvkQcvXz5fyIr5NX8oh8nD8lh8if8Auw5l/wClDbDW2tG8uIjXTZfsIycnIycQ/WXarFqXoF6ecr2BAEMbFpu3PbjtJuDtItE5lw33sHK0U3UzVUnWr03/ABG0X1dgmwHYyibFvfzbMIKX4E96Grer13Mn29vZ2ydul6//AJs1RoHpz0haadLOnnWTTlExB+3fft9kN+2HQ/8Ao/o/pjGDt6R3JyfEZOTg5OazSJ09DYDuv7FvBiRkPUqxICodaZkhabmRBss2LWu1+v4dY2lv5T/9wW9jc8XQdg+RbhIYyV1v5dqGzNk9znX8oB8f611dqCw4jNjsqlFY+93Gv+lNthRg5Hjr1JRVf49gpOvLWlropzSmrId+/sJ+3K61lRLkJgcnK1MNCO5tbmvGvto1q6FfBFZ/1O2fuLivMKcCIk7DLTbsWdZx61y2427Wp3LXOHXjq8D5NNm9NhkVIMUlmybtiHBhs5BLs8YpTN1EC51zYUaHTCZaNjEjYeI2AYOR+JwsnLpDk51GRhYUMW+MhkHdrbPVEkkMHXcfIbPIcq1lKr0dTcVrYILAwVtcDUY+IY2MJ0vfcdtJsI1K7F3k48is7NNAdSO4rXCqQ/QOdrt3xuzr121uava3buAxmomcGOMa0C97JXdoFevrZl9ptgQIjIhkoxlZVxbO+5nCwsfnfcF7e8ljMbntI9d+ljSlwLaau9emAWjVFsTtL4zS31SsAsalHRSyyus4ihjWXCvtZC69e3e2FgBFdHXV0XRXlFklJcTzq6vaVXV+9jsr/KVL2ddbP+k6jBabZV6rnXNzSpoltw2NyMmSzuSYsWDkwVVV+D77LCxudSHp69FH1mLcnJp/yRUCiGELa/I9CdfEVI0TuW0tfRrLuKXCjZ7iAjM+hJZXt0irghi6hbU4yCUynn1bhYyg6hsjghJm4ERfRbftxeE5W239NrWe33LniW6ObjbFIqbmFY6nxMeJN4IfGdsX9S7/ANsmZuR7ScWIdDZZLWuOcnBXhEOen18g1TtOvRWtuGu1/GbgU9fSrQ9SGsgPtDIiI6MWrdrmpkinkTFkWAWra09uMYrNey2Hx24JsriOSr5DUt2lbi/pi8U7z0OrJXqUyTX29my2I9d+J8GychLaaH+JkgOp9yrc5E9ylmtjWlrS1raZTgwbMHAAy+2wWxufyL1qKH0rqTWLED/R0S5gWiQ4U56yL1XqaT2NpMzglrWqnYDMAVArYfHhqJs2c2Ve2W1o2adS/K3oiOK8b5RRpHSczcze9BDozjO5yZIgVC/aZamGgeR4nDR9IWwnCZ7yXdufBZ1hT/bEssWSJQ1O/WumD7BZxMrYViS+yLAPme5mZIXjcrgAyPioymxwWBEqDEl8f4kgzYBSPmtfY1UlarTgW9Jop2W6sa4VrimpJEedjE56kUwFeJ9pnwQHWTajxM+3Zq/mi7DJmS9rReZJtpprURMxghXYMVVUWRIpGcgjA68F9/2dLL74Z7dkRw1ZAWJIsUWuaWbBGVTU7gpBNZl1Vefk3V0XbbWAVLjqNdGfVu2a2uuM7KZ8exWLOrmwF3+n7JjILPXttX2Bsyf4YB1Rt+8k887JjShLLAEMEI1voWldU0zUJXtJkYugmqMIGbC3e/8AQDomc9XjeBuJJuLnVsXO0WcKyvPADGa7LQGO0TbpihmrKDD0hfJy0gFJMAvUiZYbYNDq7Wg57xv0JdZr2H5DvfuSt3FbUb4u95PvGQdUmRjF9dG19mCVMCChT9KkTEj6zBqsKjGCJm+IKZwUyZGDQtAzLMbxT4UTMCaLa52wdCjpP+PpGQJU7FaC5PraaTltclyLH8jdqljEwMssDl7V2K8X37t7qkPkVzrJRWsXt4u5rruxdXslprGjJMENuL4bH+v7MPCH3FbbjLIYoURIDI4MQf2E37odJHEjNd1RoIsRkqcYFk50sieTeTgyBnIyudE+rgDKz+NDKQmie3UJcvUKLKjkmPFkulC4kzm5YpTVZsbN6rLGbDK2tsasHRtWOpDs02cShtH0Tsj36LgpYCNLYpDVCvFkNh/YOFXiwMwFXVigMme5d90Wv6YbEFkt9paWNqvqg6W44VTAxAl0A8sVGFCZxM6s15tVACNXxC3LBYU1b9R25r6+bgMW5fe7nWVkwdw5brf+oW+btUjV1J0oiLLdkk6TLUoXOqZVXetb11mpGwrtisx+vlUvCzR29vY9Iq7nSMWGgXqhrGDI+yWjP8sVvqisurIEBjJsYLJsCT65Sqyav4JoDQisIe3JlY+KpdLzWNx6TgJef/T0N+Nhr5QmyxVV1J1JutfR2K/5XXryQa7ZpmrlustIUnChp7i2+vUt6R6UkO0sWa8pfYD0rak6o2lbhtlFerq5U4kpKuyQtekBMOban2g1MBQq/kmvMz4kyX9TElUJcS4HJQ5R+jYEoIF7yqUPFMtyJpnWyV7pFA0FpxrO2mz2Ablm4pfzJrRXmlZ0G44ZstQNFOzO/ZtVqpaZ1RT628fsa9e3onVVNK2061u3sbblVy0dhIHU2rthM103de2sJFkiFk9/YYgOsKXsuEqK6xInC2c9CROGJpgYL7DywK1Pp/xNWliLo2HjNUK1pNtbBDDBSl6/VzDdqvV2a9rXav6KlZeWxuu1zoH6BqjhRtNFvOO7LXnV+sTVtXbNUVkWtY8Vi6EWp3Fpqa8aYqcNDcWLNYahuTBQgccxLEbNpskQTr36zwWHluAgCHAV6kYmWHEwSzX/ADnVAID+cljW+gajKfcAVRdSKG/pnFOpBUUqsauw0rLNFxBaIwSfyPXcns2rbNa5TQwQjCESva/k2m2uotakx77k4wWLMbYWSD+VlQSG0y8A0at2nZWoDXAVdlY2FttdOv0TqEiJLut23iccx7lipMDCZyZJUDGEqEsBQ9lExJCtuQJx7FUUj62Vijk6mRUkq9ExZWamdVrkvLPbYSIKbFk10nVsXglEzkyJbqhv6LkWKh6l2qKvOd+RaNyLo2Byapa0qnZ4p6904+q+rdrZwLv9hGhVZFul7Sw2Mxh1hFf2T4HOyP3BpFOdzn1sCJ+2WzhwpgvU83utTHI1HmvOL9u4OIPWhE/ZT2VtjqlikhXJBrbOvbRENfeo7D2nOmZyXSbNDV+pR19VjWs1R0yHO++4IbC9mO2m1MTVOlNVcJ3Lt1bcldWtd1LK057+3sRWjr11GRCqVFhQOAMitRo+r6ySqYUytahWf1GQqiqtTRgPr3lZgrK00J4xUDWAI6H/AI1Woy7sOW2+SVbV9go0pLIWTKiBgsGSx6eQ6ew2TMJzuZLwSz1rdQyjI9x47yJB4XovQc0/+a+iaRsxfl4lTCYMjc568XXhTGQYuKkCwTNKK4BCzq/WyrCWLNC6xqgTACFv9DHQV4XCUOjvW2atbX6cFqqfJUe4HBUzrNa+ndXaiwDxatwMFowcbGnutdLiAsnxPnqJ7JR65mo/5J6JtXvvvvIILM3rDELio7j564gbZY2Yga6px7PsFaqK0/VNcGSUDGRhjIkH1NGIOpCZw7UHCyxsfVtksFua/W6fQUdbSR6+vykPssoKu3S7W5yAeQavZ1xhR2aGKSDFtkZDmWjuyew95zrrrIzrxExM5GDfJdzWnWzvv29hbJLaG5/6zymxB4kIY6QripdMYCIDJCZHIzucjxA2REBQwDz6ZWOTjYmeRokU0dHp1FVmkTQGPlRZwrIwJ0dq9t/+wi5Vs07giuAbLQcDva0rlWns6w6wbBW4Cz1+Ouus6GIzogOozVM07KEx3kT337gv2GUrfZXC1jKygDr9RkzORglJeZksgercLUceghKzObHI1+vFtSUJxWUTPOvk1bRXJTOVG0qTFqPT2Kogz7xfFj7Rf/RB8oq7PWWQerwu2rbq2QFMfnqPEx149WV264tV/wAptGZgjYClMLACs+BGr3JC+TLO5yZg4IZGZIpzv2eDxIZbLXPMxq7ZGrprxuBMlQxUlHyKuyuMHIwCuBUqgjUvqshhSkgcs1STUzbXyOmypaWKDDyBq2i9yu6OTkR47jzEYUesr9Sg6TNSIywD9lYqqKYf9pzOe0n9pt+2GC2Gg0iku5OcnGSa/R0HV+lcXmcYTGMhWRmvOsbI+QRvrIV4uRwM2NIICKFwLJMUYsrte6i8CdHJq1+vYU1B1SRKZX134VZXuk7oLPiJ7nInuc6jIyR6KJbWrxi8Sv6vQwifYsk/YsZPt7QXuo/f39omCmWT08CDv67Iyekz2CU4rKJVTiPkMdgtkDIzOKKwDhi3qrqrYOBqzW0jUyrZZHJq9uxF32OrKySVU6xplUD3MZGKuL3Stut/U+esjxOTC6ykgleBMQUdEOdsCJLCko7gvZZQwS9oKPH1mdq17CphTZaVTIJLAhcpZWJWc+XcB2dhgYBUD2dVkV7lC/Da7hsoJeQ2u5DLid0tqWEDhvwX8pLkSQVU68qlfr3310u+rdq2y2eI8T4gV5GJicnIODKfWMLOmBMxhYOSXv7AcTEjkzJEDUOdNg2/TMLkSURTEjNI65/IE3QsjGBAxMLO+lyWDSt192iwWVyFnsh1NxZyGjs6B1XzkTDFbIbUoNMxKjrHWJMqlee2ddq2St4naCXeQcYqAInfZ0QLggmJjr1cpYMiMLByJGfaD95L7JbZWYlhEbHMBqiHEyWDOuZVP5EyxllZjWzoYHNWzcat6hyYTbRgELUYnKY5dRsdPeqSmS9evEEFwbn1lUJXoSJqHWlcq+vO+vUGJ2694qFgMRHoNGKC0RWEP5yVKPQ1iloQJ4RBnsJCftEdSxz2kQsk4nBCqUZWZGLnXnVP5EyCuC2ESUJwopu9bGrfXI6zguJavK5VYr+Dzf0r2itgavp6yPxEi8L4u/lKqUEsqpVjUSZX13nShCBEFjVitAevr6yJLGCCQjGI+pggM57DgeTz1MJWxb4Y45VFBskkhxcVyQXyDgZaBkRISONXOa97R2yHrldZiGocoqIgXs2Wt3aHqJfvJ9+OvHtM4LE7KNnITROqSyQVUq8rlcrVXCuKATAevXXXUx0QzBjMSLxcuVtz191FHgzlpvkzl5tY1oRTLtcrIcDKR85Lu0LxLKzSxcFGsffHaQQcYr/yLhGIKk+HS2GfTttRtKVquwfXvO/aCycmYyfPa7CdnF4qZVuiUVaa6qwJgIX9cqlX1SqQ66mJiYIShkfWyCCQkRwSick2HONU1DabEDg4BAVfJES1zObEsrY3BPFHlObKUnXTY1zdbxZ3IKAggAECrt+xBd217XWWqja7FSUH9ncZ37e3t3468TANXsh2QidBiFjEREZ33kxkxIzGTk5OTBCQsFqziQ6Gfb3LGLz2djSeYyU1jgqpjgRUbzLK5My0DA+rX8b13AS4NX0evjaV9imuO+qewsA/eobJrQ1zjuBsk2arVeh+YOGd+O+++++58d9Yu4rchkZGdz4778Fk5OTM5PgsKJE8YuwnuD7mCkmssg9zDIwgCOoz2qMrk0VzySK8qGlxSl8cp1QSs1GTKBMndUzm3GxriSzViCY5DftLGV9xT2zPVmEcH7d+BP2j9e3f47GY8d9zPfftJkUzM5OT4nCwsnCw4dW+mInJMzbhETydJ5MKmSpGkzkc2c6jiOk4+cSViSNdqNke8/8AS/8AqJ5fe2wbvb4JLJZqlbQlGDMxsEbGneywuQgfXPaZ9RaLhiZyfHff69oKM6me+5KSkpmZmZyZ7nJgsLDztwGUHJTj4MvsPJH1+uEnHvWYgxdt+aBtQmsUY1e0v7DnaeS3b4Ohnb2e8sS9cLxMImMiVPUcsBm0q7SlekjGIh35nAP7+5j27gvb39/b27yJDOy8dlk533PkvMweFjJKWQ0vaDIWyxxlIivJOGNYEoLYcjs7e1lZ6LNrf3uU3NlKqwxJuBq4RqHcefq3VjwcgkvU5T0sVlfGEk79Xc0rVKFkBERZHmcgZiJg4OJmJKJ7gvYT94Mc7IpOWe8zOd5PifJYWFhSwWS3PaD9rAmyZJp2QZ2cOxBbXewayJpWZ3DbDCacKBdPUL4xLj5Kz5AP5CDkQvJgZApWMEpTEimZYsvXdazYLu2Ilx+Y8hBCQ57RPffcT33/AP/aAAgBAgEBAgA8ngRfkwwTv2Lfy1wOByP4D4M1DBxqahhGtBeutTWuNDkfA+BxrWhwPg8HgD/lHyOByPjQHO9qTGg51/A/R5HO/kDQHIg5E661ogAQ/Gudca4Hxr5HIg+liquInjk8dACJrX2f661qDkQcbVExE8cnjkxBWtQx/Rqd+/8ADZ/jv72IKkw08anj0xFqXGGGuKKdb11EPJH2tIw/0P0DiNT/ADxqV8euOsB32Wyog9u299GzP3hDyYIYeK8VMBaQNddaKmp8C3xdlQ+/H8Gbm5uuxcn3h8VKRZlWI3wQYOK8SrFnWb+d72y5HimSa4EwOFRKbKXrK6EDi+u0W/sWXszPyYZVXTh66zWvrWtAy/GysT4wOK+GNicDhop2D0cACa4qoqpns2+Q/kG8kfIfvfu/vL5FPJ15m+BznYXODFiQzWQ3AnZgB2qTVymAcA0wS2y2dprXzrVd9XkUsg4AzMXjB4R1L3WWcogrZetdhsMdRDDMbGtvuzarGD18n7PFV2Nmg6mRUQJhcGdz8CVqY4gKkBwAZjY5jNBDBc0MLmzv7Ow41Na1j51dk35HCEwuDNa5EWz2s0EQGXTaLWmTaVhiloXa3v332V+3uFm+TKb8a2VzJow+Na41BxuaAWdrD1xlB9K4NeIab8axnYsHDFuA/ZWUgswfSt76WE8pdhfwBE6hQvTrYEsmOE4DNFGRMlizQBSxUzr1XjRHVUqreY2Xi5GfRhxm79+++AEgUJ1292TkOwVFQOoXROfmPaG119YT0lEDL1Vbyh71MrHjx65WLjK81rqE6dAiqo+GrfBo4QmAWTNynnRVx8dMH/MtwGrPBNdfS1UXokx1swDMZSMea1169eoUCbB2XyPIXeUwb8QGJG4ubJLDQlFmE5S18mF/ZVEXp+q2Ga2rxnosyMD111VzQXWudaj22+UuzmKCk4nCRhq+OrwwHdWT/rfutkON0Mr0tUrJlG1VmFYDlUpWsEA69evWM9ubd5B7ANdAKrsOaVTxab2ZprUad+5IRUSV31ZlmbblG7eDBMhkTIqSK/s9htbLu8lbns29cGACYYHxfLoa+nWPHmlVMZaulVN1M7hEpCYkRrrKrs5EgRqXZicO2gp8GCDimrg8GZdJ46tGhAVUx7Ita1ZNXUItYHXHFcYrZkMCLDkNd2Ge2Ve/pNRDcKFLG2rg85iWCbY9evQIqUpFta79X9YpsTHVeGYkXftLlfse2E716v1/0/8AP/zf83/MYuvPa6XIYT16hAiJXUxx/FUfiOJ4DNwEXPxSEFSztlsoI6ynGSl48MM3U/u9wyBeJ3dWqnUs8yPgKqCpUSeN8QkUdMMZ9XksJkprHAmTBGVcevGVDGLRlMaVTXXqAJ27CWM1xvbJv5EBRlsVvHDHqBUiUPmWOMupE42K6sKrGCQxmewv27dFAHT1qkEA6Z2X7WuL9oYIIOEP47XvcUq2VdjzJReFT00ALxt7bLu01ocmBgYIgzb7bS/f2GxX4AC9QvgbVMEWA+RsxbfI1ytNWHG4Je93Zenr66DevrAwirtMd55PJZ+xfttSCIIIsVfGNSySua15dvH22pmStwchq49tl6qYYIOCvRZ2319YEbKyrcuND8AgqVKQRZitissrPkMvy3lsi3GycPI8mmFeLvY1xhizR4UNws1oAwAxZ2vbJLQ/AG1KxYhDI+I7WWZ2dmrM9qaf1rcq29MmrKrb1ssHKw8LGKw8LOnbtbMp2O4IDFCxYsWAzx9mVZZF/H/zL8sa78drHnsa65+4ZLKr0t7devXjfC8dljGdsiy0magHQBAAoXhePE2nx19vlfytrc3F8D4LF/BMnxtz962Q1vsFbRaLe069NdiVMHOWXMA1BNKOoGhBDPD2VP5ryerF8EqDKmVRdQVRqnU1t1E0OOyXLY9c114WWHMsaCb7GBgwZWBHAbt4+3KzHsuAngIpRs2jMpuG6yrV2Uua/UUJ3BwD3W0OFlr3NCSe29qwZGDo/XUrmfkUG5WH46QQc7G8liX1epKyqLS62izt1NRp6/AIf2ZlhLNACmusUqVKRGciPCaWslo/HoCCiZuHm4bUMN44U8dxYLVadPUaiIARmkw8ddEdesBVli8DhYh1ev4xBAamyMHyOC9V9PqqF5ptHGtdg4sFnadDSa7mFP6/qjDrrqUKpEZGgMVtUvkr+MTURvDX+U8V5XDu4AyBRZW3xrrO4cWezsFAKFCvWEGaK6EQgiGJxW1o/GTvc8dkvf56u2a3ZGGPap1r569d91gJOzDGh+CFVQIIYpE2G/G2vycn8lv/ACPHzMK/LXKUkR48rlLLx16/InUQEt379idEciCDg8KXGFh3TJuSJh04NBbMvJIj8XLj3VkuOOpTrNATupMPAQpuagCwADmqeO8VUn5A9dFCDMbymNl3ZOdZuPFW0K9LqvPadeutf//aAAgBAxEBAgCAn5H009AqCb/4j/AzcHIjQcg/GuNc7/gf6mH4P8N/9+98ah4EP/fv53v53vf8d/8AGfpoWOQ2a2ZO2+R/bf8AYzRZsls5s1ry5sNvsPHXrwP46g4P9TY2U2c+Y2Qztcclsj29+3bsSPgwfRtOV+7+4MlbtkfwMusbMa2a11ZbBCJqd1xP0/kxeXyGyzYW3vfbsLFy686tz9GZYEA4AmrEao1lcmywpjJYDBDARDBLMp7yed77dtzrFNPkFPOzMuLGse1LUsDdmhQ0WVNV6a6VAXg8CWWW5Pb41rXOtTUquoyeTMqbLEiI3wsYQjsrE8iW3WWQJpaVxBhjD/V/W/UbBbBfH41zi5XOVGhmpUvDTqpM62NusjgcEPxVWg673vfAPG3pswmBHDTGyOMrh6yErrrmo7exW7WKFEraAy++umrGZF/nvYNld2My8U2AzK4E6jnZjsIpEYEEqYJfcsUbMSevr1CCr1elq/oS7FeuawsqZXA53wQ1frCgGNxVNOxahA0EASdRWK/X1KOnr/XagpNa02Pk0tLJRdkwfwI1BCTNVzdxI9pyrMgPRekQBehUDShkCsHVq1p/XCOHrs48fVlQfOtanYt27AoWSWRp16wyiY6BV4aJHisz7fjexY11tqy/HyKcO3JiL6xV6gutNHhJbcSqqhVZmLFWLbVcDDWsgt279nsDMVYs7UBx0sD85bY+RkNTN9i5s9nc2MxPwHXJtm2m4gwsasd2stttzv8ASpzdjgR371s7d3mRFyxL2EvgbuX7du3bc1rXWnDqwMurJOyV4qXGUHTrYmUkqXHITrbLGVzeMvsHyEuSnM7vY/G9874ESqvArxYxtGRw0TimVspVt6txv8tMFKZ1tV0sR23gxGZcytpj2PY0Wvt379+2wK8arEVXbt7VewZPDMvFQoCgTe9wLNEGWqar8JcOrHFPXOBFCu9FjxqvT6hSuLVgV4SgwvwISZlfNEpgbfbssWdu62dWpyES2BO73M+ZHWpLasQtDal6QAZNbiBSpQCNDxZZwvCnGsB3uKQ5LN2rJsuyhf37s5hbIZ4oaukENWMZaOjeOXFpr9gfZ4PAiPAFm5jMh3uCBu7NEta7IPr9/wCytnVpkMeAJ6TinG/X9U1N+z3/ALH7X7f7X7YCtz0qNLAzYnbbMzq+T5SzzdvkEtavCvBdrW4oDEHtLch7FKQQcWL6fQcc0E9QVcTsqotEHPbvtUyGysphxlS27xmYr3OeDKIYpN9l7MIIsDQS2du3Ykt1CmIqV+paKRxogwRTmm66GGWrbRgvj2O3Gi1mVZf2giqqKnXr2aE9u5cwwwTExfStPr68GHkHzFnB5rqZaSeC3stJYcaWtKupm+01xphDGmJTVWFC9fWUIJMJ7b8ihEUwTHXytWHYZY8SXzShKVVW79+0K+ztCIzRraxhUKgQJ0AaEaMMJLZUsBh43iDylOK+OLEIpV4taVMw4MaaDd2nXW+5mvVjrjRAOdFWUghoY0tF4eNPE+O8B+O5nhv8bzOBgPl1erotW1jTa8NF4IB2YsJEM1QuPF43uGMGBjRpp1vHpx/EeM8d7E8j/wChTza4qUPjWY7g2KYYOGgMMUEjgztrrVMZF41qGGNGjQwmZC+Krqln5b43w6V4HjM78EzsRFK9XrtpevrO2+NbjcnnrjpWqwHU7EsdtGhjcZaYv5BZd+J/iORm3ZXkPy7K/Nv9NVIdXFi60azX6ys7d5100HxiKnBnbZO2PckkwwTOVhg4jeVR/IsxqlFtdkdbFYWDZ+NNWyK03vgxFxK0BMMEIIIIMPBXrl101KtRM8nwRTZi2pOrqyulqCz2hta50UNZXtKlpXYgnUL1ZGUqVZe3DjGqtFbCeUE1RZiW1P3dyXa1GrNfXsLRbv4K9PXipxqAwExgwIaMFjRBq5UNZ8keGai7FyfasYXwia6lfWyQN7BZvnEgirCwm+whjKwMb4Y2rKD5eAxxXk499dtdjPcaJbXNTXUqUNfWdxaLKk9nu9vYN37h+22DBlIAjDdyUHy/JHkqsHOxLUJLGg21vzubnXoV9ZTXYtsMDuAghlYxo0IMEYCWKh8qeFmZTWuC6GEVxTfUw43257Tr1bnQgI52GBaGHkwTTDyorqp8VT4u+jydGK9B1pIseWAzc39dta1169fgcNDDwIeBMm6uUVNGyLMu6LiUTWlhlRvqYdG479+e0FZXqF0TOvwYSTzZMjLuPjQ11z/rDAyMWrHw06iLGauMtlb89db79uP/2gAIAQECAz8C/wDc5AzTBmhkP6VaM0wIZBOTzmif6SaM0wIZJxTnZo33HK6P6GaM00IIlOKcc7xORW0Pyp57LUpgyTRldCCKIsHjgTdU1uaGSJTynHO6TktoflW0PZalMCYMkBl/QwGaYM0wZoJxwC2hzTjndcck92SccSm5mVs2/KmjL+iGsxKYFotoU85o3XHJPK7poyTRkh0ATRn1AGJhbJvzT5VTNCtGhP7Laaraap+qej9KH0pv0rZu7IHPp/eG485J5WpTU3RDoQM0F2TinHPp2M+JwCaPhEraOzjyROJ5rhmnjNPCafiCY/A9H7wqShogObFwoizdCe5O1uBuS3ck41yXbo9ns8OI9ltH4cI7InpCE9uNUx/Y9D7wqvQRknaLaFbRHNAqlk2HIJwU2OIhez6CExlG8R/CftMTfNg5IsKIuQnMzTNp2PP94q2gLROTlqp5ACaULk3AmiwlFuanntZRtSn7TE9Q0rREY2wiO4QfhzfeKtm6i9G5uqb0IWEIlG5CFx2SnFDm7LZmC6q3qNw6ycVoi20sQfjjzPeKqgLeNwBTZNL1EZRau1pRRROahO16H5dn62T1+iiwtU0PL94qqihQpVLglC9BU3O1gQ6EMEkwjtOFmFyeS52DSfstuf8Aln9lt+w+62n1NT/rb+U7/qD0TvrCf9bVtfqatuMgfuts3HZn0RGI5Yci2zdU0Knk+8XFclUhFQLK3+K9urfQvHlN2Qkp22PbS6XJw+U+lr3/AAsJ+y2xyDfMr6tp6BbFuRd5lbNuDGj7cxrsQCti/wCWPJfQ71W1Z8voo5Erds3VvUPJ94uK2VRRc3W3xvSUAiiiU8JxRb0G4JTts6vpd3yg0A2MOLWn7LZjBjfTpdntfias9m77FP2XxNjkRYWmQvaCM+R7xVUi5Fs1PIqghYUdUU7oJXsnTkbhK3Ssip6kOoRKa6uzp2yT9kYcIvxYWGQhtBf41WyURZKJyWblHIrf7dANg3vknbV0uM2u2tTQIbMQAoNkUKnqm7QQ4SorsvRFpgiLsqLPZlb4vcarcack3RRyq8uFPKGwbJTtq6SjtXbrU3Ztj5jmuOXGQoEBG5uoHq2bcVFdU/YY1Gt2bd0wVN3jCraeaCUB0cIteQACAnbZ0n7BF5gZobBv6jjdlQg5EWQg7qg4QaqOLZYfSovQZC3oabvGFWyPAvZsjM2jYuq2VvCbvZQoQd2XafwvMI5FaoXSiiiUehZt64O1T9iYcPve3SvaNucYVevNzdEr2rzplb7R0lBojkkLUIHBEL7IhT1LdoIcJWezd9inbMSXNnQKLm6YucQVernkbrd0Z2+0cAvZtF6FNp87I5UXZ5zWYlThRTd3St9tvEFXwKAvaPNu6N45oILZbOhctm1m9vBbV54Tujstofnd6p+bi7zTXjSyVoUc+bHJi4AmjNaJzrJUoez7i7uui2oVVTqycrYt3WG0ucBqV7DZStsfmKefmKLsesmyLSijclbqkoRC9k86HC2UTDn07KLKhV6gXCEUTknOt4LfYuDsYQ/4hm4GxhyY6mbxOSKDVNvtWHUImkJzPiESoIOi32A21Cr0E8yb3B1s3a21VLo0sJUqLjW4NAUs3vpsLBGIW+JswVVTpTcCamoXN2q9oYytrcpenp6KSqKt7W/vMcO1nFBzXsTq1SsFVU63dC3jFkU5RtlRfGtg5M36KvN3JaBKmTqt2qLnwc0dnhgg4CynXVpZL+Z3UKLpFpKbm/0QPzIFTy45TW4lbJua2e0+F1yNqqWRtGqQgINlOqJRsDQuJBe9dyzkVqLva2LCV2UZohGyeZVReccFuogzgnNo+oQeJFnvftbDm+a4QuEedlOqi0RVRMKinaO8+onqDb7EQRK2bseFDa7WQaW1C4QuBVVOmJWqAuumyi4j5nlNQuRclbwUKLZslRyt1d0PNdj6rzW9ndKi2sKLJVQuELgVVQdITZF/iVFDCq8oaIcpr1onBHOxxUKOVWwZygq2OCdpbIW7lb71SoEqlnCF7tSVSOhJsHKrZ7t3kq8oXpsFsWNdomoKOXAUmblVKqqLst2772zhcuFVVAvdrdK+a3tYdLTpZ2Xa2efKnNe7d5KvMN8IcqL8LfTh3Wt8WEW+8so5cAs3mr3Zs4RYdQnahO7J2oTuyd2T+ycU/sn6KUEBzYue7d5csp3bkmwc+cVBUhM2nYo6ojRAY1QFhsKK1FnFZwlcAsxC92bOHkFFHXoIRsFksPLKcjYEEChyJsjmRcNps7WVtoqBcIshxXuzZw9AebNlCqnljVd0bTadLRcAU2Fqm735RRsCohOBuSRbWVLDNnCt5CYQ1RbhVO0R0sJqnOT0W86blbKLHo3InMeoR7eoT9P7o6H0sAQXdBSi0p4T8HVtazEoPw5tEZucVtF7v7WURGaLSuyJNE5HRSgBCbGKbqmytmtn1j3YNKIxcxv/AKv4lMH/ADfRpP8ACZ+o+g/lN+n8r9I/K7D0R7egTtU76j6rut5DMpoysCCahbvWRZRSZsi5K72m4QFOSk3oaFOz+1pTtU7VO1TtU5FdkNEzRbNbLVbL6kz6k3VDVd+cFF0uwEqPicB5cRTB8pd5mPwE7KG/7RH+UXYknzsF+V9076fWi/8AMV5+iPf8I+adoij3uAqLZQFsoohSoRGaBQ5dGqiBMhO1T0/RP0ThlyyinalP+orafWVtR8y2uq2nZO+lfpTfpTO62eq2eq2Z+ZM+qyQq2R8R3f39E0YCe7v4TjnyZwqn/THnRNzePtVbNv1O/C0YB+f3Tz8yhBBAI6XJ5BOSKOoX6gnZEI5iwnAhEYiLve/vPF8BTknYwt5AYhNKFpTk5O0R6GHVUfDw/v68nabT4Wk98vVN2f8AqbVo7N4z/Cb8mzLu7/4Tvqjs2im0ruitaIdz+FpRDMkoZchz/hEqPjd9gtjsPpHnUofKC78Lbv8Aha0epX/E/wDUj/0rb/8AX/ZbV7A725nyBW3b9L//AKn+4QJhw3Hd/wCcECjqtR6UQy/NlF3uSijoql1kG5kFrbopRGHKCCAuFFFG9nfLzDQT5IN/1HhnYcTvRbPZ/wCns5P1bTi/GC2m2xcT+B6IM7mxxyUYu9K/4QyaXef+E4YlrP3/AJTf1P8Awo0b+Sj5XNfRT2QukmBUoY7SvZBvCwT2GCe4cb9waN/nFNmhWzbiC5OwaA0LaP1P2ThiCjsjunA/uit6hR2fCatOB0RyqtUFCkKDheK3GC7oszflRyuLm74hFtxz6/C36nUC2Oz12p/+Lf5TzQcA0bSyU51NmPv/AJTG/E+ezK/nBfS2PyU41ed0fq/hbMYAu86D0Tndh6BNHdHyUrv6IBStLkWEpzzjTVM2Df8AySjtP0t01W7RohOciUG/F6KPhaG/ZOdi4+qArj5oaKWNTTit6gKLcUUD2RyqsjRPFRD2+v4xC2bv0fkIgSOIatr/AJub7x2uQi5Rfi3RRipv8XPacl3jzXsatZP6nV/GCc+riTZKzc4AeqYPhbvf7v4C2m14anRo/gIbP/Wfu/oHE/8AgfdAf6bd3vi5F9fyUB3/AGUqUB3WvopwUY3pslDZjvoiTWpt1WirbSz3bVSyRZChTRwDx3/nFMJnZuOzdof5X1Nh31DA+aLcKIO+MT3FChi0z+9m4U8iQVtW5J/0okyVFhvxcjBa3uLnfZRhZK3TSwN7lP2pgAuOgWz2f+q6T9DKn7nAJ0buyaNkP0/EfN2Kc80ElN2ePEdBh6reUoDui5RgpUcmBKzzP4uSt0qt33QuQ4hR3W9hjoiDWxzc0zaYjdOoRHcai47Z0NW2BSo5WlyURgtblebF3fCfO60LZ7P4zvH6W/3Ke4breBv0tp6nE2ZuoFTdYN1v5PmoWtFpcjkEWYC9N73f3uYOU4JzTBQdR4nvmoq3ibb/APqDux1yKihs3hCohZPM1u6IhA3Ahb35cYqe1ob3KmwDzshTzfwt8k8qi4D521W802A0P+VCLME3a4cLtMiiKGyauw0TSw0VVAsJ50rdxvkYLXmxZK0uRhbHQ0Ply5C4Xed32e07Fe1FDxDA/wBl7SnwvH5X2Olm/R32KrLrOEqqp0UYKb0ojBa8yMVN/RHoceZR3nd3mhwW955rf4m/G38r240ePyp+JNbgLeFV5LgJkKEEORKI5EYLXkxhyj0XEeXwuuVW+whFjlg4IfEBGq3vO5w8mSnjVGyLNmcXwo7onBFuIi7BsF/TwSHX5FyjvO2RbDrc1vedskXt5FFEInFSm6qFKONjm4J7visZPFgtn8hNh2h4U9tSLTaLw8AqOXR3newN2bN510uT2p6JQTCBGKCLsE4UK3UcFKE1TJ4cLJRUJwwKfgTaFsz89hTkRYNE1DW0nKyOdPNoOUUNjQ52ndMYov2ZrULeEreaqeVyFAlZ2BByhPbmpxslNOaCqiEc1OK2eaapTsckRYXYqUM1s/lM2k1tKLMFvmbGzUpjRLXTYENLxR5k2RZKKKFzh5ErddZouDhNQi4VRZtMaFbu0IyK3HuaoUONkKbJdCiyU8JxQzTU1SnJyhAtiLJRYoRToi1kRFULHOwRCIRwslBw+KFFw8l2iN034sm0lFdrnAb82VUhUUuXsnrfIjJUY7NfBtFNVhYE3RNKiraqhRC1CFm8iit1RbwzIQRTrAmuwEWuA3srXNwU2BMgQbTaC2N0dTojmgLjTZ3UtKg3JRCpZIUKTACDPNAoDIWAghZLW8HCzdy7o2QnBStU1NC0TkSgE1wiPvZKpNhCOClBMgzjcKNlIuSi3qgoUKbSoNkVKkKiyxKihQRWb/RAYUtjBNONFOFVJRF8OsPkjyxYRbKb8yb8pkWlQoKDjpb7TNRaQpxvT1RFshcNFSEGWSmg7ziPJA28JrCztc74Uc+RvBQigU1FG+bk2FOsCG7uwFSwuwRGKIug40Qyrdr1ItpbumFNtLN2CEHUUI7TyW5XtXugCIH+E1sLSqBthb13eIKqVFwJpsN8orsmm7CLcKLf+I2g0wQacZtPVTcNvCbIU2SZ0Qnezsfot/BBvxQPum5keq2bcOLyT3GZhGUSNU9pmCt7tyt2uK7ckWHklDRNXeyEQjcGfKKlR0pLSLrmnhUNrV5/CiCLAFxt8rp3cJ/wnfSq8reCLTzRZ3TvNEYi+bJslFEKOZKjnBC9xG07QwE3ZCmOt3ib5XSB2QUqVOaIs3jemoW7iITee7z8004s9F9KPJdqib5PVCzisLjAXsh3zvVZ5G6M1sxl+E1VkWi/KINAndk4JwQzQOfPCFh5U2lN06Yo2hCzdG9mf2v1b972zNX665H/ACtn2TMuXIVTukz+yijo81FpFg6EWFEXx0s8jhW84DkfD970hNiSm/kqDyJNkhAUWtf3X+L7hYD0IN4oHFR1IsosTyPh+9+Cqqvlfi7mp5RCKCBz8P0sifPkfB978t8uTvXKLdwU5QgeaRmih5IHPwieRW78P3v/AJUGyFNwm7KhT2UI2DnOGaOaap8E7c2jfPkbzZtrbW+NLPK6U05IZHnOGa1Cac/AJUc3hb5ql/JZiyCs+TKIKA5EIZoHnQnDutR4X7sf7uRBsmyoUcmQsyVoEeSbGlaFHxb3f3HJkKHKtktB5NLP1KMTzSEDiE05wtCj4l7r7i/S2imzeDmrdMX5slBCcbI58IHFaFHw/wB0ftyYK3gnYbp9E4fKfRRtB3UHlBaBEZdGUM002EeF+6dZS5tHfLHnRfU70Wy0J8ytm3BjfRDS0Sp5hPTEI+Fzsn+VkrabTAU1NE0fEd78BNZ8IAtpbNswdQoN3O6LO39A+7d5Jx+Lh/dMZlJ1N6E1HIflO1CdoCpyAs3hPJopyWoXbxutyBVAUZXunPIJM3KrZ7P49oAdBxFN/wCXs/u7+E44resKPIjktHfx0bPudE7aYm2iDE92H8J5xefIUvFE52BRdpfkLugtPG92jbmiopuudkvqK2LM5/KYPlKpRgp3RPyBb2SB5koI/Uxv2kr9X46X/9oACAECAgM/Av8AvGfCTaPBjaOnKKKPNlDqTyhZHIrza8yOdpfr009EHfyt27XpZUXRYUUUUbBemhW7cr4JF6aFbptr0kqLZ50Kbm8P2tr0kdRSR97K+EkXIKr0m91MqvPK1uR08KVBVeeeulV60c+lledCKnpjdlRZXmk8+OfhZRVR8KwsoodeFlPBuK8fCK3jojopy62elCCHRwnv7BDMymD5U2KNQUeEAVNbtT5qfB63uJykKt2fAcTe4z1cKeZje4z1Uc6t7jNkhR9/Ba3NwSiN2MHZqSZMr8r+FTy8IAxKO03gIAH5W/su7VUSA3+6nO4fBKKTU1lSTSdEMT99FucGyoM3BTmjjVGFOPg+8exQ2TZ0W+IbTVBAGjSVtX5bje6ipdNK+a3c58IDRr2RKGi4G2GKc9vku/T1W6FNvALanwebnALZ8L4B4dwXJE+FcF2ijwjhuQQgRigfCKIBDKqceyJxPhJcjsh5onGw6IojNHwacVCwsAUIJqb0f//aAAgBAxIDPwL/ALxj+kh4VHgh6enVa9bHRQp8DCCHJ0U+HZhT1E9DN3dPh+Xhc3JVOkjqqc8dZKhUVPDYVPDK2U8GF6bKc2OfPQ1VEzdx4tPDKrh8OpeHhYtCGqjPrY8LAR8k45o6oqfB4U3TA8O4fDqKD1U9HTw7htnwn2jg1Ndv71SzJCGbo3d78I7xGba+aHFH+8f3VfCHOEhspux9m4yXOw7IbLbnJrwmsDgHF84aBNB3i3iiOyFJGE+htHgsN4RLS2TqSoa0h26I4q/21To3Rh8pOKc7ifJ87GuxCbkYW74PuMEYg/hHau81B33ZYJutE0HsgP4CdNP/AALfyg+ESVujdFlT0J6mblfDq+HcXh3Fcjwqvh1bsHwqbB4VC37QggUPDSndH//aAAgBAQMDPyH63gb/APk1v/OW/wDOW/8AnN//ACKF0r/+cv8A+MzIjneBdzq2L/8Ahksszqb0iA2LG6MzG9+tYv8A+BS3MiG5ImBgsZmG3G9LexhesHKG3FrsX/ziW5kQ3hMQYjfoG8vTid6GGHkyNBLIznGJRLC0NtQmHSe6oT3rYv8A5dMsQbT3F5GJG6ZGG99GBn6GFjJAY5JZjUxIhdVCEq2/yeZDZUC4TZsBwjO/uTowOY4G0+Bcg2jMS+wlhaV9HYv/AI7GSYLj2G7BlcbLb0N4TMYytIe45BsTgX66brrCxfpXUeTg2IEw7y0h/kNsfCT0H2rwjlF5CbI3I/U3v6MbcbvqMSMT3+lsxuR1bwmzC5khDBM3EwE2I0ISF0UtzMFxc4GFwbg5Jsl1bF9afkL+xY8x2Rgj4s/2Zx+XI3v03yYH9zemdz5Ng7ow7+/0VnSV4UbHUmlCHwPQ5LiMTg3v7lruqIuZK+YpxS4F3MurYvoSu3BYb4HuWG+R7jJbb0pCOw+B8D4HxoQqtF9NotvHuRpvtMnr2dKdSelsdm04EkJlIfChDwRklYcXQ9gyQXNtjmXchLIbS46ti9EktwiXygzscKyJ0QcDHNC41IXAxwzazMqTRiBXLhlh+t1rF/jQysS5D9hXknGBLKeuC1BuGwhUTRGw1sjuLdi7GyJuyRvxRPJz15YObZGZjjC0RRsQl9BswNZGAJ0ZhTfYeRct1LF/gsLCSWPsRIzSENlwJJ1ncM4deR3E1kS3ExBhRkvCdGUB3N1noOSn7DafzxJOmSPpIFgE8jMhMawOV47i0rPu6di7wSpeMuBbFxOhMhEJPSyRIzEN2YTIxUXeib2Zg2E8iOF1UrsiXdn+hN3dmDIs6yR0HV9WBOzNw7GSNzYUWid10bHwLSIGTIiYblBFiwogiu530kywmKDjpdhjlWCeq4si3ZIxrnzoWo6/FjMxo8x9zGyvMv4Hyj1b/Bu9of7I/wBdm35hcM9WvwYvAQ/eX2Ng8qDt0YEdxnYkbSixgkldH4FgnBCJsMXqxnQlkz1WddiK8CV1SuSKyrCdJl8R8kKYXGkyyk4HmUHIj4yYy/wMKT9X7jN7E9lB9nBGLdOz5xJnN8tBv6Kfknl2lvcOxr8a4EkMbSsEjZNMSSXJ6FngsLJnJKyIuFhRYJZE3lirNLDswwofA7yb00L7UmRE1VEJ9GeDcDDsW3DS4MDwlT5UX9GEeF+lVZffDM/weR8O+x+uubMnKwSJMEhnZ0LPBbQUiW1XIm7DfaItqTQrpgVZMESxNxQitf0OA28UkkQkQT0ErTHEiay3JrhUjU90TALD6lcJHs1JIyfK/wDoSn9j8PVKhkyRNgnzrt8FpYQ25QlRjYj7Akha7DmSRoSWBh8CYhCpHRcbu+A1+oHNk34uPEXP+inwebZhoZEsr6phVHyOV5c8+jGGmWz0wgbEjXezEtrVb4LS1EZEF2iwQ+hYTEltFtK0EPW7m2XLGn5+BREt/BPKUXEwqcKLm0JcCZn2kTf+opA7GJs/q8Y2pkfZwrj141IpFvWIJ86faLC1UdS6MbHotoY+ilbexbPU7mFr0EIrlhRu+RosSJCeHRaHkIz9U0lI+RyVO7cvH6GzTTTVYJvRo2DE8STo9gtLIlJNoJ6SEX6Ea5jTMj2ES5opDJ53Epd9CL4PwPZA3E5l2HmC9rviwufIpEwPw4fsxqyjbkCdG9QXP0CGnjb+SzHGx+uic0amhJe+j2WWll9dKy0JjbDemy1TQqyEE20p7kLM13yQyizld7oT/kUPAas9EO1JJHyNEMXVZUR8jloJfzc9ewfzjSjZ2ZKmvzlpZaF03qjQ9hiKw9Fwv9hejU+olEtMnMe4bG9zmhyoM0Sq8aLEkqpkCDVI6aJ9AaRa+Ryly3pgZDyq/KWFloY6zrXTnY7UbIE6JjJeysvSqh74eKjLJ+5AsUSPdmWXuOlzeYsRHDSTE5Dm1zdKHu+pik6WhPTJBIlCZAmKksTWlkcGyp3GN5ZghnAlmMkVgZ5sTT5y0s6EUWmdMkDpIjsYByhJW0J/Y3IErYQp9oX2GuYpslYze4NlpG99EEiOBomkkHNYpBLJRDrekCF6LU5E4TdhmOkjaEK53ZEM/IancG9LFuXkqutxCOKfOQvksukhCWuaSJiCo6XAxjs1ab0pJYuwNs33N8ZEQtcid9EaIrFbF7DpejbLUgakFibkInGDAHcRHc85MiihLcROjNq0JSRy7Uj5hJ4yvylnkshCqtE6zqqQRV0YQkKsQ5a1WLamWrBO4yRokissSogky1IISliTFE0nIgjagxsrJM3Du7Eaq7T6Us34B0XzLCzpLnUqwOhqu+jYNoSSHxDtWwtS1Xf5IpcWSEsD0KjQnSCxD0QyVSaQbByMjSSNm7MSJxpXOMRK4f2FPEMDk+BLKLeZYWdBdNaFoa3GtxZKqKV5Jdblq2pwVL8GUT3VCELmj4Et4GK7/A2KyXIpOpakE6yRMWlPIN5wS5TfuTgbGD5uYhMyXRZokjek1SOxP0ThuGOHhF6yy2iUW/2cp+xO31IbelXejNgjZexH/Edhd2l+BeTsbN4zc1opJGhYl0sS7s4qiUItN/RGEfbD0SLlIVHqiDuhKFuXLNbGP6HAOcjthXNEGT2raL1tSwvA+4NYGLZRRvdE0LgsMLJaTUGyRPmX+4Gkw8Xn7R80kyJ3kQkguQTSSBt0gboNi0YHuXNy2QDl2IfNboQfKdLf7kbpK7CfCj2hdFuhCELUhUnoSci2VnE2Uhyb3aL6LUXkS2FBOB7i5EqyiGWo3Rel4JwWIq9KQkJHcT3qhCjcnhwRRvgT+ZDkhElYSxSPMj2yzyiwt0KsdfAhugSrCJFNi1yHJb/E6L1tWyzQu79UIT2fud363HQ1gW4t1BzJUglJCMqFBNEPRaomW/AQv7DNietic2OyZPYk2RA2xHrSUNuMGQXHuI9s+aLPpJvCpLcWwS02JECT2ZdrtXkGW68ie8n9J3O3tT0O40RliR3aT4GRmg1hDeEJOTYoJESRWSCw7RkbvRBCUWitCGwmLn2H8ySawmdzO0E0JGONtkzLryeyfJDRAmm5ap0LU3tQSyJhaFRjpYuLEeQXa7VX+kUCkaJ3VSXI2flC5o95yZ0GukhBIQN4Q8urdJGskicN4uRYbID7CUJwJDHY3yKcCPkWJSWlnk9ou9C5mRR3IbwpGtmPkPhnIPhj4ZyHZncdwhcD2HKEtukhMSUSSmSFh7zpnNOTHvWBMT2o5wRumdjsf0j5GySCbUTqaSkRiYEygnaxrRF3SBtpHsoFDbgjJPqpPr1MuVSue0NOzGoBNwwcqKGBtI4CDlB3uiCFoWiNE0Tms+YQ6IROrb8ltvaOLx6CpFIpO52HK9ht4O6+TsqNqDdiYlikaWOSF5IyF2O4hHaS9jbTvku3KPE1cyGS9kVyWfcsz150l3LRUfJO4+R8sfLOTObOYW9yCNyd+ihEDwUj3ge6GEiB2ZDou4tcrMT/AKJz7nYYbeoS49iNkI7fka3T9P0Lsvcng8KcNCQhMQqXoz2F4HsOck4oe55epCbVhyTLMi5cWuWQgmhlPalnRQhciq9ukhZFSEStYadySjyPpcnIcVXybmdxjbvQfdeVAzgcL5O8C5RkaEUOnKFZo7jHNxEjzV0Tx94J2sJlkZSZwE23FwCxBYh8EJEDkjISRbNUZkaZ2Hww68c5ye1FwESoOwdD2HRsSJrGmBiKwJLhS3PSvkXJ2J2oqdh7JmUwu7S+9Ctsv65OX0j7Gb/cC4fzUp7BhJYmItY7oyPVW3c4V2ImXqLCcsbyoEzggY1/RXuSdi6ESIlkUmVLGXLE3oSzEQhIsx/9k5IOCOIlNCVU4M4yeVPcfYfAtsVWmDgmrGXrK6OZ94he7hHsY1b9pB90f9UsciGxvX9Uhf8AR+T+7+5sh4/UdvwkvwKKcs/kfZ5N6/FjH7hDnND9/cXC+7FyKDh7kSJqPAb25G92LNIhYo13FtIxAfkfIm0k7UQ9Ckb/AKVMs3pY8uCQQNHM5DkFC0E2TGdx3MjuGLbDiOEbZ7iez3O6JpBNFok4oxAidGa8EL2J+Bb5MfoJ/HcT7U+V/kfNhv70QXPydxjHTgLZehSdj0fcctLxP2IT5+hfdng7jan6Btq8s5x4G3+RGXPl0sZDZSBXNGCiWWbGbYMiIcmaZuGIOQnwWGt4HvetiFSWkQox7EpiTgOwWhzOPjWxjORyfuJ+4T9ggf6ou1+n+xcyN6e5z80bmHyk9B9y9BzsDgom+CGo7kL3v7F/eD+ceFveSy2jhWXsrao2I2+RMxRtwlJuh5dffcT46v52RtM8w+F+Rv5lS+4yQXCt8IXd3Eo4jkjxBe4lsSLCfsRv8iJEXokYGfoePljf9B/9DePUXL9yMN/czDtMP2Y39YnsNEDSE3KYeNUX1IjsStOdiSE7JNURc4U8DA2h8C5O5yoTYTcJsx9J6ZTE6ULhXY5pPLd/OI6ODOyE9VjMnH9iPkfMD8IQmVXhS+6F3eXNX2f2H/pcbZkbPJ39sjb/AAfyxrZ4593c/MRMEvli3z3FyPYnL9rCpYbDfHHvgyi9X5FXbO7/AGfBj8N+f0IsveX8I3p4ovuSz9v1JQYOVvwzh+zfzfcJ34FifCXChLJ/uhbPm5+vgbKO37D3QpDl5Il1SXcCYv4OYljayEzGTVp75vcxLYgvNjN5cCdsPoLg4I4mBEq53HzV4ibarob6pheEk/mK2WXqzE+Yei2/I6FnGD0QjN+obzjjYuyj2Xu7CwF2Sf4+Qzh/3fj9z2hSX2T8juO9n5Y8l2F+TA1k4fPuerGibRI90dg90O37yJiiRzRJLZshL0uLt6vcyeuynl4J3ph8rvgVoH3d2/yX2HshkEZ14GMA8qCTQ/2/2PISNMp7MZJhOy3Df2JXLwd/YeFn4Y2HHZjLdDuSTd7asOSFu7ul6JE2PkrBJFxRQ8roTx0ZRdG+hMY2bc1gVauQ9uc+kn9P+/4ESLh4+sXfq6b7Ldl0ws7F5ayLk3+jf7JEsXo+Z/g9wi/pkZR5+2X92KhPxfiO79kN2drDwUnPo/Ysr2X7He7ISUWd93RCEhwdk2rdwJWO+QddvgZ8mNICGVtnb8l958o/2fOlJ+7ln5GEK73DhkTkbIVZHdCRgfYJ3XDuZF+Bu+j9CumXs/ZinyO1vkGSW5X2s+w5H/Qaw9VouMXEKKqzcv4FSkN4pFHcTTdoHh9RYa7ehYvpnaTOvpZk39tL9smLf0vjF6yMkvd48bKjwUn7CfH7LPlY/a92xqlwm3pa+C+h+yzyvuhER+bm9cL0N4+Wflnf/wA9R5DxO97YLXwuA7LBXZcDY6JaMoISu2ORKf7CpJu0fcTf8Y000uTRPiJGGLvoW1jcLePwJzXhLBbk5leix8ja/q+xY8ofLNuU4+Ufwo9mMrPxhPT9EDTeExOcmZJkYsJwQu6NqkyRNJHc5tb1ti+hG+AsV+XkkSQxTpZkuwn4NvUR2QRj8JF3xn/DcsT3BvIfZBCY719/2yy652zzu8IeWOFZIdiRlu4WPcsYXCwLvcjYRnXAnONXfqaLCwRVKikhZosSoJjyiDx8GN745Le2zIFjpZUlw7otfwGMP4ZdUf2Ssqk5vRCum/AonZnFMXYLcJDJI1Q5E+arI5S4F2aHcPgfFFyIQhRokXc/gnQmoaRn+3Ey/wBP/ngYg9dfwXdFl7G7H5Sj5X4G5abXyy0WL7k3dkbKyohOmTegmeKfsJPuTkitjLaIZ7WL1j2GQuh7PZ9mMSIRbdtghP3FleaxltcJn15Qy8Ownz8Mb4GNNEM4khFOFAghiSNc0m6ybZaE8nKDOpR2NDbULkXIgktHGNPArvbuXpWcLfzScI/kgeRJ3Q3kyegl0EPKY1kPZKWpclErRKs95SxAhm0Zt2b/AAxrzLGwc919vI6Xj7M239hcDWiGtnRp6YWsmlb0IQuDe9CehNI0HZhyTpT2Mg8CdVtZGWxH5E0TFb7hsbMFSM15Yh0QidXuqzSGSSmRS5YIVVbwS772G5ehzIsJ/wBIXcHD4bF2ogz+lIK+15V2fKIg4wibKw73BKVx0G6Rpkd/sF2PUsjK9DZIJ0W1Ni7nA6pNkSNjVkOBF2TvScUiiJEtdhDfl6bUhulyI0aZRDN8I8Ft3EcGTlF+RQPhv7GQm18UCbMgU5I/IslrlxJcBdmbqi51ryMt0J41J5Hcw1hBOqT0P2UdJEKrEJIqnTuP0IJrOj5IT31WN6yj3KXJUkMeGGWuS+QSgM8PyLs+6tiIF1SCaJVcikjTh6iO5KUUIRcYm4cNmNhJGw/yFyKqsI5GE99KeaGskkVS7s96TSaLgXQkarCJwRpmliXvS9YdPRIpFif6Y0EOS8ckqgjYjybCPZ8kUiEKS1IIHgZMXeTYIOBPhGA3XJELHHJG4yWgSk0x2HNzevsM/GZI5CREmB8DQm4+Bbjb6IJobwR5N3RaJ1KiWxNdhPJBAmKrVGQzlEqlqykZIdZNeli1JYrKQ+C0+5DM1nekvsRCokrk4F2N43KTsi73FSRvMErkCyY0HZBDgS4IpW3GEk7HASzTXke82AdXCZyJ7E+BNkT7wJOExtiUJN+L0OUNkN2GwG9oJMdg3li0Y0TqSCIuTSSMa7vDrKrJchjbhXGzCJJGmV+Cb0aU1CVHYuK/3Id25KuLkwebKbr1o2JV9UbjcRxuIg2OKJ4BbInLENtU1scoPIdYfuE15syJMehIRZdxcyNYWCGOKJqVt4Eh98mLYhCIJxyNDofKL1LhJPsJvggVjkU8PkgTIgS20tsNsvuR/QLhInc9RLY4Ox2+aNVXGJENg2bCZbOCKTqwzDFmpPSZh+BbIE8ZK82yMJpafwKy3Ftc/tZOBd0LIjbPA2htMWeS5YHPdDsLL5MVjcSiLyN5VnRyWGuw+RJJWNg2RZIWiUb7i2vTBO+IOQmC4wT2EssaaXIhgl2MBvwehQVPYy1jKRhwZbUIk7iD81QuBjI7j4gjezl/AhEbjdxrsdyaTRmaGr/J6G4cRrNCdJ7BfTchSEfJD7UQLyN0qV+BQLDWKkJicHafUSpPTmGZZh+GI3pDbBqeGvkbrzBqDkkbVon1PQyeLFFrjYyRvHsHjYTxuTdsSRWdtxFwYowdxtyxI7EGGSyS1eQ4lsgzmpLm8k0Snt7oS3gdL3EoJXyCe+l7DG6JEDe1VsNE0fNbki3Q25odgawPcTNwezGg0O2gcKzHYi4Zjk9C4ppkTTl8GK7ZZkSfkxK9BNXSfkZEojwQlKEsbjdmkbJ3Gt6tQoGlGG3f3L3slu72G7vf15GrOw90G4Myw9pRuCTvEMywZEWOn7hIfgNwNDoKrnHFHqIit7GhRRsXA2SDYUMRJJhlsZDs9M0SJFVc1fJI0ShodFEujZscaHsFsggbo+eiEnkO1ljiH6KRMK7GtIrel+/6LKJO1qQSh5jLEK5vdCRtlZtcsGRNInGryohuVaJfhDxDhusKRMIjNZqkIncnueBO4qMjWUxbImTSaFyriv3ISdidyA7mhKcY5JSS8KSQcIo5GzXBBBcWxOZvRBcYWmR80nVBNjgapwN2H/wjYRwzA2Td5n70lQ7N+TJlCHGWS5IITsGO4wua+AyNJZLfsxkf0ETSI5eRHaca0eO8/cTsZBlumJi4m2prejsITFsEJhiD3EPkG4qMBtjoRp96LR2JEx0NDkV3Q0yHsiMs4qhUfSVWM7UcDJfxSG1ySNjYT2XrVqT3pJlzCdzfJ/A3gdmE5wJVZEEl3IvjLm+UJDV3eV+h5ZJul+tBGSGmB2z7H2DDfQ2UmYFA9mJsNbak3E7ieRuQJ8MXFO49kjJuLgd0jE8EsYmd25AgvKIeRo7tEqkEkiQ+53GMWuaNKwxCFrWGQcJOUTWlJKaTtdLIjMrttie5lh5JNtG1r453GqDVdf6zg/JoWWlxh7noAlgaUueZL5uHqQHtDbDbuWonm4lpk5h4STtrTGOGLsNa2tzyGz7Bt2hPCDGLggxMUjtbN6RSRjIyxUbYVy9hZKCcOjQmdqwZpKEIVIExDnFOVIhvRcGm7W3LDvMf2G5NZRYwo/rzogvK9DUZlofuhHZrZlxh/pkXKPU71QuRPQmrsQJiBt9NPYfYWzPA2r0GcXprTcbzchYSyLAzSMiaHRJJc5ot2STgfJHcQePRuQWJomWd78CewhLInhjZHkqqu/wu7LNO9s+heXl/AkoVY8/76YWVlx5yYQ3fMLEQLY07e5jujgO4QPsCWKzSDV5Nonn4XPc5QtmzjqtYcGEpOyTBBTlHcTbVFGsMWwtNkureBLuxm4JdxM4GhMgkjqpi2GNCi5zEsEM+b0WXLYod2XOq9/FtKclDsKi54ayT3v8A2Des5shQhn2G0qMJYtpkStO5akd5x6GW/i69djGmvsZfkbCDF1zbDHDF2GuhAxGRbDbITPsbOEPgTHsPrQjmnI3texGbi3schkmqXi/H/sXpDpKp7P4aYZJsXzCxZrwFS7o39zsDiG5IIo6RbkVi5JdLyXlC/A5bZIaflL7ol+selcDHupH7CeHPXT2G7HDOwzr2vokjA2JknDQnlIW2hPrrQiDgfB3JEKVsHGZfhaMUlUl+H4F62qQwSm5TeY2FsodmZzmNyzlV7j5OSR8jsqYHuSIfBteH+CVbHlKPZv8Aci2Usoa+5OlrDNyfIt0Yn9DkQtmRV0bAWFE6x9DFJyciESy5R9qlqStFyvpk8TwQnkjJqWwmtEWGRnksJ0WTZhcCuw9/30sDaFzDHymvkxJ1+CbsS2bJ2ohUgkj6JVW40tw9yx3Umt6W6RGu41ZjJpIkSXYi3FJRM5duDJPbcV5YWPoLjRiY3JMfMjAj6cVWuenOpI4G1Gu5yJkPzWBBes/1sZ1KYeLCZEURrA3sQXLkog0TcWa3dzfdzs/0YCbnKkfsPaGRtRdLAxsJ/A2bCwafQVfA/wCZyKkkfQyJD2gN9ieaQQyxfRZFkX/5boRJlUuP0YHKTVJEE0eeC9GuGm2mku539xtxVoTv5MkPA35BraiF0YP2Ln+g4HknF6sfJ3p2QqNEjRP0LHuo9azS1JRZVwXu37MkXptSVTNRAyGkuNxovBkdqRgfiPUmym+BZuThanuGwT+DE4HtcazROj6DwbRueoXB4p2Ef0i7ieGNV7abFi/TVJ0ybVtSGXPYfklPXASmXxZ8EEcBOIL6JZFbswKZHqRZjg3W6Doe9/JsR4E8HrYTbQ10I0TkXUik62PQkImRrcvS9IIMEqVzNZIN6QHqEP3pC7WdGq30Sxdy0Qm4OcIyD16bRvGAZiYcDEyqJ0f02xC6HnUxl9Uo/ryblyHonwpDglHwQTp74NnB1guSXVHcVxOHf4GyPtsbI3dZoYxofKJ3BNtUVX0G5JGlci0w6Q0W1em/vLGHW5KLxyQy5Ri5PqMyY7i8thwXdELuSbklyUXWaFeiN39C1hidxsDC4Hs0/gyL6Xke1qPQqsY1olUsSqQyfGn8qk+BajbspIYZOf4Y5Th7JPyxbv8AibQYF6H9zYi8JImSGQSk4e6IuM6MUhztuQ7exfBYkalrI6W/WZIzSPo9wTP00kd6d6MeqSOkly7CMPgP2Jl7cL/oKjwi/Oaz40c2Eo1sQyAE/fTMJRtkolCSxYSfpY49w1n/ABki0OiEqdtEPRakp5dELaHuHpr1A/1WCB8EbuBsX8CYF5HA8KTd5g3+INQnhCgbVg4IuTdUmiG4j7ESNYgN5I1tCOP8I6s7EdjtV0gjQTGyS5diyS5Y9FuMHcvGeKYJG4K/g/tk4VvkezSfgqwmlz7nCo5MfI+R8jhp8aUPyRdb1sdidpFLhR3d/wAm427KCcKOjByJ/wCGaw5Jydx9BcfpeRk+JbL0pEeSzwhN3L2RjQlzZ+2LhBeF67iWEXEssXk4Q+DLASy5FoisCG38hzc4pYvQcufRIjeEvMk4z3IIJ6a6T+kgWnmkDG6yiyLs274Ju6KLl4SSyOF9h3VbphguWNYUuxzfb9DCz2Q7POXD4aPViyj4Yhwya2IZuiScVuQMs9hMocL8I2uXaP8AoW0+v0n/2gAIAQIDAz8h/wDsTew2w9xf4ZjbD3EJsdhj/wAE3sNsPkQmx2GdxC4F9A3scKnAa26k6EttV9T4IO3SYW9xLbWnsNsPZyPJfSE8iQQpfRb7C6pOzUm/tGrPoJEIjVNO/SR9DkzsG18bPoIpb6B+GklvR2o5HM5nYcobfUtwvsN+U8PWmluhPQtanA5v1HgzmxOhJsP4HE/R86yRPQjX6BWnFUdV4C7HoUTysvpk5IWJzpXWizJqqBZ9BakkEW+lwDeaTKeGTIs+kbNncS7i4I+iaglUTKMrJZ9BiixIrFot1YJoyKeZGSThlnWjY8CaRpj6VqTKcLBZ10xXJerYmqYnsdxBHSTHtelhZ9cu4YaarE6IJpfW2JtWGSJvI7Cx8+mluJYvQmkRqtqYbVJ1wJ0inyER6T5ksW1wJDfYb0otpt1opJNJ0J9BL51IcCcN+tbpxWCBk0il1SxlVoY2NsyOlGmSOjAmurPqoxjGhEOD2HweOjbH0a5HgpI2jXCJGhj40oQhcHA4UIXNL6Z6bAu4zdfA2BszXA2fZoT2w9VvOhvosY9EkdWbI3BpSJBQNad6t/R/8ouk50QyUdz0DLkjQpJ8UjpR0Ysuou5qjzmxlcXrNL/SRJT1IhrcMunotpnfrpCerAtpg5VKaewmsEE9F1Wq/VhNCa6mDErcXgbchbrchL0DUe78EvzdWXR/R36t0YIeR6SE2TbJzn9BqhS0eGO6kOxJDIm/Hui/3HsjdROj+iv1pQlsIiXCQ1r7ez88DuZzFqcMOw4NHov2O5s3y3Ikz7L2LUSO5I1en0U9awmyrF/I3Cy+5ZnKJ/hdi5NruhH0xOH4HrF8J/IsEsTHkmTcRd9MVfXjr3ijMr+tx0uyz/pIZzDyLBtRnV3YbkjpsjuNz8hZSP7/AE8IXN9jJ6lLJnXP0EvqTWGiXjR8tfAjVHXhfQzo+esk5IdIrf8AwU0t8vRaepK03nryyfoJ0fJ6JlCuXqTn/D2Pm9IYsEOC+iP8FJf5MrgTD7EYo8DMMw9cP/A4F6kZPy4LjTRh40UP9E/4XPDgS2UEjmgh5G6lLG+qGT0//9oACAEDEwM/IerIqL/6mgh/4ZCVGN7/AOFXNHYY+aKr+hXIhCELnqQGPnqLkZ36SQx86+4m5yJ4fQt1GsDYY4XRSG+rGLH+xOq2mdTVO3ST9C8fYWPtpt9LBOhvYZ3FRwoQ+RrbVF8iPdZWi2mfr0zjS09xfIln3rbRJHQnXAxz9AhHjRc2ea2+jjBLuR9Hxocy9KWf0UUnqz0FkJYputiCZd9Ij2G6T0JL9GSHRqeNi76BxS9Jz9DJFZ0EoXE9XuLoSc/SSYF3XY+hGiBk9CatHNLi/XNiWSNcaJIfRSyxt6yqNegri58Om2N5F0V9SC5ER0HuITIMjJHwJW3W3Z0GxISox8FqX03600ZFIpmqfRqbGNOSNC+mik0jRZ0vWhMXIkJuielOmOmyKLpWoqEJjOZOQXJ9TFJHwLcT36ECYjvpYxjGMY620x09+XwhsJUF3f3iX+UNL5Wq+iOihC1LqJR4WQlWwkDOSSNaX0r6M5ONEolCGWJ0NRHUnoz1Htqldbb6VHUmNVpDktovpjbryR1ZWqwlEMg+xGiSPr7aGoaTe77CLzeLiY/4I5uBp3u5LkvsnAyZEm4s7PAhOHWKKvb6C3XbUpTGew80iy0iA3WDhJ+XckHcm3hN/wC18jtve9FiDLW4nDeUM5tyOPb9DjE2FvVFFR/QW61yOFyiOCKOd1gae6XKxIKaNwJVbep6GKQlhEt7ZIZyzsyhNCcxn/DXGo0W/DbKfYvMv6GEalD8sbY0lOLosnO5Siyv45YyQaadrz4MUZ7xb9BfXyNEOO5dZ578jUqYTyqylSJE9VOGPhr6exIit9bLGuPoIXXlMjRfWPpp+hjRdrmtv8DavwWiUP6WPo70+Ojccwyf8R8dEpjwEf4i6HghvNhO4lhEPXK/wKyE19hLCIE3PI2BMIj/AAlyLIbIkgbGxm2hvOqSOn//xAArEAACAQMDAwQCAwEBAQAAAAAAAREhMUEQUWFxgZEgobHwwdEw4fFgQFD/2gAIAQEAAz8Q9NfRBOlCv8kaQhK5NheYssSshsbyL/gZ9FP5Y0erORL/AIGv/nIj/hK+mulRX/ma6VFf+Ur6Ka0K/wDHv0QP10f/ACRLjEj1fop/ypk+iulP+MJXaQtuM5P7IX3qcfxNE6Vf8Osi7lidyX2jOdWS09Bd7bgvL7yXG/kjSr/gl5F3PzrRPypSj0I/MC+5cb9Nhn0Ul79tWkqok2nLTNZp+qCr/wC6vIhfyi2j7k0/kTSfwZvdl5i4Pv6J5Pahi+aHERlR9wsrsLort6LqDWoXQ5hRbgsaqv8A66CyoxhTnwB8N2Eky9h+Pdn50XGff0exDM+X0P74U+2jNeT50fAAlkLbTj+BMTGwPgZMkaq//RSu0i0O5c8xjE3YCn3r/Qx+0v2XP4DubfXVuybLp7DkqjcgaukReahFljmpZfYWhdhCFsLY2CWBbCEL+Fj9FX/z1FZsSSqPuHTm+CSPMfGD5U9F5di89xE+4iZi53BNEdhLIhulFLEaL0z6Yuy4ruXpfy1FH8SIFur5FFsbI/cqe595HqxZ+5MQe0X7s+KKM3ewy7qZeaKcxz3G9B1IbzwET3QsI+//AJY6DF7GklGvtoj5FTTP6JbPqZZSwq7DtGlVE4EbB9R3QppOqQ2blxEKlBndGguUe4vs6FG0bjcg/wCU1fwGnwDk3ZUnZf6yuU5DD8w+WO7PkXg/4XuLZi2ejGT6uSBQ9qiFM7xCE+PmPD/xeJnhRdYMQYoTwKKJD0SEyRCWNZ0SuRuYJsew4NNOwbbsDn4I9/4DcmPq5G+hLRE0ME1R2VJAldxU6H1V9dRR6EtBFdtwkTRLFjrZ4klnWPkv+Ccx5blj39GQUWNBvm8bnuNYYhaGs9EWGMTYspwMXB7/ACVxuj5Ekppp5X8/gZHQRCUJdRJatiPWsiTPwAlZXLPyhopChFVVRcAKUhog30ESUphctlt2SUMe1i+bJZAAkND9VfXUe7RxJV23CRYH2H+R7+zFF+R3PWBBuwv0FlImBMNeBbCeDYja8HELKJl9htQWaCy0fRnvh12ZC6XFj6MTUpyt1/LV0I6IpKCm4uVpE8erA9w0gpKMUbrIpKkY9tIExtmSEJvYVYELCwNxNSwJ1VIqqB7F2Ka0aRVU7nxIVooIi8bV9SvroxKrcJFFn6NydPbfwIm/oN0RccC3rqMf8b3N6lyTwVpxsMMkEj1WhzvMoF03usr+So8EgpDzOw5BxjYRE0OgNtRUhToVyu4ujQtKCgyNZ2GaTsJqSsvyLvCIlQnKIcVX0mxKElBdxOoRtpCGuSuG3uJdT6q+qBxZRuI9cB55NesW8tz6XcYel/xvSdHmLhBXje2BuDe6OEZLQxlNl5dUNNex0E2r/FV0PF0ErYRSsEISgoJl9FRIaUrFMyhCKacCMmGW3HVP5QtSuRE2Gb3Y2TZlxiY2RlQvBuGRmBWBpEP+NLZCWWZ7Z44DdsbKtty2xoDfUYXqMehj0MY/4ZG1NFX4RlmBWCjTQwKlFaXddRKZKf8ADUQ/3c8xT3dCyvyKwVNCFZoRJo0JUHUpyCKlSBLApqi1croX0ECSmCRLBDpIi7ovNrqSoonZolkixiiUNjmfVX0JkctkGEG7H/Ubrqitx+iRsEXYuWU/vjYTI0PqC6tL+ay7msf5jsp9JnI+q7k9yL9ofDeo+QssJ2Yx+hrRmuoKroYlF3wJPLYEGSn/AAUZH3zoVIuBEoDJshLACVcdbBOxvjRaSORjLmxDpCpJNmilaCVhtFRi0JaURoxIqQ1UdUMqyL/wpGiUWQ5I9Q+WRrBU6Zgrxb3vogc0QdQ2Pqitj2PpE3X6HLkM4RR0jZz8uWQihsqL2/jRBX9yCbuF7bCr9OwH9Bj/AGOlJrDUhMj0uwukuDTis0IREw2JE1n10Pp3PKN7QSUhHKBDrtIPIobi3gaFg5GIIat0SAGbQqEgqFFQk6GKlKj5QyQLijbom6iE5Eo2Jo/4avUbhcDjaXxJ+yNJIE5QbN+JSqlIxtjxYdLTkhkvfpsJKFRbKi/8ad1I4mTwUHdVPpXRfydftqelYLNCPRAluD/wQkIANMjFQr66H07nnKHAsGKomkCKIUmWxNMJVSRSWQxjGhzUYkmSti483MrRJUUoZR/IirvwViQa8ewtI40O5MQrCaF/CRVGNuqUlDd1GqC6bhBVQVpEJtf/ANLd3ySe5v8A98/IfdcO/tDJI1gRDoWEg2ih1G82V9VBd/8AJHWJQXao3yEI5JD4c7EkBBEJaMaGJCKoIjbjYdAlsLGktEgNb2Eqx7aCsRQkbCBtKJ/geCQe63+hjGbpsnA8OJR/AR1OEVHJTBFURVpVmQq5KNj02VuJMmfVP/kvS5ImSLNNR9rMpkNohr0QKRqmaXgcVY9Udd8kQ7lAmNRwyq0WAsC6IbSSNXA0JNJzCVzISsMholCMEsgS0UtCf4Co5Jtz7BO5tRYTZEyX4bvTgD78IZAmwVgpwI9LqTSiKDcamUEmmdifTJH/AI5GF0rIS5Ww0EaQQ5JwzKHJnJIJbhPpfe/JHWKETRXIy16DQ36GidJRIFSoMqFKiWlGinSVBMkrWHT02KQv5AmTzUb4McpJ2aEhARp2eFpQiaMqf5gVT5THvLaSPQG1VFnHkhh+5SqRTJO3pWkCbjRf+BRShpJTH3iYFTODTUNPn0FSuYZljMkUUcUMiRNWfo8o8hHQINg1gX6CFqhbiZEHYzcmhI2NkEohfSGStHuMnBTL9Kwln57DczlvTiisqTTCTW+qdyDaoz+iEjdYXiSI+a0CrqT+yeD4oDU3C+gJkb3WzFUQuVRFyBGhbUgpliJEmSHAT/mwINRUR7GRh9MFen+GsMTzRwYGVENEuoUP0QB50eIkS/lr6IGh6wVE1IkU0VL3obkJGINS+hv31qEqFiE0ppORn4JITYmHJSjhlDxZahoTKujwe0Abref2Qq8ryjraQlQ7id1c4hhiCWVcmE7kCiNCdmT/AAvc5FnaySSGO10X8jTVHebG9C7CXJUnTYBEpLNTq5uB5UeIjRMb0MZuLSpsSqMYxjWhMTEK6C8MONIGmRq3RqfTIbloqKSuwiI4Uk+iOR1UdShV3G/3AzH3FsjtZ9hujuqg2+AcxAt6CuXBLqhsywJ7XIXgtUTKiFQIlXEmIG0itP8ACldpEZdFW+w8uTyIjLgnSGSOUiolG5oa+MR10J9L0I6ENFvoXpSG0QtIIGPSMD0D20GxYEbIQ5aW/Z1ETQ3kpYw0JkivgVHUYmslYbji5dBoEociR/05GwDkCMYbciMmOQ7lOKkWPYzdUFhD0ahdoY1VIsXRUSjZmQiqVC0oMx0ulANG0YYmItPcKr0k5IlJ3Y+X2qIqyPrLG255GKXcd3EIPchpFSWrpYUE1ZqdJNPVRHQ9c50J6ESQRojOiI0PQbyPIarUimF7dAbqVM9hvrWKzgdWu6vvoud7hX2P8gw2QZsAsKhO2erlQHItJtHV+h1ptGbquSioo3aEaiFZQoqSqBEkjMkhwFZbDrOw4RCuIJm4QJXG4TE1RiyRbK6pClvuShYyRar3HdL6iCJbECqZYisJIGFORs/BUQUCbaiSuxrTBWTdRISyQu2u7EeLRjJ0SHokNkfIqjJsTdCihu9F6G49BbECOUWoM5lMXy1VrBbp7k6GlWS7k7NIHAJgVod9G9Fo11hMoukcKSRMemSRYE2ZujAnJMNiTD94R+40q5GWQBpCXVliJjoWiUhO2QmUjpkbQkBlRxkqlMtYTSu8rQJ7NRo0oUvKGt+bMMmhqxSYYlCZdHgJW6w+Cdd4xPTQi0JCEOBPBA9SQhDsHwMTN4sMeRuIGMNYY2zEujH6KZkgTpVITQkI06QOCBsZqjgd3YlJDTtQ5QK0LiR7PJdFcTuONyU5FAxAoJpvGjVhVm8dRkTVy5DUmyDoVZYShbxZQxs2JqNIZUcMCVL0SNOqY9gMiSW9zMQdVGVkWnqIIMonSr8vgjqob6KGtedGh7nOjBLOkHIhhCEHsh7uDJOib0uIjsEKBOw99H20QgkKVye+lSe4UMko6koJITwCS+lmCv7AlKkyS8nMdx4n2IrHtDLph8pv4Nmu1C+nHleS02vdDWRipwXROzFaREAiaqrEHUrQipZEAnvHhJZSKVoiodCVNyX2A4UNlB9xpV9Depgew3Zdy+BTMSuNiSzhyJ3KZ9Wx5EPsk6ojRG4WrHoxv0ErE5FnQtGZA9SJlw5To3pRR39Fcg1p7lOlEWMbVFQQXFUl3ky9jFGCWQpUEE2k+pxR/sdfLQiqz7yXm9xbT4+TNtyheOfDGtxog6DLiMbDTkaIcFBuyKJIoKwuMSbqTElDBORdR3Dq1EVvTCdVW58ihIbDYOuW6CTpXlzYr/CMKWZR5kW9kMkYrnAtwWw9CZgE7B6EL0QN6N6JC21gcZFmOqkCqzH2/wBH6TENKFEhf2mE+4fyJFHgV/kUy72HcLpoSd6kJTkwX1M1dFfyxrVLwjJS5E/yZjdnuMJD6I8pItq+huE9I0iEUVsSiXcgNkqjxQzZZG4HYSMEtw9hSQkof5RYuv7n7D9HNgaC0k9PkUyqR8EMJX3KR9sejJ0ew2BtDyJYEsCFsbLSBvRv1WRngV6yqXTYxRCUlZlLZl4IqvXQhBFEtyNp9n9C/YF+BbHQPf3G+y5Fj4Yso+bFigOTgkUQIpFDLbwU62V/L2F5JiHk2A+77kCd+dEaqkCGw+Q2GiEp30b9E1gd1RJwQRQsjdP3g2X3uLImqCGkLliUlbWJCRZtD9h7HO+zFwSnRLkT5DIWnCfISN/i0jzHh1Q2hMGw40Wi04Gw/SnI9yRtuTDQQIIIiJ0yUiVbEng5H22W9GukIkUU+CiPgJUp4IoY7kjOJCZd7GwJqjTJExEvI09BqpWbIRRDaVHEiqCZMPAQyTFNEYHgcXG3L1Bl0J2QwPInWZFto5ElRMk1szQbRGm0BU2HpVHl17iBljqTySNiZPvrjfR6NcJ6a1nVuILVsb0j0L0OqEbYg0lo2wM6wTfedm/g5z5HpV0nRWtRnLomIUELsxlesm/RNldC/RmSSLsfLSUp2i35CdCqOotclTE1QiOkoIJNKElLGoJ1QndCOES4RxJwzYdUCVkOYI/CwT9Ah2RAqGntV/RGIdVvI2vIQsu4SOa+4ycAZTRAhPXBycbtNBSZBiPtVPDJUvILtIS9MZ0Y9HsP13xjKqBIbyWkMBIydFOo3pbks7HEP9htm7b8ldakaoFSUUqDlMQc9IYQtRhISqS5D2b6ieGxheSIp+BJHkKyj3GXVH6ERHdD8E/gJgKyO7JGgcQQSbGiDJiMFUQMtysudyRWsO5+hUQhcMjyge8QVx4dSOGOEEqtHwFTTsZiVhwSEzeoiVBZuPEjeSBM2TxCEcSX+lRN1dEiaUar0olqhMC2OCcacDKDBBWrLJqs6NjYbCCHqJve4p1PubaFda+knBHVe4dIiHxBUSc8UIqeWL4DRGF2FijCnT9FxXlMJfdmzdQVE33qKY+BUnbwp8lYPc4PbTJrRoCQ6OCYUFBAuo2pTv8AsupEtCSuYQZCoKoiNiJ3gUqUDaiaiQI2HAOzkJ2voQ2DsM1+pEFnB1dkHKeHyR0BPX+RaQoe4ydAtpLp0F5XY/qE49oTkE/UL+o/oDV5ug5/AP8AoNo4sxJCyIshsjRoej2IutcwCYz1Llpyy9FdaEEkEDhSnPFSC9xfsRWPsLYSyzdJfRfh3Jb91+iFG+Jh3glh2Iy/AnZNDcfWpSuNh4KBOkcCipkVyIsicDkpUTY+w1wSOjMwNsigdAQmrlZ3HSkFFLYhRCFc0LcS9B5+HoGvkNv2J3sIT6E1/UC7KIqsEeTDJ7BR10kBCnLIJdOxCkQ1KYSgiCFLo/ZlypC0rwNsSUykxkBECWBG7V6mSIOhDru0bsRPrA5SVoTS1pTShKpdo+D9YFT5RsExVVEskriV2n3FZD3Gyw8fUWPFJObsnyhp+4oHs35IiVPA7s9yhI+U/JW34HCg3/goOBkJV9FN1Mx0C7oQ2JsBGU5ioamweBVKRwfSB8/kaRikdR3hGOXc2ZBrC5IQEO3+4hPCJTIfMT0igXZEtQ5fkwbyO5vI2S7ifuP7Q/7jBQ1/MJc+oSQqEAnllKzGNnOkDZuyFzcIUDObFXVMsPZlBC3JXlM7DNyYXE9xJ0UerEdypMjADyy7yIq197FhGXh7P3kwAl+IZ0S+B5ZcqPkfIo/L8GbZx+yJzV7aDwyFQpkrQ3KklFHGk2UOKOGKoTRR+RpWeR8DAmYUh7vcwSPiPczz7C/oDRH1VFgBK9VaUB0odMIELcnlkVXqkzkgU1Ik7jWQ3Cdjk3jIgTJ0WiHhjBdI3RCZKQmwGcI3BD2+b+CuipZ0ZQ/aIVzqoNy9x5fsx7Iuxue6F/o3Sfee4riHcnuqhKyn1S/Q11nwPg+rCTqEKBQYFWYqlOB9p2ymo9ieRQIeG8jxDDhJg1hYIsGRvDFdGu6g3cdpE2PpIXEOXJFL4PmCJ4EAnRZXHKmcmJFFu+moxBvgSLVL5nFSUKuBJEC0BFMngWj8It09w7DcCSJinWRP7MZoPYzJkWGy7CLaEhLRwVJHoujYkUQIEpKJwQO5+inorotgSKGSHYhOD6Yk6STl7l6HkhU3EHuQi79NxPgETN9lwhRfXYWr7n7G++8Dv9wJVnagmBn2DFFiIWZGhn0B3QTUbIqvZfxW7iDk4SGUzDCqJTBQv1M0dGOl+5gXIfuK28ixCIuginX2EUhpciOT8kS0S1wT7CIK2Sv0SUfL4KoXTREJQVmXkhDRhNQ0SDXGR0quwzCHECRB/cQrY72SIrHsOsnoM32hC3N3pQbohKokiBKrXoikFTr6Keiomgcv3TOl6ydhPxjMe1X8hLjriW3ffynZPZ+QzdADc+ioLnkIbVk2Kd/0Qt46P2KyW1mpiKzML8jXT3Hf1fCIKUcfIjd8QL1bVEraXrQSyJ0VMIdsoJklh1QQpXIqFhSkrsLrHsFOQ7xPu5x7P0TijqirQHnQldC2cdxo+Hcdn2CtBAo2Cr3aQW9uEFZb4JNbC4TEz8ifsEDLLkhNmfmhknk/QPwIa7TsYC6jKeVDW86HVH9y14BV9gL+xCyELQSENhvRCKhwYRNglqoNjuwu7sj7HGPnN/d/zKbdfLEOlj9WWjMvuUpQFLmJwbvcluJqib6H0oSVVt+AJku7J9yfsQu3S/g9ykn0kfcY0w15As9AX5UKfvX2TEc9p38kUQ9YfJCPKfyN0TT6IdAh3CeQ5GsFAOSyhkIoJXUhKDcdTDdBQNBs2kuGxlOBcqn5oLgiw26Dck+wtw3kNJXZQdG5FpF5aQ9rhiaNVBqTaWsCWZ2F/sbjuLkWWM4k2sQRTTke49x7m43G4SzeWLj7y35JZX5FsLE+o+RMLDzIyvT+pu9gaz8fvSR+QP1pVU8qHdPKIg1WXsQSsK7ELZSt6FMz6nj5gJ4b+LhT0VHg8VEyyCUxtyAG8KWMpU7Dvd8CyOX/AF7lrnE8EwqLt/dm+AnvRD2UXmm3VfvobPJQlntEkKStnTzYVCJdxExXNxPF+iZQT4vMGSLu+JFs2yFxk6Db7CTQnYh60mjyMqrsDDLmQtkcQEc8LJfKFRG3VHlF8DpR8MZW/oQFTtvDR/gVjDLyh5QVdtxtC8qaeC4QlpVErR87LsK1/gUU2Kka7p5HpTwNxQJ0TfIhQCDYQI7zY4zE2etD9EJh+PVyPce49zcPTjSNwXNKIl/C7nZVr8xdAly6t3b1p6Wcm8ggXyRcgXl+SIx2j9aL3bFR/SOBFS7dwfC7E7CMG7o8uEIpadG/wWXzaaT+R/Nz8E/AfThqPq9BVXOk+6+Be92nHuN8eveckpaeSWT+COpyy51N0PYu8SxRE+CpSTVZhR1sd2RSndO708IpBZm+znwCvq+F+UOsg/sgb7dcjcQXpSZ+unyC/uvYjaLLfaNxqUuHke0i2n2HKEbT7+lAVvCPZT4Ewcq3lF9BRKHa1jSMMxesNehmCDAS5Q9t6FwMJK/7mAhIRKgEtNR2DYqFwMl+pbIe6eBy2RVpsgbVFgYCGDZoMqw1hnI9YgUs38FF6FNJkeS/sM+8P6bPpCJ90GIJv7OF8DqPZ/p8i46C0QouQ18B7jzogHiMvi+TZfdvD3yDPz39s09r/dkJ2+B1dbvEHL8hdcDpNxwTpeT3dl7sRFTilvrcKKd7vyLgsqpuoJTUtgCoR5XbfsoqG2lT9rvdkCs/0+0B0snN5QjRWB2iCSllonwvgq9VBJ9G2/UHUzB/biT3yZX+8k314ThZi3H4MHVofiRKGG6DLPpUVZ9hBBsaVfIkoW4Kq4gllY0ayOq2xNWPJpMiC4OVZsaYIIIXHaOnXdDSQq7Mp9YJlv4iovUhQ6FY9cwokTlhqkc0fnSrpUZO8QL68ZvdmkqoQkY25R9ANs+yZtgw8N+xuehHTc2N+nX4Qn7rK8g8ANfsn3FZ+z17lBdD81xsOb7diebuebfElMr9JFVOyQJ6CUEVCoYuRJWoQSf6SMselyer2/oe52/a2Ry0MjJe8uSta90N9FcQvNB9lPwLNoQHH1s4Sl7EgZyfzPnkhku6FirWf0g6XJ9iqFGRENraf9GYcV/b5EU9I0v8iHJq/EJ+xAA/sb9HJ9eXp9xADzQQJLeknUIJCWVFpkW0fSJlQyu1LEtHZDzUQbGwtlCSUJ0ZWoFPsBEsn/AU9KYtxSqKYhjQx0uDmpRSbyvwEK6uykOwRiK8D8vfB79C7Fjolo6HNwKISvHiwkLsFvj/AGahUxwPaEUd+vuRfgPp2lHwhjaThAsrndE7X+AyWnZYXRWLR0u3RLuNieOheru+xRwVP2X5KFDi4m9gLtlZYEGlBJwN2JVENCf4hFGBXbd8cnRk9lDyNhJqN4qMXy6+RKJrpCHbIZM4ERD7Ay4Bm7m2H+h2BDdy2O58fSFzAWfTxYU3tP5M/uWgrwsb8Pfj3kchTr94JDpWFigqHwMkkYejPZjpDJscB3JIVByQWDfA7oVmiodRlJxghwT3wJ2r6ZQnRjGM5IbUhC4E1KNx56K7Pa1PZhDaXVvLGEJzQeiTysJlBJKz4v8ALoMCchDovgFkuX6ssTTno7F3QEXpmFU+W+QpU832zv8AUUppJbxBDKplzyVHX9Clo8CfsRFWX6G6bu2I3ZcySSRJOgkxQTPrmyJmfdgrzo01gSyKLySvfSGiXchpvhj4za92SCW4YnNlQQaE2ESgrpsGl3RPq/s4GENGHp90527FxIgW3pdj7NfI1ZwP6GJtGBWvyDrS0SujGleIMlLtoZD7loZQh3CE6wLOgKh00QUkkrvyBqJP2E7OdXVdDJhK8oYbkbtEhXV2FrrOzosjaW5ejZuWY/c7Oy+dhzi2j2SgncH1rY4MV8FHSwp5Dw+4v2FXVYRCcT+BEwulfqZcchT94xtiITg3SInWFisLjbCKib5BjliT1KQNmXhLwShXSxXwytbH3IR7l+UQ2solFSRqSFoSnRucRj9WOvTk6LVvWegAQ6Z/QE+iA2AygVRWsq7YyiW0ncQIJ1ggYk2CHF8vRZSRdH9xHK2eu+iaYlE7vJv+TcJ01K6Twldk0o9z66SxIjgmgXJ2XfoaVf8A6F2JupNKTkicL2A6aupKFRlWPiQ6aiHjQk+ESQrjLSYSJ1laJjEHCInvy+DcKF0Kk9BDIidglI0qcSdspXQmexWwxQMtKV+PclzhvW2PheSptafg/uzHYHnoYOtpfIj9kv5Bs77QQu6tzyOl+RxD5RT3WkoSXPSMmNE9IG1BsQhjFffczGASyn6tlFsxJwkvYSUckemvWegtJSQuOUoS7dhLH7Ow3qxPI3+qC4a5F4zNEJereiq7CSLUI4xneRnb8EG4azkfRqzckTXv5IHUhkHpCQ6ogEnpATHHtT/gqSmXboEhWSYSKtnYn5CT6TnP5yo7Ibg67vQpVRX/ALJwY53gkxFC2OtNFblwORaW1Qeda3ItoxoT9CWHUfdQoPoepUImVKfcNXDcSSnOvPppXEqIo3kqvOC/kvuFhKy7EKLjZ2CWFbnIuUSuxVh8iXMKBc0EqTOhGTbI8wjdLJXKItxjJ0knnRD4PchliGypKcEvRQyEHISzdPhaS43IbyofTYxKv95IOfiCzH0J/wDEe5A4GzSH0FyV0zvdkfA9iVRV7bjkunZLM6DWXpLIFASWWUpye60WVhsjYCZGiY1pXtuKK8hdaTrAmEJ+yKDOQspIJWsDM1bhu/wKSofl/RNWNo3EpI9ieESosjFmAyQsB7kXaEXE1KoJLJmNOAnirE1GJDVNErWH0M659yHpUqYG04LbkQ9OyUvuiKEJoGpaGK+tNAibVcobbNJ9hk1cSFnYJiibP4sacNQ1cejqGhwO0yQ3ohJURUU0cDSuOyJeBtTWUogRr7iIa2HdaC1EW5GsmfqISk3hCkrtC4wbKFuJrcbUECVEMsFhBC1oJJEto4Lb0UlFfgOZ+BNWOEIcVJCsl5ehOyJtYWzFhHAniBonAhdGntPJKkvUQph9ZD0gQtF+x2ZlnolJkPQldVOglpU2T6WGlSE6oVSywdeR8n+g2HGpqtmLY9p+xUu6IUI4FydsUSKCAiyAkMjlMhaRdmNosrYp89Aq7BVKoqkkJIRXIbsGlTPTI2gzgvg4gnv1+KlDDeWnlJiomR1IVyOW64qljI0bgyGBosGcjJuiUqgkqMUaERhOrJNT+xOrZgbkaKxfki2nA9jdDE4GBJZCjZ8EXwIUMhW+48aaECR6DoMmjlzQhpk6Ya0UpeCQrp2D4EhUlkXpWqNOSj3UPsK6wwhlEQPoHQoRxbNyJexu0mIDglNCFfRcOxZfuKoiods2IG5CORnkSg6BvAk6FoNYmR0hXTxOETZpqi8EqdFZ3710h5Bsh2SB2A+o3AyzukTQJmDKFNxbgy/oPSIzhj4QaSkFJ43HuaBbYqBWoEqsdHWMibkIoJ3EkN48jSPgjMC3k6HQSNcaSRpGqv2N4eCENVJt8jWskBNGVgSyJ6JnUHuUIejnSEEw3RV3IRJ7F4nyxExSHyQoI5TqnvIhItSWhzh3M0SXU1ybIp1I3KkOYqNvx7E7uKo6WGxHR1Qg1uK7bcjsyr6hR7iqBtxybxRqQn4hkNYUFnGNkSsu48hOoi0FRG2yyaEX0MYKRTyLVi1G0A9OoLwwoTtBY3cQI4kLEw+oMbwFda82Hwkb3xcVAvxuK/16fBr8jCIZuC2NgbU9xLBFkMttBWauv4CuTfSEP9D5YsnaELnqYiHArd8jGPYHNveREskV5ZZMbCXtcsYqhjUfdyOpOC9hbjKBJ2FNsyCGYIbKwQEPYaHOBlaSXq9mKbyTZ8onZxZENsrTUdwNXfnuEFIXWUW6ib5Y96Jr6/4J8Xek0e4+qr3XsUKbipVVjg/0yw6Nv6Jk1umBHZndPsJFYy+gVDCwhYNzTuIo8BvglOD8ErGBQNCLnbFRYi+yMXEw6JoqRIqnCyzSSyLcp87R0pCtUGdiTFqTQJdJqxIrPcUCWPIiaEaBisBs9xSySoi90KpodAXZNEIJRSZtgagls32Q/wC11Y6s92ybD+udKb+YMIdxwuCRgitoMH2IsKl5sJpdYwQhJLkolTYZTkWEY/Axk5IrOgngT6QhkSuhDIfUqQI4GnNLQyBwjujp6uxTLrbmhllEukElNo4y9mh9QIl0bbex8zBVUXj8NwzLVg4bYG3E4S4FYSrcpj3U3lUZ4withTDZlMidGYbLcmjqUIperHkaAlFi6ZaIbBEJWLvgoMyZLnIDewZOduUuZEJCKoFuRiC26GT1MleRUiNRKVcgoLsuS4E4yXBtcbkKupIzv4EyGDZtfgxMWK3FbaWBnWDA5J1nudI3c8L8iVSpkvL/AAI/BD+sTuXMP37f2LEizgXMi4mYewlVCYOA7mpdZJkn61/JZN9RLGJTcDIoe6RK6vBVE7mWJUStJTRzA2GWLscYR1HPsPe25sS7sFOwnVfkpHilWTkRLRIb8JYLG8Ex6pFaLch5mETXuRRKFZ2ggGoZP/R2Aa2x1GKBJFxURhVELENddROFhcj60PsRI3N1Ep3dAyh3FphueouGoYqihXBUhHDEE1irz1LyE1RGMWhATF2VGoFMS5MWUNiT6lTwdJCW0GcwSZx0IKqFRVBYiuGndgIrowJQSSbAZW9p+jgluNcFjRKWJK3lyL6j6ITs/YYjuGthgpMjpTp0ESklWKBViiniS4+wmpJR0JQosdkG55R/gDtcmWBlCrJiiqeGUEYsIeYqqj43voVjeeApU3M73ESh5EvyXDaEQTvWwSIIwiT203R3GmqKlnwv2LNyn5FX2FrJOuzpckyxzwMVQZRBNhse+jumPIlNrIi5UfkR+Wb7Gi44Qzp8m7KFo7tKQ2Klm5iBXpC6JDqNoQto5A7hOWVA8OGmO2BSbkbYkJvZUjor0STRWL3Ycm1nCRho+UjoJSMVB2NDn27+hI9LBFuJ0XsJc+7OPcTpC8iqVOgtJMauYEG6GugoFJAjgbJERYqNXWMYlWWH+xDqLcG17nxBjTmPDSVrEr9EXMlkqpyKLXFFfJI5V2yiq7GRLUlYN4oVFdD1lMJ3LdO9hE6DwMwY71OHVhUSfgTqJLuzIqNqPVehpRX54J8hrrQvCOFzks0yk5CLsX3Grr02AmZNw+YMiZgGEovujK4wwSyilhrTtaRwolgonE+HA2n7htUZViPlgj8tb0RLZI0MvcLpH7EuLBZbG7UEubjkTkbQ9I0khQQiIMqsbHVyToqCbM3O2DCD19iVFvg9OEfBeObaTZXdpDQnQdk3S0a7NxU45Q9NNs4qfBKdnuLpblk4W5OqB4JypBUK+k6jYVMvzCVW6hf2TIfh3Ekjk3RW5jSSCg8tN9jDiq4o6qgtzJ7cIeiEQkMh4Eym+6Fxl6YLDm2PxZY7hmBwsUGkXSCkuYGplG6GRB8jJQ0yEE0RpiQZcXUkNkDbliSPZGdR8V1gtV5mRP6IXE3ybCV2hbkDiUNuo4bG2ObGnwJQMhKbFx08CdgPlPuOl0JUi3GCTYh14/Jch2McjoVEsWJE3sQSbMLOn243SSbbIRJotWxtLlKpQQkkVmFkbSSzJbC/II2H03EOF2/x/EluVw3m75FmczyT5FE6oUzATunKZ3Qi4K6Rx2ISuiYSGxRVFscnbSRI1uKzI3CVOfZEVjI9zZ7SLBHpoNIxx0HpO4vXaCXS6tLfOC/B8Iun6RcqUUH7DV7ibttS3LUOoS/Ayq5EtgxfgSqpkZWS8MTce4fHcEQoWacF26EgnVEOGJpRHUVFUQidCdkNhMbdh3Jo3KZIOHYfY3keJJBDb7VIBD0hiD5zOiCFwFUozy7YG6jbUmzV+vAqGr3JM29SrGfoSW4u+OUQXo0RhWImih+Yhl80CaQRJkxd3sZBqeBtVIIFLlHUVegx5YwlVc5O38V9DZaB2qc2FqlOZ7jt67bkRcIvFOw+ICrQsZ/ArLUS3FFYQuBbHn8CtlrwN6vchNPaTf8AARESOl20Sq30V1pBLkppIgyYEp2EjCFi7AzEhaJjKI5wfgHDKW+csanL5KTsSiVTXeH4DBOiln8EKyml7Swvy8n+gIKn3tnohok3UvSj2ISWalu5/KxQcIswrKN9GJcGRdf6Roh7Nm10VHdQzo3rGggTicio2IoX0jrhbcsoWSOcz3GyXBDukywhPvYTulb/AMklVnQ4FXQCB74aCp0GBfci/pdBJjBEHgoprpoSSMgV/wBAlqGw7jpmRxdJIq35Oc4XogSI9aJUEU0SmBtanB0FdLcsuIrP5JUh2ES3khLPZyUGkfhJfbCq1qb7bosElSxDcFSfsJEMkqQxrwKVU6ZEbBCyF3s1sGyv9l+yvj05JDSIew3R4E1SZbdh3Rbk5E8iCKg7yNpOuPo+4qwS/dX/AGo2hcBmXAuPQWD+ZPBcQtUGh3XQuKPW1cV3gekrcCUJSt7Iu95fogdXoPdiyxzUR1dc6KVYS+k6R6516rKShNnBCk9qUG+v7iqk5gXuHcItuWr6J9EU+3cVLch6FiB8Dkk5DZDLPSIiisZmcrIK6mmbJzMdjjsyEVp6q3IzcZGwmlUk3EZGaSrWpLiuy/0bcBhckIk77kC1tekuBd2F1EfIxGG+hcnUcDUbXMt+Gt5FtdFC+58lVHQ/56zRmLs0N/cbTuEabDqdEJIXuXreCrLxQVHQ/wCiarshHNPFikRBHDIuVF/NJToHl5MBOBN4dxbGOq3YnUrQcgAiCGmVLku5ZzJDxQh6cQ2konoIaKmUNghBCFnkepLgCGf2DqZLRVLuJCdh8BXh3JVVjB1jI0KqPYcmsSuBFhwTGUMXnWo28wzyJy/1Cf0BJXxgcMP9iH6LgjYQ2PoWlPZ0J5/knXgsBmIudSYnwUooNg3Ai4/cu/ch1Qg8CHYU9VCSX6J1mpwJVCbl3klRuoqVSbyCnJRPyQTLYlS8HZISJRLTO4vgiGI0uiokSdUdCliRhIRTIb4e6nhoQYmbMVpY0SGUfsp+FHVTnsNJXzoQTnCngaqtdh+zwRF/q4oj4IHtoxr0+WPss/VIuzvX+eQ2sIVC9gNqL8m410JZ+Xo8xCRgz6qfwJEqxkc+RJxMj1SBxouqnuMpSrEulJCrRKgagVRPSNS+qIyV0sxX0fN8SGZm3PAiRKbIbgyESQy8CXmV75FJVZ7GNOsQDVuPy/L3Kv4V20i5KehAngqMe2jRlB8C31/vAn6w/ui9j2YdfA/4kIEriWH0OfRGibDSgc6R6IWl3p3EnJ6RqYu7ssPwFagsE0ZSUJcFTcTEGYKLlEHjKCnD0SoINkA8JjQ3pM9SHDKXIFkJtOJCxsQlcJNssareRPQnWVFiOsxqBKQt2HxX+BNoqjZTIm17TO38oar9F1HdDqhMbGj2GtHotGj5FUTyqqMrrR7WP17iKbCdiIle48PyRuXgRs9xtMCROlNJWtfWtI3grRIjaWiy2pZM2odB3BNXnqTIdSiZZlSQko5H3cvyQ2tJSZDKyiIeURKV1GiOg3pSiaGQ6XGRVp1Iqr7C3QKFFbElKba/BZuKXkrZTfbue0HPEjsndJiTg9VhlN+CTPdzYXxQX2+dGxoY1jRjWi0fAss1sH73j2Z+Jx72Essk4c6syi3sNXbwO8Sf4DYQmVEQ/A+cEbQyCepKGn10rpX+BIayL0ehUl5YueoQ94HZgcqUSpUoaFiVBThJ9lUK0WKiGTO7SVaTIRKqZWkBgVgGi0VR0bHFyKJkxOPipFSkq4SHJLRL3KKS7tQndGU5ibFdRGwQ/Q0Zh+1HsXri6mx0MsGiTALDExq0MWtbpDguJ0fzce7yafZi5fQSj9tHD7MPs61GjnkwxbFGmImCpSURgliO0hiSvBFFq99ZEILaTZBO4h9R2JTgo9mkONypElDcoRX291CHwZKkPWG0TOYFnSqE3igNmspwNDh7kLXVT2KETU3eipZuudCKlI8NnDqfhPPglHsooz+4NetLOBBKfILsourgLrxuqr20TuhO1NB7C0a0WiSkvTgTsKx3FwRpzrJQkoykEy4ItweFcbSR01QjY3aOp36izpYEEm42sypPSgyJmST5KsfX50T0aQyKySLYMh0LqqodI+aJh7Dv72hLERuIkiRCT3IholSJC45VNs0JhncL2I5lqMTy/Z/A1rkLI8uKjPeCo3XucCasb3E9Db0GhjIwcEfyImiMCkrjVLsirpo5ORCWjEvxBOTkYlsPagstsSjmNIJRZ/aFSEmWxKrkQ/JIRJUqTrIqXHJA8tFlxuSN4h2GRRoWE3YoWCC3Q0zYSWE5gMbuetisKO1FPc7AQp/I9zlGCHyN/wAjRbZmf4LZ0AVaE2Lv5ikT0Y9o0LYWxsF/JAru+imipKohz6Fug2wmcsYnP7Y80EiasShUlIgRg7y9pI7y+DOkCBiqWExByHBGMVG4Aiv7HkB+spWUmKez9C7Robdj9hCIF6z2JWS7eUTkS9jJT+O41LU3tIx7aT/LfEXmKfsn9mP7aKDV8EaMj1L+CSCaCy7KrY1kOSOXogRyNkWGNDYXc2JdH+y5bhGYJIXTQqJIJyGr0gg2PqUFQ7wk0EExtkpb7IXyApff8CC931DsIXUJHiAvxvM8yZHBf4CIcKkrwyTGlh/JQoQijuRECaklssFE1fPQ5Tw5/Zc+XwUVeBQaErlVEOKExio5KWf0iqUfJ1LNWhfzNWZacoLP/lSxXQ8H3Qbwu8iDeZ0KcM2RN0LHyTkctKaEyTBBWdyq3Oif2aeoTmu/pZq7I+xDMv7FEXYn6ckMoiuIcEGyr6HKyJmxO5UOMH+H8GwVREDJndEKVjA5GyhrjoLptx0/RVMgz3FU8C2THkr+65I3OU+scnOk/wDw1cPYSEhiCyNUyMUb9hfcDwSKiyRe5DK6TMc7fdxP2lFS4ltUXWSuDhr2MdxEf8Cw7Io0VaEz0Lk0KxHuMqmsCki6HwY9RmMLOKU9ht9GV8MWwq+tfZ30v1G0ocSGmwVSoePxwPPvgSWG2G2ntkrhS2SGNbQkx2HCFc+2j1nTkHxA8pN6f+CP5+NJuzKgT/BnJ1DisiTuFkTZj0NlFSJ7r4JghlEKC1VkF3Yx8M4+YMGjdlFrEWZcJW00OJk8VEn2mWXcX1Xc5SflipiuCjwQDpsI/YNxpkVW8lTl5GVWZJqNi2kyQTx8EkWq4ZaUw52ZZ+VsTECVhMoKopCePBfXA2O1TyyX7zHovU7GOciwP+N+iP5kcC2ZKoyt/cazJuTuugr5FSxWn0HhBv8ADcS0T4ZFXuSiGQddUR05PjpcUlLDTpCYZPgnyS1K7PY6MG50ES9hA02c83Uqu7GWPnyOgVYHdJGyupjLoh6mkLkUsP8ABKcaoQwzcYHN8O3IWrM35688iy8kQNUDYTsUEsPCiS+g6CoaFjIetJGj1betEnQdxaQT/NM4HeMxInSVKuOYQWB1GxjDuQpJUXCTH2oXI2bJbu3VsgUZkmnAnK6XQMlVjd2K1ywhqir0PiBJGh5/sUIp3fvQ+0/WtRJVd/UWiRXflL8jORJVWVokoJoPiZCilbL8CVNV3TUCSaOCLOomudCgKmqw0JeT7LZ9QYhLcdQ3T+Cf4//aAAgBAgMDPxDqx/79E/RT9a/8NgakbKBctusf4NsJ0j5JG9zQRhBtqO9WLgX1cmJqRsohcuaBbfAfYe/5C5bYoTCSELrYmHHYLt8i7zM3t1LDcCdzEglRVlKt0bwc3sKyG2hvCLz0tmFyxAxjtqzI/Q4wnxHkZDF0Ph0IaORPknDFsTlgiyVg8dC/gd7qpsncmWesbBDW2r4UkcJOB6NDQhBLcSELMk5ettC9xOnl9yCTjqwJhY2BGS7DhrT8KJ46Q6ShpxqbxyEllRY3ptvcTefBx7zsP+R/wP8AgdwXAftk1iiGiX+QfwX+dFvqYIriHOhQSRvRiCdNxQohPdQPl9SE/vCwc0gkeXPzOUMYvYVs0bpOdMCEISTpby7J8i/sLR7x7isfoxv2rPSfd6Fh6Bnk/wABDa4pb6lqPVbTNJqr0sYY3bypBKlHI2LEUmi6Hc7XkSyr1RFRwrW6ELW5UkkQIQ3IrAiKN1gkjROhl/psKpSXVljc7O3ilbrzSJY4uTAe4/aGWBmsEaJpcgsXHWFI3SMZMryJTVO0Cit0J0MZsJXJetUoeHQJLUUkX1yW0QVD2G3F5ksatR2UEruKlC0N9F4Oxtmg8iXBAuXpCIGyJ1tUikshImqgmiJYeKYRFgt1rDQ/QBuIRlpH3Q2jE0kkglEIZBlZCX8NyMntk+JkKu5bqRlmK4wWGE277l3S5csQZkVmJIEjAUVlkIkwoyCNoFSgiZgJ7SZ+T5i3Szoi0G7HYYuhJCxml6WpvpupkSkckOkMTQiUoZYSNIew2uTFBlPag+f7kKh361kY7mJwG3bohcl0TUsuJIreQ6TrmjHBMSwxZMwWBear+RZeCEQPItT+k7CMgnuHIOW43odexkjRcXrGpuqUSY6DqQyewSW+CX7iw3Hc2hNiVK53oeViNUlyNTAlpmk0eZgEsjA2JZE8UjYkvgvSEXBYT0HH5HNrcUUHFjmeQvDwQPga1WFhDXDp21wQRlwPsb8l5vgN7t5KKQTokdRwoIT2J2FR2DcD7BqpzZyEkNo9T/j99JJy+C5/FWFuzH5w/Z6hcBSOwXFLlq4oQIi4wYlpa3G3nWF2HkPxTj3IL6myBtlbwQeF4qhSi17hYT9jIexL0K0rCeGjihBGvOm1G+xFFuwuaJ1yWpKWyEt3Gk7RIl5uRKcF/K0kENubiyuKsUnAyck1I7ipySRdnEfThjpmEJaYZ5AUvl+SHvWNK7SkZJonoQ9E0TL3GxupLwEpUtX3ifa9UJbV2fqXa4rcWbqkPgPUkYx0buOkCdeaBPC6vqolC2lSLi5C+FHsPZi/lUQW8kEhF4uBnanFL4ESJRcDUaPQnCJT6yX3JIZcYBIWXclskVjJH7Ewc4rRMQ49iSC3a/5AlVkh+S1xHiQsJ+o28nanfoSMROixd0ZIpBHkRb0iRKKTEFE2QwMOks87LCGxsLLX/PsIyBY9yX7MmU+Bo3ACbdws2o+SNkaRyLQtbptS1yW65uBiZ5IzQ15lG08JERkcoN/Qm9RA5Us8+we2llhn6sVDQ4RMrN+4sivGcMVcGQd9CYT0PUkTgdFSE5JPRPSl1wMpke5LiO5fTkX4Ke7LQFuffm7tz1kL57CVVvKk8DxR3e1KMuYhCncu4bcpG2B+LOSGPkmkiaQiarVNHoSdySSKLROqHEMWrZrbKfyMmn/psEXAfZca0oUikrtx27mIOU6u2lDcvBn/ABoq8Hx7NLOSMF46ckaEvaHcbu83czT5/vSBIW/3IdHTDICZwNbEanRDd6Z27knVRROdxrWyEqkOkvTa6N6xC1ExD2GttMDGi0urBNciGSqe591ceS5IN9iNqZZKuY0epUY1ovnQ6yR0bEMgRJPbq3Rv8KwkcXRmxcggiAnQxnfSnR+SZnIjIkQTtSKx0VoPkwrQXO90Wu47RieiH0H9TDJFy0Scbi9xRkXKEzJtEQpCJMumyPpYZAs8FDa17stv7w2B2X92XPKMm92Zd8Pcc+GRXNSejP0lqPh7+C9SB5zh8Bsl+7Jwm/BikQUwba+BabCVznQiIdLaJ6DJrJHUsSXjciIhBW7xJPI4EbyG39CMrhlZfBkdlGh0uqUS/S//2gAIAQMTAz8Q6qyGvkjt4E/94/8AyyWWjcEwpHxb/DJlo3hbIbCik5YhaEcMf1cCZQTcWwfFhxyxNyNhnIfXgTYLvJxZ3nMfCCe/TuZH7DZYbGOtnq4PcZTMJiWek3J8DYsNnWa3UCeMd0JlD6POuVRkD1yO+JohZtB56GC7OyuNC1J0gdzS7EQl9AllOV0MeR8j5F5aE9xuhN4miXiCMLWkvngdmPoOR8vK3KZyWWytN5Ek1hrQqqkMnUl78D3Ua8UwMcYOR3nD5ocPk5tGyRn9mmBvNCfPkXF/R40XlnolWwyCaJeSSNNmOXOaXuKLC46edDWc9hrNqwJWPgcMTTOzh1vMkUeBHTI6o1YrP2Lnyb+ykE9XIvUffoNCcC/klTS8vRcaLEaLaIq2SbyeRkSQsaOBnYfA6Ma6E3y4GuzrdZmuvrkl6bUU3pBsklLwtPbQtC7BcjQ9OB6jvyIGoyXIjPXzQv0J13pLjYUiEoOBgsNXkwwydEaSxAntSXEiW4lsRkTt+w2J0TLK9BfoRpRvYmqLiMZHeLwXpdDhTSNEIhikVZOjk4Q8qTTmOSUETdWdCVUJdCSdiF3TIIRd0sXdJDyEttNyRaZkh0gvVQ5RsZeSZC4qKjrOpMMtI31S5ElEQNieELtJrBBIkSpJdSFMWdzg9ws8kt4IfVyqEcwTpqPBgik0lkFogxgx5G0lWEXpshgO6c+B0obExkeQRA+Iv0sCOAd4SJkbkvSxYuWDtoTFQyQTuLAmkohjSk5uZLU0m5CC4+Ijye4j4iLg3Erltth8zYXIuRci5O5I2dgyXZgQ9nAjzJ3CW27Dh21LCy1TrhBmKI9x+KO5bxLkN5In4Um4zuOkmYENnAth3gew3lnASrcnRcsujLEydxjAkEKiSaEDl5Ij2LiT2yPyNsIJcFq95Fg9DI0rSYlUdJGqxRnlkBJOSROGNZJO5AuSaSyI9hSN6iUqU7D0t7ltj1N15MXIhc6Jo5u6quC3TPC4m5GSHkS2a8HJJO5BNZaqOTEGPkgZ3HcJucznoj41Obff2Fh8/oldHkse6PdnvY7s3C8FxtdgyGeWPggdw+aWJdd2xIxuwkFsN6U9hcI4UciNyHSKcp7I4t4OfYn+sW1SSXBOvJ5O4x0ugbQWub3ciSVuQ0TKi5GxzYwEk68aMkN0S7knA3+ztJu1RSLl7wRdrSPARYZEeHbxpNay4kthvA3p5ERg5qfkfA6wSzJnY7C6ECNLB5rKpKMIbl3JSfNUj1PkTok5Io140PyKlq8klawlSWmCNVwidXCm5Lr1R8k9qWGFSRsQX4IoqcCxWRrvXgmQnTHQ9AhukUgkfOhqEtv9rokuSx4CzUiXI+S/NEOMj8kCZOGPkaonW62LdWWL1nEsYNz9SJuCsiy9btlkRyhLpahteBbUHFqUsXCd1yLiDig4o8ad4HKwwy9hkPI8tegiw0N7jnmjuSztTg7nYgQ9N+qks/BYeYS5km0nfg3EWCUZ8x2FNKSsTbRO4Q2WzYQgvL8gk2SSGyxJa07cEj5MExPILcoiU5MfIieQ55SmxvmwgYfFF7HYLgvwdx8HOjtqbZCdaGRHSGpPYePsjz49iibyLu62I0EnfeG1nYjS7mrcuduwiEJcJQSEIrhWbfcc3yv3L/JE+BOGix2LUQ1i41oQ6dqQNnIqOktEJUWudMBy2ztlH7gS3WZChPRcL1FINUjtK5uNlsYECSXAk43JqFZM3ZkTbLFz1sXHl5pwPBo3nJYW5h9FFwRSVXgKjWhOjVFWBt6npnRZOjfylfEeolNorb1O13ApT4I7MaubkiO9xBcWlGpMnDg/5DMH9ppVJNyOlGiX7Fj3MSI07YHh/BOjJIaOUJ761R1wQdSKwOxF8sikpaDdelq70mrQ0MXgT30yIRIgnryikFiz2VYU8EQ0xNQTQoIJkcipIh+aNb0XgXOi2OhPRlySxDJIrLHfsHelqSSoZGrsKjo0dhEURSdc64LESp8VZIhNhvaHIargla+ULn3+hnVakohlj7NDXgQus+BsidEnYir0RRPtTt1J1WpJDPaGQxir/wAzP7jEIvRYVuxKXfREVI6T+jhui5b03JiONvIqEL0N1jJGhln5HTB6jaNtEE6IpAunBPVXZeRt3J2JNhzs22cYOwJlz6mBjJFIJLECRC0xp//Z', '00000000-0000-0000-0000-000000000001', 0, 7, '2026-04-25 14:17:33', '2026-04-25 14:25:05', '2026-04-25 14:25:05');
INSERT IGNORE INTO `posts` (`id`, `title`, `content`, `image_url`, `author_id`, `is_pinned`, `view_count`, `created_at`, `updated_at`, `deleted_at`) VALUES
('fe8f8709-4412-4669-8fcf-c8b8760c16dd', 'สนามเปิดละเด้อ', 'มาแม้', 'https://i0.wp.com/2g.pantip.com/cafe/blueplanet/topic/E8711570/E8711570-11.jpg', '00000000-0000-0000-0000-000000000001', 0, 54, '2026-04-24 08:57:31', '2026-05-13 16:24:47', NULL);

-- --------------------------------------------------------

--
-- Table structure for table `post_likes`
--

CREATE TABLE IF NOT EXISTS `post_likes` (
  `post_id` varchar(36) NOT NULL,
  `user_id` varchar(36) NOT NULL,
  `created_at` datetime NOT NULL DEFAULT CURRENT_TIMESTAMP
) ENGINE=InnoDB DEFAULT CHARSET=utf8mb4 COLLATE=utf8mb4_0900_ai_ci;

--
-- Dumping data for table `post_likes`
--

INSERT IGNORE INTO `post_likes` (`post_id`, `user_id`, `created_at`) VALUES
('8b49da9a-1c70-450d-bce2-bd6d9c69260e', '02dc9a27-937d-4939-beae-cddec32ab76c', '2026-04-25 14:45:10'),
('8b49da9a-1c70-450d-bce2-bd6d9c69260e', 'cd28ab23-7c58-4691-ba1f-96c42104775e', '2026-04-26 15:36:22'),
('fe8f8709-4412-4669-8fcf-c8b8760c16dd', '02dc9a27-937d-4939-beae-cddec32ab76c', '2026-04-25 06:25:30'),
('fe8f8709-4412-4669-8fcf-c8b8760c16dd', 'cd28ab23-7c58-4691-ba1f-96c42104775e', '2026-04-24 12:03:14'),
('fe8f8709-4412-4669-8fcf-c8b8760c16dd', 'e3f1e673-571a-4405-aba7-c75cdfc32730', '2026-04-26 10:53:34'),
('fe8f8709-4412-4669-8fcf-c8b8760c16dd', 'ec29b631-8f87-48f3-8d5f-bdf6691f550c', '2026-04-26 15:48:55');

-- --------------------------------------------------------

--
-- Table structure for table `post_saves`
--

CREATE TABLE IF NOT EXISTS `post_saves` (
  `user_id` varchar(36) NOT NULL,
  `post_id` varchar(36) NOT NULL,
  `created_at` datetime DEFAULT CURRENT_TIMESTAMP
) ENGINE=InnoDB DEFAULT CHARSET=utf8mb4 COLLATE=utf8mb4_0900_ai_ci;

--
-- Dumping data for table `post_saves`
--

INSERT IGNORE INTO `post_saves` (`user_id`, `post_id`, `created_at`) VALUES
('02dc9a27-937d-4939-beae-cddec32ab76c', 'fe8f8709-4412-4669-8fcf-c8b8760c16dd', '2026-04-25 06:25:17');

-- --------------------------------------------------------

--
-- Table structure for table `system_settings`
--

CREATE TABLE IF NOT EXISTS `system_settings` (
  `key` varchar(100) NOT NULL,
  `value` text NOT NULL,
  `description` varchar(500) DEFAULT NULL,
  `updated_at` datetime NOT NULL DEFAULT CURRENT_TIMESTAMP ON UPDATE CURRENT_TIMESTAMP
) ENGINE=InnoDB DEFAULT CHARSET=utf8mb4 COLLATE=utf8mb4_0900_ai_ci;

--
-- Dumping data for table `system_settings`
--

INSERT IGNORE INTO `system_settings` (`key`, `value`, `description`, `updated_at`) VALUES
('booking_slot_duration', '60', 'à¸‚à¸™à¸²à¸” time slot (à¸™à¸²à¸—à¸µ)', '2026-04-23 09:09:37'),
('cancel_before_hours', '2', 'à¸¢à¸à¹€à¸¥à¸´à¸à¸à¸²à¸£à¸ˆà¸­à¸‡à¹„à¸”à¹‰à¸à¹ˆà¸­à¸™à¸à¸µà¹ˆà¸Šà¸±à¹ˆà¸§à¹‚à¸¡à¸‡', '2026-04-23 09:09:37'),
('club_location', 'à¸ªà¸™à¸²à¸¡à¹€à¸›à¸•à¸­à¸‡à¸«à¸¥à¸±à¸ à¸¡à¸«à¸²à¸§à¸´à¸—à¸¢à¸²à¸¥à¸±à¸¢', 'à¸—à¸µà¹ˆà¸•à¸±à¹‰à¸‡à¸Šà¸¡à¸£à¸¡', '2026-04-23 09:09:37'),
('club_name', 'à¸Šà¸¡à¸£à¸¡à¹€à¸›à¸•à¸­à¸‡à¸¡à¸«à¸²à¸§à¸´à¸—à¸¢à¸²à¸¥à¸±à¸¢', 'à¸Šà¸·à¹ˆà¸­à¸Šà¸¡à¸£à¸¡', '2026-04-23 09:09:37'),
('max_booking_days_ahead', '30', 'à¸ˆà¸­à¸‡à¸¥à¹ˆà¸§à¸‡à¸«à¸™à¹‰à¸²à¹„à¸”à¹‰à¸ªà¸¹à¸‡à¸ªà¸¸à¸”à¸à¸µà¹ˆà¸§à¸±à¸™', '2026-04-23 09:09:37');

-- --------------------------------------------------------

--
-- Table structure for table `users`
--

CREATE TABLE IF NOT EXISTS `users` (
  `id` varchar(36) NOT NULL,
  `username` varchar(100) NOT NULL,
  `email` varchar(255) NOT NULL,
  `password_hash` varchar(255) NOT NULL,
  `first_name` varchar(255) NOT NULL,
  `last_name` varchar(255) NOT NULL,
  `avatar_url` text,
  `signature_url` varchar(255) DEFAULT NULL,
  `student_id` varchar(50) DEFAULT NULL,
  `phone` varchar(20) DEFAULT NULL,
  `role` enum('user','admin') NOT NULL DEFAULT 'user',
  `user_type` enum('นักศึกษา','บุคลากร','บุคคลภายนอก') NOT NULL DEFAULT 'นักศึกษา',
  `status` enum('active','pending','suspended') NOT NULL DEFAULT 'pending',
  `created_at` datetime NOT NULL DEFAULT CURRENT_TIMESTAMP,
  `updated_at` datetime NOT NULL DEFAULT CURRENT_TIMESTAMP ON UPDATE CURRENT_TIMESTAMP,
  `deleted_at` datetime DEFAULT NULL,
  `signature_role` enum('none','approver','advisor1','advisor2','president') DEFAULT 'none',
  `reset_password_token` varchar(255) DEFAULT NULL,
  `reset_password_expires` datetime DEFAULT NULL
) ENGINE=InnoDB DEFAULT CHARSET=utf8mb4 COLLATE=utf8mb4_0900_ai_ci;

--
-- Dumping data for table `users`
--

INSERT IGNORE INTO `users` (`id`, `username`, `email`, `password_hash`, `first_name`, `last_name`, `avatar_url`, `signature_url`, `student_id`, `phone`, `role`, `user_type`, `status`, `created_at`, `updated_at`, `deleted_at`, `signature_role`, `reset_password_token`, `reset_password_expires`) VALUES
('00000000-0000-0000-0000-000000000001', 'adminpt', 'admin@petanque.club', '$2a$12$3R/Ly9.4pFT4Qq75WB0UwOChvNar.FcJ7ItQfLgBfDepFaOgcB7km', 'System', 'Admin', '/uploads/avatars/avatar-1777102494199-595921296.jpg', '/uploads/signatures/sig-1777122814748-175311960.png', NULL, '08123456789', 'admin', 'นักศึกษา', 'active', '2026-04-23 15:24:14', '2026-05-13 11:43:48', NULL, 'president', NULL, NULL),
('02dc9a27-937d-4939-beae-cddec32ab76c', 'fkhalifa', 'filxxmspch@gmail.com', '$2a$12$HsAWsxPJWFwTxcTG3ewNaOonQBmCMJZbqyzPJkqT8lBoSzi3cqv22', 'F', 'Khalifa', '/uploads/avatars/avatar-1777023440719-408902090.jpg', '/uploads/signatures/sig-1777282276441-795004096.png', '6511454000', '0920402852', 'user', 'นักศึกษา', 'active', '2026-04-24 08:25:01', '2026-04-27 09:31:18', NULL, 'none', NULL, NULL),
('323cb8c6-c0d5-4372-8a34-a83a0237bd5e', 'Tharatchapoom1510', 'tharatchapoom.ru.67@ubu.ac.th', '$2a$12$Yy9nHr2T1fohcGjabZ34K.Ln4hCU2TWBS/uhAB3ETJFkoYDzuKQb2', 'ถรัชภูมิ', 'รวมธรรม', NULL, NULL, '67146340058', '0621495633', 'user', 'นักศึกษา', 'active', '2026-04-24 12:03:06', '2026-04-24 12:03:06', NULL, 'none', NULL, NULL),
('c280a6aa-fab0-4f06-a3d2-3498c77b2cb7', 'Tankhun', 'tan@gmail.com', '$2a$12$jkBv.06GZIThAD3uvZru8O4getMLELzhSLKz4oEnvdLxVIDha5/IS', 'แทนคุณ', 'ค้าบบบ', NULL, NULL, '6511454009', '0929598372', 'user', 'นักศึกษา', 'active', '2026-06-03 08:15:53', '2026-06-03 08:15:53', NULL, 'none', NULL, NULL),
('cd28ab23-7c58-4691-ba1f-96c42104775e', 'khalen0805', 'thiraphat.ng.66@ubu.ac.th', '$2a$12$Olv6SzMESJ67AT.55MNkl.xkr1iNMTA3mXb9mdxqqYr2vd23JqyE2', 'ธีระภัทร', 'งามเเสง', '/uploads/avatars/avatar-1777217903566-645135704.jpeg', NULL, '66210041466', '0653345993', 'admin', 'นักศึกษา', 'active', '2026-04-24 12:02:50', '2026-04-26 15:43:47', NULL, 'none', NULL, NULL),
('e3f1e673-571a-4405-aba7-c75cdfc32730', 'Santipab Wongjom', 'santipab.wo.65@ubu.ac.th', '$2a$12$jLZIvbvEG/Zdbn3lIBOcS.XQrWa3f/dcuZHRFHvmEP3EDDY.4k2HW', 'สันติภาพ', 'วงศ์จอม', '/uploads/avatars/avatar-1777215977380-159710888.jpeg', '/uploads/signatures/sig-1777217890480-908258945.png', '65210043443', '0610483132', 'admin', 'นักศึกษา', 'active', '2026-04-24 11:21:37', '2026-04-26 15:38:13', NULL, 'none', NULL, NULL),
('ec29b631-8f87-48f3-8d5f-bdf6691f550c', 'Santipab Wongjom 2', 'somkua212@gmail.com', '$2a$12$mOR0GW0yBO9yxSBxkdziT.W/kh5mYSZ0IxlrwBzRnN0EzFLAw2oTm', 'สันติภาพ', 'วงศ์จอม', '/uploads/avatars/avatar-1777215977380-159710888.jpeg', '/uploads/signatures/sig-1777217890480-908258945.png', '65210043443', '0610483132', 'user', 'นักศึกษา', 'active', '2026-04-26 15:48:12', '2026-05-13 15:30:34', NULL, 'approver', NULL, NULL);

--
-- Indexes for dumped tables
--

--
-- Indexes for table `audit_logs`
--
ALTER TABLE `audit_logs`
  ADD PRIMARY KEY (`id`),
  ADD KEY `idx_audit_user` (`user_id`),
  ADD KEY `idx_audit_entity` (`entity_type`,`entity_id`),
  ADD KEY `idx_audit_action` (`action`),
  ADD KEY `idx_audit_created` (`created_at`);

--
-- Indexes for table `balls`
--
ALTER TABLE `balls`
  ADD PRIMARY KEY (`id`),
  ADD UNIQUE KEY `code` (`code`),
  ADD KEY `idx_balls_status` (`status`),
  ADD KEY `idx_balls_code` (`code`);

--
-- Indexes for table `ball_loans`
--
ALTER TABLE `ball_loans`
  ADD PRIMARY KEY (`id`),
  ADD KEY `approved_by` (`approved_by`),
  ADD KEY `idx_loans_user` (`user_id`),
  ADD KEY `idx_loans_ball` (`ball_id`),
  ADD KEY `idx_loans_status` (`status`),
  ADD KEY `fk_return_approved_by` (`return_approved_by`);

--
-- Indexes for table `bookings`
--
ALTER TABLE `bookings`
  ADD PRIMARY KEY (`id`),
  ADD KEY `approved_by` (`approved_by`),
  ADD KEY `idx_bookings_field_time` (`field_id`,`start_time`,`end_time`),
  ADD KEY `idx_bookings_user` (`user_id`),
  ADD KEY `idx_bookings_status` (`status`),
  ADD KEY `idx_bookings_start` (`start_time`);

--
-- Indexes for table `comments`
--
ALTER TABLE `comments`
  ADD PRIMARY KEY (`id`),
  ADD KEY `user_id` (`user_id`),
  ADD KEY `idx_comments_post` (`post_id`),
  ADD KEY `fk_comment_parent` (`parent_id`);

--
-- Indexes for table `committee_members`
--
ALTER TABLE `committee_members`
  ADD PRIMARY KEY (`id`);

--
-- Indexes for table `documents`
--
ALTER TABLE `documents`
  ADD PRIMARY KEY (`id`),
  ADD KEY `user_id` (`user_id`);

--
-- Indexes for table `document_templates`
--
ALTER TABLE `document_templates`
  ADD PRIMARY KEY (`id`);

--
-- Indexes for table `fields`
--
ALTER TABLE `fields`
  ADD PRIMARY KEY (`id`),
  ADD KEY `idx_fields_status` (`status`);

--
-- Indexes for table `generated_documents`
--
ALTER TABLE `generated_documents`
  ADD PRIMARY KEY (`id`),
  ADD KEY `template_id` (`template_id`);

--
-- Indexes for table `notifications`
--
ALTER TABLE `notifications`
  ADD PRIMARY KEY (`id`),
  ADD KEY `idx_notif_user_read` (`user_id`,`is_read`),
  ADD KEY `idx_notif_created` (`created_at`);

--
-- Indexes for table `posts`
--
ALTER TABLE `posts`
  ADD PRIMARY KEY (`id`),
  ADD KEY `idx_posts_author` (`author_id`),
  ADD KEY `idx_posts_created` (`created_at`),
  ADD KEY `idx_posts_deleted` (`deleted_at`);

--
-- Indexes for table `post_likes`
--
ALTER TABLE `post_likes`
  ADD PRIMARY KEY (`post_id`,`user_id`),
  ADD KEY `user_id` (`user_id`);

--
-- Indexes for table `post_saves`
--
ALTER TABLE `post_saves`
  ADD PRIMARY KEY (`user_id`,`post_id`),
  ADD KEY `post_id` (`post_id`);

--
-- Indexes for table `system_settings`
--
ALTER TABLE `system_settings`
  ADD PRIMARY KEY (`key`);

--
-- Indexes for table `users`
--
ALTER TABLE `users`
  ADD PRIMARY KEY (`id`),
  ADD UNIQUE KEY `username` (`username`),
  ADD UNIQUE KEY `email` (`email`),
  ADD KEY `idx_users_username` (`username`),
  ADD KEY `idx_users_email` (`email`),
  ADD KEY `idx_users_role` (`role`),
  ADD KEY `idx_users_status` (`status`);

--
-- AUTO_INCREMENT for dumped tables
--

--
-- AUTO_INCREMENT for table `audit_logs`
--
ALTER TABLE `audit_logs`
  MODIFY `id` bigint UNSIGNED NOT NULL AUTO_INCREMENT, AUTO_INCREMENT=286;

--
-- Constraints for dumped tables
--

--
-- Constraints for table `audit_logs`
--
ALTER TABLE `audit_logs`
  ADD CONSTRAINT `audit_logs_ibfk_1` FOREIGN KEY (`user_id`) REFERENCES `users` (`id`) ON DELETE SET NULL;

--
-- Constraints for table `ball_loans`
--
ALTER TABLE `ball_loans`
  ADD CONSTRAINT `ball_loans_ibfk_1` FOREIGN KEY (`user_id`) REFERENCES `users` (`id`) ON DELETE CASCADE,
  ADD CONSTRAINT `ball_loans_ibfk_2` FOREIGN KEY (`ball_id`) REFERENCES `balls` (`id`) ON DELETE CASCADE,
  ADD CONSTRAINT `ball_loans_ibfk_3` FOREIGN KEY (`approved_by`) REFERENCES `users` (`id`) ON DELETE SET NULL,
  ADD CONSTRAINT `fk_return_approved_by` FOREIGN KEY (`return_approved_by`) REFERENCES `users` (`id`);

--
-- Constraints for table `bookings`
--
ALTER TABLE `bookings`
  ADD CONSTRAINT `bookings_ibfk_1` FOREIGN KEY (`user_id`) REFERENCES `users` (`id`) ON DELETE CASCADE,
  ADD CONSTRAINT `bookings_ibfk_2` FOREIGN KEY (`field_id`) REFERENCES `fields` (`id`) ON DELETE CASCADE,
  ADD CONSTRAINT `bookings_ibfk_3` FOREIGN KEY (`approved_by`) REFERENCES `users` (`id`) ON DELETE SET NULL;

--
-- Constraints for table `comments`
--
ALTER TABLE `comments`
  ADD CONSTRAINT `comments_ibfk_1` FOREIGN KEY (`post_id`) REFERENCES `posts` (`id`) ON DELETE CASCADE,
  ADD CONSTRAINT `comments_ibfk_2` FOREIGN KEY (`user_id`) REFERENCES `users` (`id`) ON DELETE CASCADE,
  ADD CONSTRAINT `fk_comment_parent` FOREIGN KEY (`parent_id`) REFERENCES `comments` (`id`) ON DELETE CASCADE;

--
-- Constraints for table `documents`
--
ALTER TABLE `documents`
  ADD CONSTRAINT `documents_ibfk_1` FOREIGN KEY (`user_id`) REFERENCES `users` (`id`);

--
-- Constraints for table `generated_documents`
--
ALTER TABLE `generated_documents`
  ADD CONSTRAINT `generated_documents_ibfk_1` FOREIGN KEY (`template_id`) REFERENCES `document_templates` (`id`);

--
-- Constraints for table `notifications`
--
ALTER TABLE `notifications`
  ADD CONSTRAINT `notifications_ibfk_1` FOREIGN KEY (`user_id`) REFERENCES `users` (`id`) ON DELETE CASCADE;

--
-- Constraints for table `posts`
--
ALTER TABLE `posts`
  ADD CONSTRAINT `posts_ibfk_1` FOREIGN KEY (`author_id`) REFERENCES `users` (`id`) ON DELETE CASCADE;

--
-- Constraints for table `post_likes`
--
ALTER TABLE `post_likes`
  ADD CONSTRAINT `post_likes_ibfk_1` FOREIGN KEY (`post_id`) REFERENCES `posts` (`id`) ON DELETE CASCADE,
  ADD CONSTRAINT `post_likes_ibfk_2` FOREIGN KEY (`user_id`) REFERENCES `users` (`id`) ON DELETE CASCADE;

--
-- Constraints for table `post_saves`
--
ALTER TABLE `post_saves`
  ADD CONSTRAINT `post_saves_ibfk_1` FOREIGN KEY (`user_id`) REFERENCES `users` (`id`) ON DELETE CASCADE,
  ADD CONSTRAINT `post_saves_ibfk_2` FOREIGN KEY (`post_id`) REFERENCES `posts` (`id`) ON DELETE CASCADE;
COMMIT;

/*!40101 SET CHARACTER_SET_CLIENT=@OLD_CHARACTER_SET_CLIENT */;
/*!40101 SET CHARACTER_SET_RESULTS=@OLD_CHARACTER_SET_RESULTS */;
/*!40101 SET COLLATION_CONNECTION=@OLD_COLLATION_CONNECTION */;
